INSERT INTO Country VALUES('PT', 'Portugal');
INSERT INTO Country VALUES('UK', 'United Kingdom');
INSERT INTO Country VALUES('DE', 'Germany');
INSERT INTO Country VALUES('ES', 'Spain');
INSERT INTO Country VALUES('IT', 'Italy');
INSERT INTO Country VALUES('CZ', 'Czech Republic');
INSERT INTO Country VALUES('FR', 'France');
INSERT INTO Country VALUES('RO', 'Romania');
INSERT INTO Country VALUES('AT', 'Austria');
INSERT INTO Country VALUES('PL', 'Poland');
INSERT INTO Country VALUES('HU', 'Hungary');
INSERT INTO Country VALUES('SE', 'Sweden');
INSERT INTO Country VALUES('NL', 'Netherlands');
INSERT INTO Publisher(name) VALUES('Hachette Livre');
INSERT INTO Publisher(name) VALUES('Random House');
INSERT INTO Publisher(name) VALUES('Penguin Books');
INSERT INTO Publisher(name) VALUES('HarperCollins');
INSERT INTO Publisher(name) VALUES('Pan Macmillan');
INSERT INTO Publisher(name) VALUES('Pearson Education');
INSERT INTO Publisher(name) VALUES('Bloomsbury');
INSERT INTO Publisher(name) VALUES('Oxford University Press');
INSERT INTO Publisher(name) VALUES('Simon & Schuster');
INSERT INTO Publisher(name) VALUES('John Wiley & Sons');
INSERT INTO PaymentMethod(name) VALUES('credit card');
INSERT INTO PaymentMethod(name) VALUES('PayPal');
INSERT INTO PaymentMethod(name) VALUES('Mercado Pago');
INSERT INTO PaymentMethod(name) VALUES('Western Union');
INSERT INTO PaymentMethod(name) VALUES('Bank transfer');
INSERT INTO PaymentMethod(name) VALUES('Other');
INSERT INTO Genre(name) VALUES('Action and adventure');
INSERT INTO Genre(name) VALUES('Art');
INSERT INTO Genre(name) VALUES('Biography');
INSERT INTO Genre(name) VALUES('Children');
INSERT INTO Genre(name) VALUES('Cookbook');
INSERT INTO Genre(name) VALUES('Comic book');
INSERT INTO Genre(name) VALUES('Diary');
INSERT INTO Genre(name) VALUES('Dictionary');
INSERT INTO Genre(name) VALUES('Crime');
INSERT INTO Genre(name) VALUES('Encyclopedia');
INSERT INTO Genre(name) VALUES('Drama');
INSERT INTO Genre(name) VALUES('Health');
INSERT INTO Genre(name) VALUES('Fantasy');
INSERT INTO Genre(name) VALUES('History');
INSERT INTO Genre(name) VALUES('Graphic novel');
INSERT INTO Genre(name) VALUES('Journal');
INSERT INTO Genre(name) VALUES('Math');
INSERT INTO Genre(name) VALUES('Horror');
INSERT INTO Genre(name) VALUES('Mystery');
INSERT INTO Genre(name) VALUES('Prayer');
INSERT INTO Genre(name) VALUES('Poetry');
INSERT INTO Genre(name) VALUES('Science');
INSERT INTO Genre(name) VALUES('Romance');
INSERT INTO Genre(name) VALUES('Self help');
INSERT INTO Genre(name) VALUES('Satire');
INSERT INTO Genre(name) VALUES('Travel');
INSERT INTO Genre(name) VALUES('Science fiction');
INSERT INTO Genre(name) VALUES('Short story');
INSERT INTO Genre(name) VALUES('Suspense');
INSERT INTO Genre(name) VALUES('Thriller');
INSERT INTO Language VALUES('PT', 'Portuguese');
INSERT INTO Language VALUES('EN', 'English');
INSERT INTO Language VALUES('DE', 'German');
INSERT INTO Language VALUES('ES', 'Spanish');
INSERT INTO Language VALUES('IT', 'Italian');
INSERT INTO Language VALUES('CZ', 'Czech');
INSERT INTO Language VALUES('FR', 'French');
INSERT INTO Language VALUES('RO', 'Romanian');
INSERT INTO Language VALUES('PL', 'Polish');
INSERT INTO Language VALUES('HU', 'Hungarian');
INSERT INTO Language VALUES('SV', 'Swedish');
INSERT INTO Language VALUES('NL', 'Dutch');
INSERT INTO Locality VALUES(4334, 'Lisbon', 'PT');
INSERT INTO Locality VALUES(8571, 'Sintra', 'PT');
INSERT INTO Locality VALUES(8530, 'Porto', 'PT');
INSERT INTO Locality VALUES(9562, 'Cascais', 'PT');
INSERT INTO Locality VALUES(5442, 'Loures', 'PT');
INSERT INTO Locality VALUES(1336, 'Braga', 'PT');
INSERT INTO Locality VALUES(5262, 'Matosinhos', 'PT');
INSERT INTO Locality VALUES(2563, 'Amadora', 'PT');
INSERT INTO Locality VALUES(2208, 'Almada', 'PT');
INSERT INTO Locality VALUES(3786, 'Oeiras', 'PT');
INSERT INTO Locality VALUES(5064, 'Gondomar', 'PT');
INSERT INTO Locality VALUES(6906, 'Seixal', 'PT');
INSERT INTO Locality VALUES(9170, 'Guimarães', 'PT');
INSERT INTO Locality VALUES(4539, 'Odivelas', 'PT');
INSERT INTO Locality VALUES(3451, 'Coimbra', 'PT');
INSERT INTO Locality VALUES(4827, 'Maia', 'PT');
INSERT INTO Locality VALUES(2093, 'Leiria', 'PT');
INSERT INTO Locality VALUES(2411, 'Setúbal', 'PT');
INSERT INTO Locality VALUES(8706, 'Barcelos', 'PT');
INSERT INTO Locality VALUES(7651, 'Funchal', 'PT');
INSERT INTO Locality VALUES(4158, 'Ermesinde', 'PT');
INSERT INTO Locality VALUES(8757, 'Vila Real', 'PT');
INSERT INTO Locality VALUES(7137, 'London', 'UK');
INSERT INTO Locality VALUES(8207, 'Berlin', 'DE');
INSERT INTO Locality VALUES(1151, 'Madrid', 'ES');
INSERT INTO Locality VALUES(6839, 'Roma', 'IT');
INSERT INTO Locality VALUES(6442, 'Paris', 'FR');
INSERT INTO Locality VALUES(2378, 'Bucharest', 'RO');
INSERT INTO Locality VALUES(8990, 'Vienna', 'AT');
INSERT INTO Locality VALUES(7759, 'Hamburg', 'DE');
INSERT INTO Locality VALUES(2144, 'Warsaw', 'PL');
INSERT INTO Locality VALUES(1653, 'Budapest', 'HU');
INSERT INTO Locality VALUES(5799, 'Barcelona', 'ES');
INSERT INTO Locality VALUES(1389, 'Munich', 'DE');
INSERT INTO Locality VALUES(9766, 'Milan', 'IT');
INSERT INTO Locality VALUES(5580, 'Prague', 'CZ');
INSERT INTO Locality VALUES(8525, 'Cologne', 'DE');
INSERT INTO Locality VALUES(4327, 'Stockholm', 'SE');
INSERT INTO Locality VALUES(9705, 'Naples', 'IT');
INSERT INTO Locality VALUES(9130, 'Turin', 'IT');
INSERT INTO Locality VALUES(1062, 'Amsterdam', 'NL');
INSERT INTO Locality VALUES(6720, 'Marseille', 'FR');
INSERT INTO Locality VALUES(8422, 'Valencia', 'ES');
INSERT INTO Locality VALUES(1612, 'Cracow', 'PL');
INSERT INTO Locality VALUES(5029, 'Frankfurt', 'DE');
INSERT INTO Locality VALUES(8751, 'Seville', 'ES');
INSERT INTO Locality VALUES(1806, 'Łódź', 'PL');
INSERT INTO Locality VALUES(8488, 'Zaragoza', 'ES');
INSERT INTO Locality VALUES(6818, 'Palermo', 'IT');
INSERT INTO Locality VALUES(6023, 'Rotterdam', 'NL');
INSERT INTO Person(name, birth) VALUES('Donita Dombrowski', '1976-9-4');
INSERT INTO User(idPerson, contact, email, account, address, streetCode, localityCode) VALUES(1, 907195048, 'HelloGoodbye@gmail.com', 59500699108819, '76, Victoria Street, Seixal PT', 214, 6906);
INSERT INTO Person(name, birth) VALUES('Sirena Swoboda', '1964-7-6');
INSERT INTO User(idPerson, contact, email, account, address, streetCode, localityCode) VALUES(2, 900964291, 'FarRacer@gmail.com', 36215342400793, '832, Mill Road, Rotterdam NL', 915, 6023);
INSERT INTO Person(name, birth) VALUES('Kaye Krell', '1943-11-23');
INSERT INTO User(idPerson, contact, email, account, address, streetCode, localityCode) VALUES(3, 986290934, 'crazyvibes@gmail.com', 6335972675385, '463, Kings Road, Setúbal PT', 764, 2411);
INSERT INTO Person(name, birth) VALUES('Cheryll Consolini', '2003-6-4');
INSERT INTO User(idPerson, contact, email, account, address, streetCode, localityCode) VALUES(4, 941628482, 'Blossom@gmail.com', 14607016372383, '543, North Road, Setúbal PT', 372, 2411);
INSERT INTO Person(name, birth) VALUES('Britney Blunk', '1961-5-6');
INSERT INTO User(idPerson, contact, email, account, address, streetCode, localityCode) VALUES(5, 956037014, 'MistakeManager@gmail.com', 18656461277484, '664, Green Lane, Cologne DE', 127, 8525);
INSERT INTO Person(name, birth) VALUES('Janeen Jacks', '1920-8-8');
INSERT INTO User(idPerson, contact, email, account, address, streetCode, localityCode) VALUES(6, 921509300, 'HiBuggy@gmail.com', 98702038500879, '280, Stanley Road, Funchal PT', 179, 7651);
INSERT INTO Person(name, birth) VALUES('Lacy Linzy', '1920-8-25');
INSERT INTO User(idPerson, contact, email, account, address, streetCode, localityCode) VALUES(7, 935997577, 'CuteScientist@gmail.com', 53594590914791, '769, Victoria Street, Valencia ES', 999, 8422);
INSERT INTO Person(name, birth) VALUES('Selena Strohmeyer', '1932-11-3');
INSERT INTO User(idPerson, contact, email, account, address, streetCode, localityCode) VALUES(8, 919028559, 'Dazzles@gmail.com', 97453381603480, '522, Station Road, Palermo IT', 157, 6818);
INSERT INTO Person(name, birth) VALUES('Linn Laporte', '1964-1-5');
INSERT INTO User(idPerson, contact, email, account, address, streetCode, localityCode) VALUES(9, 925681661, 'goodatthis123@gmail.com', 79107666919601, '150, New Street, Oeiras PT', 968, 3786);
INSERT INTO Person(name, birth) VALUES('Noelia Neil', '1962-3-11');
INSERT INTO User(idPerson, contact, email, account, address, streetCode, localityCode) VALUES(10, 975644481, 'TeenTouch@gmail.com', 20655731604398, '120, Springfield Road, Madrid ES', 946, 1151);
INSERT INTO Person(name, birth) VALUES('Elwood Eggers', '1990-9-3');
INSERT INTO User(idPerson, contact, email, account, address, streetCode, localityCode) VALUES(11, 965354580, 'Twinbutterfly@gmail.com', 39100290583247, '246, Church Street, Funchal PT', 634, 7651);
INSERT INTO Person(name, birth) VALUES('Chi Cloe', '1983-11-22');
INSERT INTO User(idPerson, contact, email, account, address, streetCode, localityCode) VALUES(12, 911669781, 'SillyNinja@gmail.com', 66810303420218, '977, Springfield Road, Cracow PL', 244, 1612);
INSERT INTO Person(name, birth) VALUES('Williemae Walkes', '1950-4-15');
INSERT INTO User(idPerson, contact, email, account, address, streetCode, localityCode) VALUES(13, 912746674, 'CutiePieShop@gmail.com', 4882614834362, '469, North Road, Oeiras PT', 208, 3786);
INSERT INTO Person(name, birth) VALUES('Helena Hunnicutt', '1979-5-13');
INSERT INTO User(idPerson, contact, email, account, address, streetCode, localityCode) VALUES(14, 940790461, 'Dimples@gmail.com', 50288015631780, '867, The Green, Leiria PT', 250, 2093);
INSERT INTO Person(name, birth) VALUES('Kiersten Keiser', '2002-9-17');
INSERT INTO User(idPerson, contact, email, account, address, streetCode, localityCode) VALUES(15, 931715796, 'NONAME@gmail.com', 78937980668706, '759, Kingsway, Amadora PT', 516, 2563);
INSERT INTO Person(name, birth) VALUES('Ok Ortez', '1987-6-19');
INSERT INTO User(idPerson, contact, email, account, address, streetCode, localityCode) VALUES(16, 971882816, 'JustAsPlanned@gmail.com', 16528842643489, '619, The Crescent, Rotterdam NL', 648, 6023);
INSERT INTO Person(name, birth) VALUES('Hazel Hinnenkamp', '1983-1-5');
INSERT INTO User(idPerson, contact, email, account, address, streetCode, localityCode) VALUES(17, 943071560, 'StoryOfMe@gmail.com', 65899006345314, '870, Park Avenue, Naples IT', 817, 9705);
INSERT INTO Person(name, birth) VALUES('Vincent Villalta', '1925-4-7');
INSERT INTO User(idPerson, contact, email, account, address, streetCode, localityCode) VALUES(18, 906877586, 'BarberCut@gmail.com', 98734099040326, '758, Chester Road, Palermo IT', 654, 6818);
INSERT INTO Person(name, birth) VALUES('Lynette Luken', '1955-9-10');
INSERT INTO User(idPerson, contact, email, account, address, streetCode, localityCode) VALUES(19, 924244249, 'DollyDangerous@gmail.com', 47359644282215, '631, London Road, Cologne DE', 695, 8525);
INSERT INTO Person(name, birth) VALUES('Stephan Steigerwald', '1964-7-18');
INSERT INTO User(idPerson, contact, email, account, address, streetCode, localityCode) VALUES(20, 920256715, 'Iloveyouyesterday@gmail.com', 50689429502385, '305, High Street, Valencia ES', 967, 8422);
INSERT INTO Person(name, birth) VALUES('Bernice Brabant', '1996-8-3');
INSERT INTO User(idPerson, contact, email, account, address, streetCode, localityCode) VALUES(21, 916942153, 'BelovedAngle@gmail.com', 63896975928730, '561, King Street, London UK', 258, 7137);
INSERT INTO Person(name, birth) VALUES('Bobby Bible', '1938-7-15');
INSERT INTO User(idPerson, contact, email, account, address, streetCode, localityCode) VALUES(22, 994121441, 'KralIII@gmail.com', 83360833099006, '332, Albert Road, Prague CZ', 815, 5580);
INSERT INTO Person(name, birth) VALUES('Sonja Stufflebeam', '1933-1-18');
INSERT INTO User(idPerson, contact, email, account, address, streetCode, localityCode) VALUES(23, 908855039, 'neveroldenough@gmail.com', 56446378804780, '8, Kings Road, Setúbal PT', 423, 2411);
INSERT INTO Person(name, birth) VALUES('Carma Carrico', '1991-9-19');
INSERT INTO User(idPerson, contact, email, account, address, streetCode, localityCode) VALUES(24, 985080211, 'CheesyNible@gmail.com', 62124530571860, '409, Mill Road, Rotterdam NL', 606, 6023);
INSERT INTO Person(name, birth) VALUES('Gregoria Guerrera', '1974-9-9');
INSERT INTO User(idPerson, contact, email, account, address, streetCode, localityCode) VALUES(25, 901996708, 'CandyRaid@gmail.com', 86071353190469, '150, Church Lane, Łódź PL', 106, 1806);
INSERT INTO Person(name, birth) VALUES('Marian Millan', '1990-13-15');
INSERT INTO User(idPerson, contact, email, account, address, streetCode, localityCode) VALUES(26, 902254199, 'OperaOfDreams@gmail.com', 38205584970544, '98, Alexander Road, Berlin DE', 554, 8207);
INSERT INTO Person(name, birth) VALUES('Otelia Orloff', '1942-11-20');
INSERT INTO User(idPerson, contact, email, account, address, streetCode, localityCode) VALUES(27, 986070573, 'InfinitySkylines@gmail.com', 89931992698912, '833, St. John’s Road, Cascais PT', 638, 9562);
INSERT INTO Person(name, birth) VALUES('Joye Janusz', '1946-7-28');
INSERT INTO User(idPerson, contact, email, account, address, streetCode, localityCode) VALUES(28, 969400802, 'HoneyCake@gmail.com', 99439327384405, '382, The Avenue, Prague CZ', 704, 5580);
INSERT INTO Person(name, birth) VALUES('Florine Funderburke', '1996-11-28');
INSERT INTO User(idPerson, contact, email, account, address, streetCode, localityCode) VALUES(29, 959849909, 'PlantedBrain@gmail.com', 96313047245925, '775, High Street, Odivelas PT', 172, 4539);
INSERT INTO Person(name, birth) VALUES('Lennie Lynd', '1921-13-19');
INSERT INTO User(idPerson, contact, email, account, address, streetCode, localityCode) VALUES(30, 910367625, 'PeaceHug@gmail.com', 16511976812983, '107, North Street, Cracow PL', 373, 1612);
INSERT INTO Person(name, birth) VALUES('Corliss Carlberg', '1937-2-28');
INSERT INTO User(idPerson, contact, email, account, address, streetCode, localityCode) VALUES(31, 981987780, 'MrLucky@gmail.com', 39668377501533, '825, Victoria Street, Marseille FR', 550, 6720);
INSERT INTO Person(name, birth) VALUES('Homer Hirst', '1943-12-17');
INSERT INTO User(idPerson, contact, email, account, address, streetCode, localityCode) VALUES(32, 999779618, 'unic0rnsTaking0ver@gmail.com', 14427984177471, '6, Queensway, Amsterdam NL', 834, 1062);
INSERT INTO Person(name, birth) VALUES('Adrian Anding', '1991-10-16');
INSERT INTO User(idPerson, contact, email, account, address, streetCode, localityCode) VALUES(33, 961916995, 'EverNext@gmail.com', 61872462651121, '559, Victoria Street, Łódź PL', 530, 1806);
INSERT INTO Person(name, birth) VALUES('Christopher Cogdell', '1937-11-13');
INSERT INTO User(idPerson, contact, email, account, address, streetCode, localityCode) VALUES(34, 947511269, 'LilPuppyDog@gmail.com', 9530458032632, '331, Highfield Road, Braga PT', 955, 1336);
INSERT INTO Person(name, birth) VALUES('Kurt Kemplin', '1963-5-8');
INSERT INTO User(idPerson, contact, email, account, address, streetCode, localityCode) VALUES(35, 942168593, 'DailyPunch@gmail.com', 6228523095036, '888, Park Lane, Maia PT', 375, 4827);
INSERT INTO Person(name, birth) VALUES('Alfredia Akers', '1930-8-23');
INSERT INTO User(idPerson, contact, email, account, address, streetCode, localityCode) VALUES(36, 978816105, 'GorgeousWweetie@gmail.com', 9114838832392, '902, Grove Road, Roma IT', 338, 6839);
INSERT INTO Person(name, birth) VALUES('Tereasa Tompson', '1934-13-28');
INSERT INTO User(idPerson, contact, email, account, address, streetCode, localityCode) VALUES(37, 913419831, 'alwayssbeyou@gmail.com', 77207306917900, '651, York Road, Roma IT', 662, 6839);
INSERT INTO Person(name, birth) VALUES('Leonore Lemasters', '1930-5-17');
INSERT INTO User(idPerson, contact, email, account, address, streetCode, localityCode) VALUES(38, 913419317, 'AngelDoll@gmail.com', 49939145190553, '163, Grove Road, Matosinhos PT', 482, 5262);
INSERT INTO Person(name, birth) VALUES('Marcie Morfin', '1977-3-14');
INSERT INTO User(idPerson, contact, email, account, address, streetCode, localityCode) VALUES(39, 967438261, 'ValkonX11@gmail.com', 85201156507771, '441, Church Road, Barcelos PT', 185, 8706);
INSERT INTO Person(name, birth) VALUES('Loma Lisi', '1995-10-20');
INSERT INTO User(idPerson, contact, email, account, address, streetCode, localityCode) VALUES(40, 999671395, 'DraculaNurse@gmail.com', 26176649650818, '913, Queen Street, Zaragoza ES', 763, 8488);
INSERT INTO Person(name, birth) VALUES('Rosella Ruhland', '1946-9-13');
INSERT INTO User(idPerson, contact, email, account, address, streetCode, localityCode) VALUES(41, 988853426, 'Maryjane@gmail.com', 27153326515439, '735, Manor Road, Stockholm SE', 640, 4327);
INSERT INTO Person(name, birth) VALUES('Ricky Ratti', '1947-2-27');
INSERT INTO User(idPerson, contact, email, account, address, streetCode, localityCode) VALUES(42, 908189312, 'MississippiTribe@gmail.com', 59052746477991, '706, Broadway, Lisbon PT', 115, 4334);
INSERT INTO Person(name, birth) VALUES('Hye Huskey', '1961-2-13');
INSERT INTO User(idPerson, contact, email, account, address, streetCode, localityCode) VALUES(43, 920934915, 'WarriorInPain@gmail.com', 54786481221518, '309, Church Road, Braga PT', 663, 1336);
INSERT INTO Person(name, birth) VALUES('Kareem Klem', '1920-10-1');
INSERT INTO User(idPerson, contact, email, account, address, streetCode, localityCode) VALUES(44, 953504935, 'WorkOfholly@gmail.com', 6421821247830, '432, Victoria Road, Stockholm SE', 945, 4327);
INSERT INTO Person(name, birth) VALUES('Clementina Callery', '2003-9-19');
INSERT INTO User(idPerson, contact, email, account, address, streetCode, localityCode) VALUES(45, 957268882, 'LoveSpeeder@gmail.com', 34457784313340, '184, Church Lane, Amsterdam NL', 385, 1062);
INSERT INTO Person(name, birth) VALUES('Josette Jiggetts', '1937-12-17');
INSERT INTO User(idPerson, contact, email, account, address, streetCode, localityCode) VALUES(46, 950469958, 'ImaCompleteCyclePath@gmail.com', 9001497179988, '446, Mill Road, Bucharest RO', 284, 2378);
INSERT INTO Person(name, birth) VALUES('Berniece Bricker', '1976-8-17');
INSERT INTO User(idPerson, contact, email, account, address, streetCode, localityCode) VALUES(47, 904804722, 'CouldntFindGoodName@gmail.com', 9131650591371, '258, Richmond Road, Amadora PT', 521, 2563);
INSERT INTO Person(name, birth) VALUES('Kimi Kimber', '1976-3-12');
INSERT INTO User(idPerson, contact, email, account, address, streetCode, localityCode) VALUES(48, 920710836, 'GuillotineJaycee@gmail.com', 46695324981410, '604, Victoria Street, Seville ES', 975, 8751);
INSERT INTO Person(name, birth) VALUES('Reiko Rabago', '1984-5-26');
INSERT INTO User(idPerson, contact, email, account, address, streetCode, localityCode) VALUES(49, 986580821, 'GreenCore@gmail.com', 42931155520374, '297, Stanley Road, London UK', 410, 7137);
INSERT INTO Person(name, birth) VALUES('Joshua Jasso', '1956-2-19');
INSERT INTO User(idPerson, contact, email, account, address, streetCode, localityCode) VALUES(50, 972018414, 'copilot@gmail.com', 59009766123962, '172, The Avenue, Gondomar PT', 826, 5064);
INSERT INTO Book(ISBN, name, publication, edition, idPublisher) VALUES(8954165736927, 'The Lord of the Rings', '1740-11-4', 8, 1);
INSERT INTO Person(name, birth) VALUES('J. R. R. Tolkien', '2001-12-9');
INSERT INTO BookWriter(idWriter, ISBN) VALUES(51, 8954165736927);
INSERT INTO BookLanguage(ISBN, codeLanguage) VALUES(8954165736927, 'DE');
INSERT INTO BookGenre(ISBN, idGenre) VALUES(8954165736927, 15);
INSERT INTO BookGenre(ISBN, idGenre) VALUES(8954165736927, 12);
INSERT INTO Book(ISBN, name, publication, edition, idPublisher) VALUES(6684885714725, 'Pride and Prejudice', '1802-7-26', 14, 6);
INSERT INTO Person(name, birth) VALUES('Jane Austen', '1850-7-21');
INSERT INTO BookWriter(idWriter, ISBN) VALUES(52, 6684885714725);
INSERT INTO BookLanguage(ISBN, codeLanguage) VALUES(6684885714725, 'DE');
INSERT INTO BookGenre(ISBN, idGenre) VALUES(6684885714725, 16);
INSERT INTO Book(ISBN, name, publication, edition, idPublisher) VALUES(8552590972814, 'His Dark Materials', '1922-13-15', 14, 2);
INSERT INTO Person(name, birth) VALUES('Philip Pullman', '1958-4-2');
INSERT INTO BookWriter(idWriter, ISBN) VALUES(53, 8552590972814);
INSERT INTO BookLanguage(ISBN, codeLanguage) VALUES(8552590972814, 'DE');
INSERT INTO BookGenre(ISBN, idGenre) VALUES(8552590972814, 14);
INSERT INTO BookGenre(ISBN, idGenre) VALUES(8552590972814, 11);
INSERT INTO Book(ISBN, name, publication, edition, idPublisher) VALUES(1314455965769, 'The Hitchhikers Guide to the Galaxy', '1791-1-7', 14, 2);
INSERT INTO Person(name, birth) VALUES('Douglas Adams', '1828-6-29');
INSERT INTO BookWriter(idWriter, ISBN) VALUES(54, 1314455965769);
INSERT INTO BookLanguage(ISBN, codeLanguage) VALUES(1314455965769, 'RO');
INSERT INTO BookGenre(ISBN, idGenre) VALUES(1314455965769, 25);
INSERT INTO Book(ISBN, name, publication, edition, idPublisher) VALUES(4844335671216, 'Harry Potter and the Goblet of Fire', '1751-12-11', 8, 10);
INSERT INTO Person(name, birth) VALUES('J. K. Rowling', '1825-11-25');
INSERT INTO BookWriter(idWriter, ISBN) VALUES(55, 4844335671216);
INSERT INTO BookLanguage(ISBN, codeLanguage) VALUES(4844335671216, 'PT');
INSERT INTO BookGenre(ISBN, idGenre) VALUES(4844335671216, 11);
INSERT INTO BookGenre(ISBN, idGenre) VALUES(4844335671216, 12);
INSERT INTO Book(ISBN, name, publication, edition, idPublisher) VALUES(8779963192027, 'To Kill a Mockingbird', '1917-8-20', 8, 6);
INSERT INTO Person(name, birth) VALUES('Harper Lee', '1772-8-10');
INSERT INTO BookWriter(idWriter, ISBN) VALUES(56, 8779963192027);
INSERT INTO BookLanguage(ISBN, codeLanguage) VALUES(8779963192027, 'RO');
INSERT INTO BookGenre(ISBN, idGenre) VALUES(8779963192027, 13);
INSERT INTO BookGenre(ISBN, idGenre) VALUES(8779963192027, 12);
INSERT INTO Book(ISBN, name, publication, edition, idPublisher) VALUES(2930847659325, 'Winnie-the-Pooh', '1822-8-2', 3, 7);
INSERT INTO Person(name, birth) VALUES('A. A. Milne', '1936-2-12');
INSERT INTO BookWriter(idWriter, ISBN) VALUES(57, 2930847659325);
INSERT INTO BookLanguage(ISBN, codeLanguage) VALUES(2930847659325, 'PT');
INSERT INTO BookGenre(ISBN, idGenre) VALUES(2930847659325, 21);
INSERT INTO BookGenre(ISBN, idGenre) VALUES(2930847659325, 22);
INSERT INTO Book(ISBN, name, publication, edition, idPublisher) VALUES(7481371731904, 'Nineteen Eighty-Four', '1966-11-3', 6, 6);
INSERT INTO Person(name, birth) VALUES('George Orwell', '1851-1-3');
INSERT INTO BookWriter(idWriter, ISBN) VALUES(58, 7481371731904);
INSERT INTO BookLanguage(ISBN, codeLanguage) VALUES(7481371731904, 'PL');
INSERT INTO BookLanguage(ISBN, codeLanguage) VALUES(7481371731904, 'HU');
INSERT INTO BookGenre(ISBN, idGenre) VALUES(7481371731904, 22);
INSERT INTO BookGenre(ISBN, idGenre) VALUES(7481371731904, 21);
INSERT INTO Book(ISBN, name, publication, edition, idPublisher) VALUES(7849453083128, 'The Lion, the Witch and the Wardrobe', '1993-10-1', 9, 1);
INSERT INTO Person(name, birth) VALUES('C. S. Lewis', '1757-13-11');
INSERT INTO BookWriter(idWriter, ISBN) VALUES(59, 7849453083128);
INSERT INTO BookLanguage(ISBN, codeLanguage) VALUES(7849453083128, 'EN');
INSERT INTO BookLanguage(ISBN, codeLanguage) VALUES(7849453083128, 'FR');
INSERT INTO BookGenre(ISBN, idGenre) VALUES(7849453083128, 29);
INSERT INTO Book(ISBN, name, publication, edition, idPublisher) VALUES(1603547769260, 'Jane Eyre', '1916-6-10', 2, 1);
INSERT INTO Person(name, birth) VALUES('Charlotte Brontë', '1999-4-8');
INSERT INTO BookWriter(idWriter, ISBN) VALUES(60, 1603547769260);
INSERT INTO BookLanguage(ISBN, codeLanguage) VALUES(1603547769260, 'NL');
INSERT INTO BookGenre(ISBN, idGenre) VALUES(1603547769260, 26);
INSERT INTO BookGenre(ISBN, idGenre) VALUES(1603547769260, 11);
INSERT INTO Book(ISBN, name, publication, edition, idPublisher) VALUES(7173686368763, 'Catch-22', '1782-6-9', 6, 4);
INSERT INTO Person(name, birth) VALUES('Joseph Heller', '1882-9-18');
INSERT INTO BookWriter(idWriter, ISBN) VALUES(61, 7173686368763);
INSERT INTO BookLanguage(ISBN, codeLanguage) VALUES(7173686368763, 'FR');
INSERT INTO BookGenre(ISBN, idGenre) VALUES(7173686368763, 26);
INSERT INTO Book(ISBN, name, publication, edition, idPublisher) VALUES(7386758474726, 'Wuthering Heights', '1797-11-5', 12, 1);
INSERT INTO Person(name, birth) VALUES('Emily Brontë', '1933-7-14');
INSERT INTO BookWriter(idWriter, ISBN) VALUES(62, 7386758474726);
INSERT INTO BookLanguage(ISBN, codeLanguage) VALUES(7386758474726, 'PT');
INSERT INTO BookLanguage(ISBN, codeLanguage) VALUES(7386758474726, 'CZ');
INSERT INTO BookGenre(ISBN, idGenre) VALUES(7386758474726, 5);
INSERT INTO BookGenre(ISBN, idGenre) VALUES(7386758474726, 23);
INSERT INTO Book(ISBN, name, publication, edition, idPublisher) VALUES(4464465264467, 'Birdsong', '1976-5-5', 14, 3);
INSERT INTO Person(name, birth) VALUES('Sebastian Faulks', '1888-2-10');
INSERT INTO BookWriter(idWriter, ISBN) VALUES(63, 4464465264467);
INSERT INTO BookLanguage(ISBN, codeLanguage) VALUES(4464465264467, 'SV');
INSERT INTO BookLanguage(ISBN, codeLanguage) VALUES(4464465264467, 'PT');
INSERT INTO BookGenre(ISBN, idGenre) VALUES(4464465264467, 12);
INSERT INTO Book(ISBN, name, publication, edition, idPublisher) VALUES(4524628959846, 'Rebecca', '1966-8-8', 9, 8);
INSERT INTO Person(name, birth) VALUES('Daphne du Maurier', '1944-2-9');
INSERT INTO BookWriter(idWriter, ISBN) VALUES(64, 4524628959846);
INSERT INTO BookLanguage(ISBN, codeLanguage) VALUES(4524628959846, 'PL');
INSERT INTO BookGenre(ISBN, idGenre) VALUES(4524628959846, 15);
INSERT INTO BookGenre(ISBN, idGenre) VALUES(4524628959846, 11);
INSERT INTO Book(ISBN, name, publication, edition, idPublisher) VALUES(6161795824735, 'The Catcher in the Rye', '1780-6-15', 12, 2);
INSERT INTO Person(name, birth) VALUES('J. D. Salinger', '1751-13-4');
INSERT INTO BookWriter(idWriter, ISBN) VALUES(65, 6161795824735);
INSERT INTO BookLanguage(ISBN, codeLanguage) VALUES(6161795824735, 'DE');
INSERT INTO BookLanguage(ISBN, codeLanguage) VALUES(6161795824735, 'HU');
INSERT INTO Book(ISBN, name, publication, edition, idPublisher) VALUES(8286461286611, 'The Wind in the Willows', '1755-3-20', 13, 6);
INSERT INTO Person(name, birth) VALUES('Kenneth Grahame', '1976-3-25');
INSERT INTO BookWriter(idWriter, ISBN) VALUES(66, 8286461286611);
INSERT INTO BookLanguage(ISBN, codeLanguage) VALUES(8286461286611, 'FR');
INSERT INTO BookGenre(ISBN, idGenre) VALUES(8286461286611, 5);
INSERT INTO Book(ISBN, name, publication, edition, idPublisher) VALUES(5098057916729, 'Great Expectations', '1753-8-18', 3, 3);
INSERT INTO Person(name, birth) VALUES('Charles Dickens', '1993-10-16');
INSERT INTO BookWriter(idWriter, ISBN) VALUES(67, 5098057916729);
INSERT INTO BookLanguage(ISBN, codeLanguage) VALUES(5098057916729, 'ES');
INSERT INTO Book(ISBN, name, publication, edition, idPublisher) VALUES(9921531462858, 'Little Women', '1874-12-10', 15, 10);
INSERT INTO Person(name, birth) VALUES('Louisa May Alcott', '1875-10-2');
INSERT INTO BookWriter(idWriter, ISBN) VALUES(68, 9921531462858);
INSERT INTO BookLanguage(ISBN, codeLanguage) VALUES(9921531462858, 'FR');
INSERT INTO Book(ISBN, name, publication, edition, idPublisher) VALUES(6945970775313, 'Captain Corellis Mandolin', '1831-7-10', 3, 8);
INSERT INTO Person(name, birth) VALUES('Louis de Bernières', '1879-7-17');
INSERT INTO BookWriter(idWriter, ISBN) VALUES(69, 6945970775313);
INSERT INTO BookLanguage(ISBN, codeLanguage) VALUES(6945970775313, 'RO');
INSERT INTO BookLanguage(ISBN, codeLanguage) VALUES(6945970775313, 'NL');
INSERT INTO BookGenre(ISBN, idGenre) VALUES(6945970775313, 9);
INSERT INTO Book(ISBN, name, publication, edition, idPublisher) VALUES(3278338684316, 'War and Peace', '1775-5-28', 13, 3);
INSERT INTO Person(name, birth) VALUES('Leo Tolstoy', '1773-10-18');
INSERT INTO BookWriter(idWriter, ISBN) VALUES(70, 3278338684316);
INSERT INTO BookLanguage(ISBN, codeLanguage) VALUES(3278338684316, 'NL');
INSERT INTO BookGenre(ISBN, idGenre) VALUES(3278338684316, 0);
INSERT INTO BookGenre(ISBN, idGenre) VALUES(3278338684316, 14);
INSERT INTO Book(ISBN, name, publication, edition, idPublisher) VALUES(9521694412294, 'Gone with the Wind', '1879-5-10', 2, 7);
INSERT INTO Person(name, birth) VALUES('Margaret Mitchell', '1994-13-18');
INSERT INTO BookWriter(idWriter, ISBN) VALUES(71, 9521694412294);
INSERT INTO BookLanguage(ISBN, codeLanguage) VALUES(9521694412294, 'EN');
INSERT INTO BookLanguage(ISBN, codeLanguage) VALUES(9521694412294, 'PT');
INSERT INTO BookGenre(ISBN, idGenre) VALUES(9521694412294, 20);
INSERT INTO BookGenre(ISBN, idGenre) VALUES(9521694412294, 20);
INSERT INTO Book(ISBN, name, publication, edition, idPublisher) VALUES(6753974164667, 'Harry Potter and the Philosophers Stone', '1945-4-25', 14, 4);
INSERT INTO Person(name, birth) VALUES('J. K. Rowling', '1980-10-3');
INSERT INTO BookWriter(idWriter, ISBN) VALUES(72, 6753974164667);
INSERT INTO BookLanguage(ISBN, codeLanguage) VALUES(6753974164667, 'ES');
INSERT INTO Book(ISBN, name, publication, edition, idPublisher) VALUES(7452278362866, 'Harry Potter and the Chamber of Secrets', '1821-7-5', 2, 9);
INSERT INTO Person(name, birth) VALUES('J. K. Rowling', '1750-11-24');
INSERT INTO BookWriter(idWriter, ISBN) VALUES(73, 7452278362866);
INSERT INTO BookLanguage(ISBN, codeLanguage) VALUES(7452278362866, 'FR');
INSERT INTO BookGenre(ISBN, idGenre) VALUES(7452278362866, 27);
INSERT INTO BookGenre(ISBN, idGenre) VALUES(7452278362866, 15);
INSERT INTO Book(ISBN, name, publication, edition, idPublisher) VALUES(7394355242501, 'Harry Potter and the Prisoner of Azkaban', '1841-6-23', 2, 7);
INSERT INTO Person(name, birth) VALUES('J. K. Rowling', '1843-5-26');
INSERT INTO BookWriter(idWriter, ISBN) VALUES(74, 7394355242501);
INSERT INTO BookLanguage(ISBN, codeLanguage) VALUES(7394355242501, 'HU');
INSERT INTO BookLanguage(ISBN, codeLanguage) VALUES(7394355242501, 'NL');
INSERT INTO Book(ISBN, name, publication, edition, idPublisher) VALUES(2691968382087, 'The Hobbit', '1857-3-16', 2, 2);
INSERT INTO Person(name, birth) VALUES('J. R. R. Tolkien', '1756-3-6');
INSERT INTO BookWriter(idWriter, ISBN) VALUES(75, 2691968382087);
INSERT INTO BookLanguage(ISBN, codeLanguage) VALUES(2691968382087, 'SV');
INSERT INTO BookLanguage(ISBN, codeLanguage) VALUES(2691968382087, 'SV');
INSERT INTO BookGenre(ISBN, idGenre) VALUES(2691968382087, 16);
INSERT INTO BookGenre(ISBN, idGenre) VALUES(2691968382087, 21);
INSERT INTO Book(ISBN, name, publication, edition, idPublisher) VALUES(9636027840336, 'Tess of the dUrbervilles', '1795-3-25', 10, 9);
INSERT INTO Person(name, birth) VALUES('Thomas Hardy', '1848-12-5');
INSERT INTO BookWriter(idWriter, ISBN) VALUES(76, 9636027840336);
INSERT INTO BookLanguage(ISBN, codeLanguage) VALUES(9636027840336, 'RO');
INSERT INTO BookGenre(ISBN, idGenre) VALUES(9636027840336, 11);
INSERT INTO BookGenre(ISBN, idGenre) VALUES(9636027840336, 2);
INSERT INTO Book(ISBN, name, publication, edition, idPublisher) VALUES(9657596014419, 'Middlemarch', '1856-8-22', 13, 10);
INSERT INTO Person(name, birth) VALUES('George Eliot', '1771-13-15');
INSERT INTO BookWriter(idWriter, ISBN) VALUES(77, 9657596014419);
INSERT INTO BookLanguage(ISBN, codeLanguage) VALUES(9657596014419, 'NL');
INSERT INTO BookLanguage(ISBN, codeLanguage) VALUES(9657596014419, 'NL');
INSERT INTO BookGenre(ISBN, idGenre) VALUES(9657596014419, 27);
INSERT INTO Book(ISBN, name, publication, edition, idPublisher) VALUES(5205745092148, 'A Prayer for Owen Meany', '1729-3-2', 6, 3);
INSERT INTO Person(name, birth) VALUES('John Irving', '1887-1-7');
INSERT INTO BookWriter(idWriter, ISBN) VALUES(78, 5205745092148);
INSERT INTO BookLanguage(ISBN, codeLanguage) VALUES(5205745092148, 'CZ');
INSERT INTO BookGenre(ISBN, idGenre) VALUES(5205745092148, 6);
INSERT INTO BookGenre(ISBN, idGenre) VALUES(5205745092148, 1);
INSERT INTO Book(ISBN, name, publication, edition, idPublisher) VALUES(2197158062027, 'The Grapes of Wrath', '1833-13-6', 13, 8);
INSERT INTO Person(name, birth) VALUES('John Steinbeck', '1777-1-4');
INSERT INTO BookWriter(idWriter, ISBN) VALUES(79, 2197158062027);
INSERT INTO BookLanguage(ISBN, codeLanguage) VALUES(2197158062027, 'ES');
INSERT INTO BookGenre(ISBN, idGenre) VALUES(2197158062027, 20);
INSERT INTO Book(ISBN, name, publication, edition, idPublisher) VALUES(7696940383256, 'Alices Adventures in Wonderland', '1840-6-29', 6, 1);
INSERT INTO Person(name, birth) VALUES('Lewis Carroll', '1887-6-26');
INSERT INTO BookWriter(idWriter, ISBN) VALUES(80, 7696940383256);
INSERT INTO BookLanguage(ISBN, codeLanguage) VALUES(7696940383256, 'DE');
INSERT INTO BookGenre(ISBN, idGenre) VALUES(7696940383256, 24);
INSERT INTO BookGenre(ISBN, idGenre) VALUES(7696940383256, 10);
INSERT INTO Book(ISBN, name, publication, edition, idPublisher) VALUES(1781191116192, 'The Story of Tracy Beaker', '2003-7-6', 11, 2);
INSERT INTO Person(name, birth) VALUES('Jacqueline Wilson', '1837-10-6');
INSERT INTO BookWriter(idWriter, ISBN) VALUES(81, 1781191116192);
INSERT INTO BookLanguage(ISBN, codeLanguage) VALUES(1781191116192, 'PT');
INSERT INTO BookGenre(ISBN, idGenre) VALUES(1781191116192, 26);
INSERT INTO BookGenre(ISBN, idGenre) VALUES(1781191116192, 16);
INSERT INTO Book(ISBN, name, publication, edition, idPublisher) VALUES(8476252460029, 'One Hundred Years of Solitude', '1854-7-23', 9, 3);
INSERT INTO Person(name, birth) VALUES('Gabriel García Márquez', '1969-3-23');
INSERT INTO BookWriter(idWriter, ISBN) VALUES(82, 8476252460029);
INSERT INTO BookLanguage(ISBN, codeLanguage) VALUES(8476252460029, 'PT');
INSERT INTO BookGenre(ISBN, idGenre) VALUES(8476252460029, 29);
INSERT INTO Book(ISBN, name, publication, edition, idPublisher) VALUES(6902998098579, 'The Pillars of the Earth', '1791-1-17', 4, 8);
INSERT INTO Person(name, birth) VALUES('Ken Follett', '1816-3-25');
INSERT INTO BookWriter(idWriter, ISBN) VALUES(83, 6902998098579);
INSERT INTO BookLanguage(ISBN, codeLanguage) VALUES(6902998098579, 'ES');
INSERT INTO Book(ISBN, name, publication, edition, idPublisher) VALUES(5190154859903, 'David Copperfield', '1854-9-25', 4, 7);
INSERT INTO Person(name, birth) VALUES('Charles Dickens', '1798-6-7');
INSERT INTO BookWriter(idWriter, ISBN) VALUES(84, 5190154859903);
INSERT INTO BookLanguage(ISBN, codeLanguage) VALUES(5190154859903, 'EN');
INSERT INTO BookGenre(ISBN, idGenre) VALUES(5190154859903, 17);
INSERT INTO Book(ISBN, name, publication, edition, idPublisher) VALUES(2793625906398, 'Charlie and the Chocolate Factory', '1877-3-6', 8, 9);
INSERT INTO Person(name, birth) VALUES('Roald Dahl', '1855-3-29');
INSERT INTO BookWriter(idWriter, ISBN) VALUES(85, 2793625906398);
INSERT INTO BookLanguage(ISBN, codeLanguage) VALUES(2793625906398, 'HU');
INSERT INTO BookLanguage(ISBN, codeLanguage) VALUES(2793625906398, 'DE');
INSERT INTO BookGenre(ISBN, idGenre) VALUES(2793625906398, 26);
INSERT INTO Book(ISBN, name, publication, edition, idPublisher) VALUES(4752569551951, 'Treasure Island', '1767-3-16', 6, 9);
INSERT INTO Person(name, birth) VALUES('Robert Louis Stevenson', '1881-6-7');
INSERT INTO BookWriter(idWriter, ISBN) VALUES(86, 4752569551951);
INSERT INTO BookLanguage(ISBN, codeLanguage) VALUES(4752569551951, 'RO');
INSERT INTO BookGenre(ISBN, idGenre) VALUES(4752569551951, 12);
INSERT INTO BookGenre(ISBN, idGenre) VALUES(4752569551951, 11);
INSERT INTO Book(ISBN, name, publication, edition, idPublisher) VALUES(1712394053909, 'A Town Like Alice', '1917-1-17', 13, 4);
INSERT INTO Person(name, birth) VALUES('Nevil Shute', '1755-5-1');
INSERT INTO BookWriter(idWriter, ISBN) VALUES(87, 1712394053909);
INSERT INTO BookLanguage(ISBN, codeLanguage) VALUES(1712394053909, 'CZ');
INSERT INTO Book(ISBN, name, publication, edition, idPublisher) VALUES(2832529029391, 'Persuasion', '1933-9-8', 5, 1);
INSERT INTO Person(name, birth) VALUES('Jane Austen', '1781-7-22');
INSERT INTO BookWriter(idWriter, ISBN) VALUES(88, 2832529029391);
INSERT INTO BookLanguage(ISBN, codeLanguage) VALUES(2832529029391, 'RO');
INSERT INTO BookGenre(ISBN, idGenre) VALUES(2832529029391, 27);
INSERT INTO Book(ISBN, name, publication, edition, idPublisher) VALUES(5550257097202, 'Dune', '1747-8-16', 14, 6);
INSERT INTO Person(name, birth) VALUES('Frank Herbert', '1766-1-2');
INSERT INTO BookWriter(idWriter, ISBN) VALUES(89, 5550257097202);
INSERT INTO BookLanguage(ISBN, codeLanguage) VALUES(5550257097202, 'CZ');
INSERT INTO BookGenre(ISBN, idGenre) VALUES(5550257097202, 26);
INSERT INTO BookGenre(ISBN, idGenre) VALUES(5550257097202, 17);
INSERT INTO Book(ISBN, name, publication, edition, idPublisher) VALUES(9210270390078, 'Emma', '1845-9-11', 14, 2);
INSERT INTO Person(name, birth) VALUES('Jane Austen', '1910-9-16');
INSERT INTO BookWriter(idWriter, ISBN) VALUES(90, 9210270390078);
INSERT INTO BookLanguage(ISBN, codeLanguage) VALUES(9210270390078, 'IT');
INSERT INTO BookGenre(ISBN, idGenre) VALUES(9210270390078, 27);
INSERT INTO BookGenre(ISBN, idGenre) VALUES(9210270390078, 12);
INSERT INTO Book(ISBN, name, publication, edition, idPublisher) VALUES(4375316235103, 'Anne of Green Gables', '1841-2-12', 4, 8);
INSERT INTO Person(name, birth) VALUES('Lucy Maud Montgomery', '1797-2-19');
INSERT INTO BookWriter(idWriter, ISBN) VALUES(91, 4375316235103);
INSERT INTO BookLanguage(ISBN, codeLanguage) VALUES(4375316235103, 'FR');
INSERT INTO BookLanguage(ISBN, codeLanguage) VALUES(4375316235103, 'RO');
INSERT INTO Book(ISBN, name, publication, edition, idPublisher) VALUES(4498484087417, 'Watership Down', '1914-2-7', 6, 8);
INSERT INTO Person(name, birth) VALUES('Richard Adams', '1863-2-7');
INSERT INTO BookWriter(idWriter, ISBN) VALUES(92, 4498484087417);
INSERT INTO BookLanguage(ISBN, codeLanguage) VALUES(4498484087417, 'SV');
INSERT INTO BookLanguage(ISBN, codeLanguage) VALUES(4498484087417, 'ES');
INSERT INTO Book(ISBN, name, publication, edition, idPublisher) VALUES(7638169828344, 'The Great Gatsby', '1849-5-4', 1, 6);
INSERT INTO Person(name, birth) VALUES('F. Scott Fitzgerald', '1816-3-11');
INSERT INTO BookWriter(idWriter, ISBN) VALUES(93, 7638169828344);
INSERT INTO BookLanguage(ISBN, codeLanguage) VALUES(7638169828344, 'PL');
INSERT INTO BookGenre(ISBN, idGenre) VALUES(7638169828344, 7);
INSERT INTO BookGenre(ISBN, idGenre) VALUES(7638169828344, 20);
INSERT INTO Book(ISBN, name, publication, edition, idPublisher) VALUES(1016089476424, 'The Count of Monte Cristo', '1970-1-7', 15, 3);
INSERT INTO Person(name, birth) VALUES('Alexandre Dumas', '1839-7-24');
INSERT INTO BookWriter(idWriter, ISBN) VALUES(94, 1016089476424);
INSERT INTO BookLanguage(ISBN, codeLanguage) VALUES(1016089476424, 'PL');
INSERT INTO Book(ISBN, name, publication, edition, idPublisher) VALUES(2695005157524, 'Brideshead Revisited', '1959-11-5', 14, 6);
INSERT INTO Person(name, birth) VALUES('Evelyn Waugh', '1871-2-15');
INSERT INTO BookWriter(idWriter, ISBN) VALUES(95, 2695005157524);
INSERT INTO BookLanguage(ISBN, codeLanguage) VALUES(2695005157524, 'RO');
INSERT INTO BookLanguage(ISBN, codeLanguage) VALUES(2695005157524, 'EN');
INSERT INTO Book(ISBN, name, publication, edition, idPublisher) VALUES(9136451122975, 'Animal Farm', '1923-6-1', 10, 4);
INSERT INTO Person(name, birth) VALUES('George Orwell', '1837-6-12');
INSERT INTO BookWriter(idWriter, ISBN) VALUES(96, 9136451122975);
INSERT INTO BookLanguage(ISBN, codeLanguage) VALUES(9136451122975, 'DE');
INSERT INTO BookLanguage(ISBN, codeLanguage) VALUES(9136451122975, 'FR');
INSERT INTO BookGenre(ISBN, idGenre) VALUES(9136451122975, 9);
INSERT INTO Book(ISBN, name, publication, edition, idPublisher) VALUES(3022437701041, 'A Christmas Carol', '1945-3-8', 12, 8);
INSERT INTO Person(name, birth) VALUES('Charles Dickens', '1996-9-23');
INSERT INTO BookWriter(idWriter, ISBN) VALUES(97, 3022437701041);
INSERT INTO BookLanguage(ISBN, codeLanguage) VALUES(3022437701041, 'PL');
INSERT INTO Book(ISBN, name, publication, edition, idPublisher) VALUES(8584081059910, 'Far from the Madding Crowd', '1901-2-13', 11, 1);
INSERT INTO Person(name, birth) VALUES('Thomas Hardy', '1787-10-18');
INSERT INTO BookWriter(idWriter, ISBN) VALUES(98, 8584081059910);
INSERT INTO BookLanguage(ISBN, codeLanguage) VALUES(8584081059910, 'SV');
INSERT INTO BookGenre(ISBN, idGenre) VALUES(8584081059910, 10);
INSERT INTO BookGenre(ISBN, idGenre) VALUES(8584081059910, 28);
INSERT INTO Book(ISBN, name, publication, edition, idPublisher) VALUES(7218616774163, 'Goodnight Mister Tom', '1781-4-19', 2, 1);
INSERT INTO Person(name, birth) VALUES('Michelle Magorian', '1985-12-7');
INSERT INTO BookWriter(idWriter, ISBN) VALUES(99, 7218616774163);
INSERT INTO BookLanguage(ISBN, codeLanguage) VALUES(7218616774163, 'HU');
INSERT INTO BookGenre(ISBN, idGenre) VALUES(7218616774163, 28);
INSERT INTO Book(ISBN, name, publication, edition, idPublisher) VALUES(6329737213992, 'The Shell Seekers', '1778-2-1', 3, 2);
INSERT INTO Person(name, birth) VALUES('Rosamunde Pilcher', '1965-9-14');
INSERT INTO BookWriter(idWriter, ISBN) VALUES(100, 6329737213992);
INSERT INTO BookLanguage(ISBN, codeLanguage) VALUES(6329737213992, 'SV');
INSERT INTO Book(ISBN, name, publication, edition, idPublisher) VALUES(1223470398394, 'The Secret Garden', '1829-9-21', 4, 5);
INSERT INTO Person(name, birth) VALUES('Frances Hodgson Burnett', '1852-13-4');
INSERT INTO BookWriter(idWriter, ISBN) VALUES(101, 1223470398394);
INSERT INTO BookLanguage(ISBN, codeLanguage) VALUES(1223470398394, 'IT');
INSERT INTO BookGenre(ISBN, idGenre) VALUES(1223470398394, 11);
INSERT INTO Book(ISBN, name, publication, edition, idPublisher) VALUES(2865474335156, 'Of Mice and Men', '1840-6-3', 11, 8);
INSERT INTO Person(name, birth) VALUES('John Steinbeck', '1740-3-11');
INSERT INTO BookWriter(idWriter, ISBN) VALUES(102, 2865474335156);
INSERT INTO BookLanguage(ISBN, codeLanguage) VALUES(2865474335156, 'IT');
INSERT INTO BookLanguage(ISBN, codeLanguage) VALUES(2865474335156, 'PL');
INSERT INTO Book(ISBN, name, publication, edition, idPublisher) VALUES(7262310873472, 'The Stand', '1833-7-18', 11, 4);
INSERT INTO Person(name, birth) VALUES('Stephen King', '1972-10-26');
INSERT INTO BookWriter(idWriter, ISBN) VALUES(103, 7262310873472);
INSERT INTO BookLanguage(ISBN, codeLanguage) VALUES(7262310873472, 'SV');
INSERT INTO Book(ISBN, name, publication, edition, idPublisher) VALUES(4228814665162, 'Anna Karenina', '1859-1-2', 1, 5);
INSERT INTO Person(name, birth) VALUES('Leo Tolstoy', '1749-11-29');
INSERT INTO BookWriter(idWriter, ISBN) VALUES(104, 4228814665162);
INSERT INTO BookLanguage(ISBN, codeLanguage) VALUES(4228814665162, 'SV');
INSERT INTO BookGenre(ISBN, idGenre) VALUES(4228814665162, 14);
INSERT INTO Book(ISBN, name, publication, edition, idPublisher) VALUES(7621652508179, 'A Suitable Boy', '1988-4-4', 8, 3);
INSERT INTO Person(name, birth) VALUES('Vikram Seth', '1854-7-3');
INSERT INTO BookWriter(idWriter, ISBN) VALUES(105, 7621652508179);
INSERT INTO BookLanguage(ISBN, codeLanguage) VALUES(7621652508179, 'DE');
INSERT INTO BookGenre(ISBN, idGenre) VALUES(7621652508179, 1);
INSERT INTO Book(ISBN, name, publication, edition, idPublisher) VALUES(4421203636865, 'The BFG', '1897-11-28', 11, 1);
INSERT INTO Person(name, birth) VALUES('Roald Dahl', '1725-11-8');
INSERT INTO BookWriter(idWriter, ISBN) VALUES(106, 4421203636865);
INSERT INTO BookLanguage(ISBN, codeLanguage) VALUES(4421203636865, 'FR');
INSERT INTO BookGenre(ISBN, idGenre) VALUES(4421203636865, 17);
INSERT INTO BookGenre(ISBN, idGenre) VALUES(4421203636865, 11);
INSERT INTO Book(ISBN, name, publication, edition, idPublisher) VALUES(3404233934081, 'Swallows and Amazons', '1904-4-1', 4, 9);
INSERT INTO Person(name, birth) VALUES('Arthur Ransome', '1901-8-28');
INSERT INTO BookWriter(idWriter, ISBN) VALUES(107, 3404233934081);
INSERT INTO BookLanguage(ISBN, codeLanguage) VALUES(3404233934081, 'EN');
INSERT INTO BookGenre(ISBN, idGenre) VALUES(3404233934081, 2);
INSERT INTO Book(ISBN, name, publication, edition, idPublisher) VALUES(6280372353611, 'Black Beauty', '1944-13-4', 10, 4);
INSERT INTO Person(name, birth) VALUES('Anna Sewell', '1723-6-4');
INSERT INTO BookWriter(idWriter, ISBN) VALUES(108, 6280372353611);
INSERT INTO BookLanguage(ISBN, codeLanguage) VALUES(6280372353611, 'HU');
INSERT INTO BookGenre(ISBN, idGenre) VALUES(6280372353611, 20);
INSERT INTO BookGenre(ISBN, idGenre) VALUES(6280372353611, 8);
INSERT INTO Book(ISBN, name, publication, edition, idPublisher) VALUES(4222225880750, 'Artemis Fowl', '1803-5-22', 9, 1);
INSERT INTO Person(name, birth) VALUES('Eoin Colfer', '1749-1-20');
INSERT INTO BookWriter(idWriter, ISBN) VALUES(109, 4222225880750);
INSERT INTO BookLanguage(ISBN, codeLanguage) VALUES(4222225880750, 'PL');
INSERT INTO BookGenre(ISBN, idGenre) VALUES(4222225880750, 27);
INSERT INTO Book(ISBN, name, publication, edition, idPublisher) VALUES(7045767301568, 'Crime and Punishment', '1918-3-27', 4, 7);
INSERT INTO Person(name, birth) VALUES('Fyodor Dostoyevsky', '1942-11-28');
INSERT INTO BookWriter(idWriter, ISBN) VALUES(110, 7045767301568);
INSERT INTO BookLanguage(ISBN, codeLanguage) VALUES(7045767301568, 'IT');
INSERT INTO BookGenre(ISBN, idGenre) VALUES(7045767301568, 22);
INSERT INTO Book(ISBN, name, publication, edition, idPublisher) VALUES(4655535818615, 'Noughts & Crosses', '1942-11-17', 6, 6);
INSERT INTO Person(name, birth) VALUES('Malorie Blackman', '1914-7-28');
INSERT INTO BookWriter(idWriter, ISBN) VALUES(111, 4655535818615);
INSERT INTO BookLanguage(ISBN, codeLanguage) VALUES(4655535818615, 'FR');
INSERT INTO Book(ISBN, name, publication, edition, idPublisher) VALUES(2851656424111, 'Memoirs of a Geisha', '1762-8-16', 7, 2);
INSERT INTO Person(name, birth) VALUES('Arthur Golden', '1860-4-23');
INSERT INTO BookWriter(idWriter, ISBN) VALUES(112, 2851656424111);
INSERT INTO BookLanguage(ISBN, codeLanguage) VALUES(2851656424111, 'PT');
INSERT INTO BookLanguage(ISBN, codeLanguage) VALUES(2851656424111, 'IT');
INSERT INTO BookGenre(ISBN, idGenre) VALUES(2851656424111, 25);
INSERT INTO Book(ISBN, name, publication, edition, idPublisher) VALUES(1360324884097, 'A Tale of Two Cities', '1793-4-20', 2, 5);
INSERT INTO Person(name, birth) VALUES('Charles Dickens', '1701-3-21');
INSERT INTO BookWriter(idWriter, ISBN) VALUES(113, 1360324884097);
INSERT INTO BookLanguage(ISBN, codeLanguage) VALUES(1360324884097, 'PT');
INSERT INTO BookGenre(ISBN, idGenre) VALUES(1360324884097, 17);
INSERT INTO Book(ISBN, name, publication, edition, idPublisher) VALUES(4994236506802, 'The Thorn Birds', '1869-4-10', 9, 7);
INSERT INTO Person(name, birth) VALUES('Colleen McCullough', '1979-7-10');
INSERT INTO BookWriter(idWriter, ISBN) VALUES(114, 4994236506802);
INSERT INTO BookLanguage(ISBN, codeLanguage) VALUES(4994236506802, 'ES');
INSERT INTO Book(ISBN, name, publication, edition, idPublisher) VALUES(5622938576823, 'Mort', '1887-8-16', 2, 9);
INSERT INTO Person(name, birth) VALUES('Terry Pratchett', '1750-6-16');
INSERT INTO BookWriter(idWriter, ISBN) VALUES(115, 5622938576823);
INSERT INTO BookLanguage(ISBN, codeLanguage) VALUES(5622938576823, 'EN');
INSERT INTO BookGenre(ISBN, idGenre) VALUES(5622938576823, 21);
INSERT INTO Book(ISBN, name, publication, edition, idPublisher) VALUES(5875362806500, 'The Magic Faraway Tree', '2005-5-27', 15, 9);
INSERT INTO Person(name, birth) VALUES('Enid Blyton', '1878-1-8');
INSERT INTO BookWriter(idWriter, ISBN) VALUES(116, 5875362806500);
INSERT INTO BookLanguage(ISBN, codeLanguage) VALUES(5875362806500, 'NL');
INSERT INTO BookGenre(ISBN, idGenre) VALUES(5875362806500, 5);
INSERT INTO BookGenre(ISBN, idGenre) VALUES(5875362806500, 3);
INSERT INTO Book(ISBN, name, publication, edition, idPublisher) VALUES(2750172544600, 'The Magus', '1997-12-19', 10, 4);
INSERT INTO Person(name, birth) VALUES('John Fowles', '1947-13-14');
INSERT INTO BookWriter(idWriter, ISBN) VALUES(117, 2750172544600);
INSERT INTO BookLanguage(ISBN, codeLanguage) VALUES(2750172544600, 'DE');
INSERT INTO BookLanguage(ISBN, codeLanguage) VALUES(2750172544600, 'DE');
INSERT INTO Book(ISBN, name, publication, edition, idPublisher) VALUES(5547945109195, 'Good Omens', '1838-7-5', 2, 9);
INSERT INTO Person(name, birth) VALUES('Neil Gaiman Pratchett', '1754-13-17');
INSERT INTO BookWriter(idWriter, ISBN) VALUES(118, 5547945109195);
INSERT INTO Person(name, birth) VALUES('Terry Pratchett', '1900-9-20');
INSERT INTO BookWriter(idWriter, ISBN) VALUES(119, 5547945109195);
INSERT INTO BookLanguage(ISBN, codeLanguage) VALUES(5547945109195, 'FR');
INSERT INTO Book(ISBN, name, publication, edition, idPublisher) VALUES(2313868137956, 'Guards! Guards!', '1800-8-17', 10, 3);
INSERT INTO Person(name, birth) VALUES('Terry Pratchett', '1712-13-9');
INSERT INTO BookWriter(idWriter, ISBN) VALUES(120, 2313868137956);
INSERT INTO BookLanguage(ISBN, codeLanguage) VALUES(2313868137956, 'FR');
INSERT INTO Book(ISBN, name, publication, edition, idPublisher) VALUES(3655587288146, 'Lord of the Flies', '1905-12-24', 3, 1);
INSERT INTO Person(name, birth) VALUES('William Golding', '1819-6-5');
INSERT INTO BookWriter(idWriter, ISBN) VALUES(121, 3655587288146);
INSERT INTO BookLanguage(ISBN, codeLanguage) VALUES(3655587288146, 'PT');
INSERT INTO Book(ISBN, name, publication, edition, idPublisher) VALUES(1778810670109, 'Perfume', '1724-1-3', 11, 9);
INSERT INTO Person(name, birth) VALUES('Patrick Süskind', '1782-4-11');
INSERT INTO BookWriter(idWriter, ISBN) VALUES(122, 1778810670109);
INSERT INTO BookLanguage(ISBN, codeLanguage) VALUES(1778810670109, 'PL');
INSERT INTO BookLanguage(ISBN, codeLanguage) VALUES(1778810670109, 'RO');
INSERT INTO BookGenre(ISBN, idGenre) VALUES(1778810670109, 6);
INSERT INTO BookGenre(ISBN, idGenre) VALUES(1778810670109, 14);
INSERT INTO Book(ISBN, name, publication, edition, idPublisher) VALUES(5708298554602, 'The Ragged-Trousered Philanthropists', '1973-8-17', 9, 7);
INSERT INTO Person(name, birth) VALUES('Robert Tressell', '1795-6-15');
INSERT INTO BookWriter(idWriter, ISBN) VALUES(123, 5708298554602);
INSERT INTO BookLanguage(ISBN, codeLanguage) VALUES(5708298554602, 'PL');
INSERT INTO BookGenre(ISBN, idGenre) VALUES(5708298554602, 1);
INSERT INTO BookGenre(ISBN, idGenre) VALUES(5708298554602, 8);
INSERT INTO Book(ISBN, name, publication, edition, idPublisher) VALUES(6639465423977, 'Night Watch', '1831-10-20', 13, 10);
INSERT INTO Person(name, birth) VALUES('Terry Pratchett', '1797-5-29');
INSERT INTO BookWriter(idWriter, ISBN) VALUES(124, 6639465423977);
INSERT INTO BookLanguage(ISBN, codeLanguage) VALUES(6639465423977, 'RO');
INSERT INTO BookGenre(ISBN, idGenre) VALUES(6639465423977, 20);
INSERT INTO BookGenre(ISBN, idGenre) VALUES(6639465423977, 22);
INSERT INTO Book(ISBN, name, publication, edition, idPublisher) VALUES(7298945219316, 'Matilda', '1785-4-18', 5, 9);
INSERT INTO Person(name, birth) VALUES('Roald Dahl', '1837-4-22');
INSERT INTO BookWriter(idWriter, ISBN) VALUES(125, 7298945219316);
INSERT INTO BookLanguage(ISBN, codeLanguage) VALUES(7298945219316, 'PL');
INSERT INTO BookLanguage(ISBN, codeLanguage) VALUES(7298945219316, 'FR');
INSERT INTO Book(ISBN, name, publication, edition, idPublisher) VALUES(1491969199828, 'Bridget Joness Diary', '1809-5-26', 6, 2);
INSERT INTO Person(name, birth) VALUES('Helen Fielding', '1969-13-1');
INSERT INTO BookWriter(idWriter, ISBN) VALUES(126, 1491969199828);
INSERT INTO BookLanguage(ISBN, codeLanguage) VALUES(1491969199828, 'HU');
INSERT INTO BookGenre(ISBN, idGenre) VALUES(1491969199828, 20);
INSERT INTO BookGenre(ISBN, idGenre) VALUES(1491969199828, 23);
INSERT INTO Book(ISBN, name, publication, edition, idPublisher) VALUES(6807784274730, 'The Secret History', '1922-10-14', 4, 6);
INSERT INTO Person(name, birth) VALUES('Donna Tartt', '1944-13-7');
INSERT INTO BookWriter(idWriter, ISBN) VALUES(127, 6807784274730);
INSERT INTO BookLanguage(ISBN, codeLanguage) VALUES(6807784274730, 'EN');
INSERT INTO BookGenre(ISBN, idGenre) VALUES(6807784274730, 7);
INSERT INTO Book(ISBN, name, publication, edition, idPublisher) VALUES(6574049141244, 'The Woman in White', '1943-4-8', 6, 6);
INSERT INTO Person(name, birth) VALUES('Wilkie Collins', '1973-6-18');
INSERT INTO BookWriter(idWriter, ISBN) VALUES(128, 6574049141244);
INSERT INTO BookLanguage(ISBN, codeLanguage) VALUES(6574049141244, 'NL');
INSERT INTO BookGenre(ISBN, idGenre) VALUES(6574049141244, 25);
INSERT INTO Book(ISBN, name, publication, edition, idPublisher) VALUES(4501789589157, 'Ulysses', '1984-5-17', 12, 1);
INSERT INTO Person(name, birth) VALUES('James Joyce', '1806-8-26');
INSERT INTO BookWriter(idWriter, ISBN) VALUES(129, 4501789589157);
INSERT INTO BookLanguage(ISBN, codeLanguage) VALUES(4501789589157, 'DE');
INSERT INTO BookGenre(ISBN, idGenre) VALUES(4501789589157, 25);
INSERT INTO BookGenre(ISBN, idGenre) VALUES(4501789589157, 0);
INSERT INTO Book(ISBN, name, publication, edition, idPublisher) VALUES(1862349428429, 'Bleak House', '1802-9-8', 15, 3);
INSERT INTO Person(name, birth) VALUES('Charles Dickens', '1747-13-6');
INSERT INTO BookWriter(idWriter, ISBN) VALUES(130, 1862349428429);
INSERT INTO BookLanguage(ISBN, codeLanguage) VALUES(1862349428429, 'NL');
INSERT INTO Book(ISBN, name, publication, edition, idPublisher) VALUES(8386362626024, 'Double Act', '1907-6-9', 10, 4);
INSERT INTO Person(name, birth) VALUES('Jacqueline Wilson', '1997-13-1');
INSERT INTO BookWriter(idWriter, ISBN) VALUES(131, 8386362626024);
INSERT INTO BookLanguage(ISBN, codeLanguage) VALUES(8386362626024, 'FR');
INSERT INTO BookGenre(ISBN, idGenre) VALUES(8386362626024, 27);
INSERT INTO BookGenre(ISBN, idGenre) VALUES(8386362626024, 25);
INSERT INTO Book(ISBN, name, publication, edition, idPublisher) VALUES(3928090412727, 'The Twits', '1792-10-16', 15, 1);
INSERT INTO Person(name, birth) VALUES('Roald Dahl', '1777-5-15');
INSERT INTO BookWriter(idWriter, ISBN) VALUES(132, 3928090412727);
INSERT INTO BookLanguage(ISBN, codeLanguage) VALUES(3928090412727, 'ES');
INSERT INTO BookGenre(ISBN, idGenre) VALUES(3928090412727, 5);
INSERT INTO Book(ISBN, name, publication, edition, idPublisher) VALUES(4676484378199, 'I Capture the Castle', '1734-4-21', 1, 9);
INSERT INTO Person(name, birth) VALUES('Dodie Smith', '1994-13-19');
INSERT INTO BookWriter(idWriter, ISBN) VALUES(133, 4676484378199);
INSERT INTO BookLanguage(ISBN, codeLanguage) VALUES(4676484378199, 'DE');
INSERT INTO Book(ISBN, name, publication, edition, idPublisher) VALUES(5981969356200, 'Holes', '2008-3-2', 9, 10);
INSERT INTO Person(name, birth) VALUES('Louis Sachar', '1973-1-10');
INSERT INTO BookWriter(idWriter, ISBN) VALUES(134, 5981969356200);
INSERT INTO BookLanguage(ISBN, codeLanguage) VALUES(5981969356200, 'DE');
INSERT INTO Book(ISBN, name, publication, edition, idPublisher) VALUES(5420680805739, 'Gormenghast', '1852-9-2', 2, 8);
INSERT INTO Person(name, birth) VALUES('Mervyn Peake', '1965-12-14');
INSERT INTO BookWriter(idWriter, ISBN) VALUES(135, 5420680805739);
INSERT INTO BookLanguage(ISBN, codeLanguage) VALUES(5420680805739, 'IT');
INSERT INTO BookGenre(ISBN, idGenre) VALUES(5420680805739, 14);
INSERT INTO BookGenre(ISBN, idGenre) VALUES(5420680805739, 21);
INSERT INTO Book(ISBN, name, publication, edition, idPublisher) VALUES(2436099865618, 'The God of Small Things', '1886-6-1', 15, 8);
INSERT INTO Person(name, birth) VALUES('Arundhati Roy', '1924-2-13');
INSERT INTO BookWriter(idWriter, ISBN) VALUES(136, 2436099865618);
INSERT INTO BookLanguage(ISBN, codeLanguage) VALUES(2436099865618, 'NL');
INSERT INTO BookGenre(ISBN, idGenre) VALUES(2436099865618, 9);
INSERT INTO BookGenre(ISBN, idGenre) VALUES(2436099865618, 28);
INSERT INTO Book(ISBN, name, publication, edition, idPublisher) VALUES(9507794363260, 'Vicky Angel', '1982-9-2', 9, 8);
INSERT INTO Person(name, birth) VALUES('Jacqueline Wilson', '1871-8-3');
INSERT INTO BookWriter(idWriter, ISBN) VALUES(137, 9507794363260);
INSERT INTO BookLanguage(ISBN, codeLanguage) VALUES(9507794363260, 'ES');
INSERT INTO BookGenre(ISBN, idGenre) VALUES(9507794363260, 14);
INSERT INTO BookGenre(ISBN, idGenre) VALUES(9507794363260, 23);
INSERT INTO Book(ISBN, name, publication, edition, idPublisher) VALUES(7077175113204, 'Brave New World', '1935-7-23', 9, 1);
INSERT INTO Person(name, birth) VALUES('Aldous Huxley', '1772-12-14');
INSERT INTO BookWriter(idWriter, ISBN) VALUES(138, 7077175113204);
INSERT INTO BookLanguage(ISBN, codeLanguage) VALUES(7077175113204, 'HU');
INSERT INTO BookGenre(ISBN, idGenre) VALUES(7077175113204, 16);
INSERT INTO BookGenre(ISBN, idGenre) VALUES(7077175113204, 14);
INSERT INTO Book(ISBN, name, publication, edition, idPublisher) VALUES(2793970719421, 'Cold Comfort Farm', '1849-1-16', 2, 5);
INSERT INTO Person(name, birth) VALUES('Stella Gibbons', '1759-2-21');
INSERT INTO BookWriter(idWriter, ISBN) VALUES(139, 2793970719421);
INSERT INTO BookLanguage(ISBN, codeLanguage) VALUES(2793970719421, 'HU');
INSERT INTO BookGenre(ISBN, idGenre) VALUES(2793970719421, 16);
INSERT INTO Book(ISBN, name, publication, edition, idPublisher) VALUES(5155537289637, 'Magician', '1743-10-26', 2, 5);
INSERT INTO Person(name, birth) VALUES('Raymond E. Feist', '1731-4-24');
INSERT INTO BookWriter(idWriter, ISBN) VALUES(140, 5155537289637);
INSERT INTO BookLanguage(ISBN, codeLanguage) VALUES(5155537289637, 'RO');
INSERT INTO BookGenre(ISBN, idGenre) VALUES(5155537289637, 21);
INSERT INTO Book(ISBN, name, publication, edition, idPublisher) VALUES(9134323382466, 'On the Road', '1867-13-24', 15, 4);
INSERT INTO Person(name, birth) VALUES('Jack Kerouac', '1748-7-23');
INSERT INTO BookWriter(idWriter, ISBN) VALUES(141, 9134323382466);
INSERT INTO BookLanguage(ISBN, codeLanguage) VALUES(9134323382466, 'IT');
INSERT INTO BookGenre(ISBN, idGenre) VALUES(9134323382466, 22);
INSERT INTO BookGenre(ISBN, idGenre) VALUES(9134323382466, 4);
INSERT INTO Book(ISBN, name, publication, edition, idPublisher) VALUES(4292995932290, 'The Godfather', '1962-8-23', 6, 1);
INSERT INTO Person(name, birth) VALUES('Mario Puzo', '1947-3-24');
INSERT INTO BookWriter(idWriter, ISBN) VALUES(142, 4292995932290);
INSERT INTO BookLanguage(ISBN, codeLanguage) VALUES(4292995932290, 'DE');
INSERT INTO BookLanguage(ISBN, codeLanguage) VALUES(4292995932290, 'ES');
INSERT INTO BookGenre(ISBN, idGenre) VALUES(4292995932290, 0);
INSERT INTO Book(ISBN, name, publication, edition, idPublisher) VALUES(8618476170589, 'The Clan of the Cave Bear', '1813-8-24', 9, 8);
INSERT INTO Person(name, birth) VALUES('Jean M. Auel', '1716-2-2');
INSERT INTO BookWriter(idWriter, ISBN) VALUES(143, 8618476170589);
INSERT INTO BookLanguage(ISBN, codeLanguage) VALUES(8618476170589, 'EN');
INSERT INTO BookLanguage(ISBN, codeLanguage) VALUES(8618476170589, 'FR');
INSERT INTO BookGenre(ISBN, idGenre) VALUES(8618476170589, 26);
INSERT INTO Book(ISBN, name, publication, edition, idPublisher) VALUES(1001575487585, 'The Colour of Magic', '1795-7-1', 4, 9);
INSERT INTO Person(name, birth) VALUES('Terry Pratchett', '1851-12-12');
INSERT INTO BookWriter(idWriter, ISBN) VALUES(144, 1001575487585);
INSERT INTO BookLanguage(ISBN, codeLanguage) VALUES(1001575487585, 'HU');
INSERT INTO Book(ISBN, name, publication, edition, idPublisher) VALUES(5202906190882, 'The Alchemist', '1746-5-3', 8, 1);
INSERT INTO Person(name, birth) VALUES('Paulo Coelho', '1746-12-20');
INSERT INTO BookWriter(idWriter, ISBN) VALUES(145, 5202906190882);
INSERT INTO BookLanguage(ISBN, codeLanguage) VALUES(5202906190882, 'FR');
INSERT INTO BookGenre(ISBN, idGenre) VALUES(5202906190882, 11);
INSERT INTO BookGenre(ISBN, idGenre) VALUES(5202906190882, 19);
INSERT INTO Book(ISBN, name, publication, edition, idPublisher) VALUES(1015434918808, 'Katherine', '2002-3-18', 10, 3);
INSERT INTO Person(name, birth) VALUES('Anya Seton', '1762-1-1');
INSERT INTO BookWriter(idWriter, ISBN) VALUES(146, 1015434918808);
INSERT INTO BookLanguage(ISBN, codeLanguage) VALUES(1015434918808, 'HU');
INSERT INTO Book(ISBN, name, publication, edition, idPublisher) VALUES(7006549179893, 'Kane and Abel', '1801-13-25', 12, 9);
INSERT INTO Person(name, birth) VALUES('Jeffrey Archer', '1896-7-19');
INSERT INTO BookWriter(idWriter, ISBN) VALUES(147, 7006549179893);
INSERT INTO BookLanguage(ISBN, codeLanguage) VALUES(7006549179893, 'PL');
INSERT INTO Book(ISBN, name, publication, edition, idPublisher) VALUES(7578399098294, 'Love in the Time of Cholera', '1772-6-4', 1, 6);
INSERT INTO Person(name, birth) VALUES('Gabriel García Márquez', '1850-8-24');
INSERT INTO BookWriter(idWriter, ISBN) VALUES(148, 7578399098294);
INSERT INTO BookLanguage(ISBN, codeLanguage) VALUES(7578399098294, 'FR');
INSERT INTO Book(ISBN, name, publication, edition, idPublisher) VALUES(9173886727419, 'Girls in Love', '1925-5-19', 13, 1);
INSERT INTO Person(name, birth) VALUES('Jacqueline Wilson', '1896-10-26');
INSERT INTO BookWriter(idWriter, ISBN) VALUES(149, 9173886727419);
INSERT INTO BookLanguage(ISBN, codeLanguage) VALUES(9173886727419, 'PL');
INSERT INTO BookGenre(ISBN, idGenre) VALUES(9173886727419, 15);
INSERT INTO Book(ISBN, name, publication, edition, idPublisher) VALUES(4463465160833, 'The Princess Diaries', '1877-5-23', 4, 10);
INSERT INTO Person(name, birth) VALUES('Meg Cabot', '1778-6-15');
INSERT INTO BookWriter(idWriter, ISBN) VALUES(150, 4463465160833);
INSERT INTO BookLanguage(ISBN, codeLanguage) VALUES(4463465160833, 'SV');
INSERT INTO BookGenre(ISBN, idGenre) VALUES(4463465160833, 24);
INSERT INTO Book(ISBN, name, publication, edition, idPublisher) VALUES(8811245350182, 'Midnights Children', '1820-13-5', 7, 5);
INSERT INTO Person(name, birth) VALUES('Salman Rushdie', '1817-7-15');
INSERT INTO BookWriter(idWriter, ISBN) VALUES(151, 8811245350182);
INSERT INTO BookLanguage(ISBN, codeLanguage) VALUES(8811245350182, 'PT');
INSERT INTO Book(ISBN, name, publication, edition, idPublisher) VALUES(8645437670874, 'Three Men in a Boat', '1888-7-14', 11, 9);
INSERT INTO Person(name, birth) VALUES('Jerome K. Jerome', '1802-6-21');
INSERT INTO BookWriter(idWriter, ISBN) VALUES(152, 8645437670874);
INSERT INTO BookLanguage(ISBN, codeLanguage) VALUES(8645437670874, 'DE');
INSERT INTO BookGenre(ISBN, idGenre) VALUES(8645437670874, 23);
INSERT INTO BookGenre(ISBN, idGenre) VALUES(8645437670874, 5);
INSERT INTO Book(ISBN, name, publication, edition, idPublisher) VALUES(6569806917656, 'Small Gods', '1816-7-13', 13, 9);
INSERT INTO Person(name, birth) VALUES('Terry Pratchett', '1955-9-18');
INSERT INTO BookWriter(idWriter, ISBN) VALUES(153, 6569806917656);
INSERT INTO BookLanguage(ISBN, codeLanguage) VALUES(6569806917656, 'ES');
INSERT INTO Book(ISBN, name, publication, edition, idPublisher) VALUES(9558834924967, 'The Beach', '1860-2-14', 3, 7);
INSERT INTO Person(name, birth) VALUES('Alex Garland', '1702-4-18');
INSERT INTO BookWriter(idWriter, ISBN) VALUES(154, 9558834924967);
INSERT INTO BookLanguage(ISBN, codeLanguage) VALUES(9558834924967, 'IT');
INSERT INTO BookGenre(ISBN, idGenre) VALUES(9558834924967, 17);
INSERT INTO Book(ISBN, name, publication, edition, idPublisher) VALUES(4428032071109, 'Dracula', '1807-5-27', 11, 7);
INSERT INTO Person(name, birth) VALUES('Bram Stoker', '1850-7-14');
INSERT INTO BookWriter(idWriter, ISBN) VALUES(155, 4428032071109);
INSERT INTO BookLanguage(ISBN, codeLanguage) VALUES(4428032071109, 'CZ');
INSERT INTO BookLanguage(ISBN, codeLanguage) VALUES(4428032071109, 'RO');
INSERT INTO Book(ISBN, name, publication, edition, idPublisher) VALUES(5901984796733, 'Point Blanc', '1924-11-15', 1, 9);
INSERT INTO Person(name, birth) VALUES('Anthony Horowitz', '1927-2-4');
INSERT INTO BookWriter(idWriter, ISBN) VALUES(156, 5901984796733);
INSERT INTO BookLanguage(ISBN, codeLanguage) VALUES(5901984796733, 'PL');
INSERT INTO BookGenre(ISBN, idGenre) VALUES(5901984796733, 18);
INSERT INTO BookGenre(ISBN, idGenre) VALUES(5901984796733, 26);
INSERT INTO Book(ISBN, name, publication, edition, idPublisher) VALUES(2269569037779, 'The Pickwick Papers', '1799-10-16', 14, 5);
INSERT INTO Person(name, birth) VALUES('Charles Dickens', '1892-6-9');
INSERT INTO BookWriter(idWriter, ISBN) VALUES(157, 2269569037779);
INSERT INTO BookLanguage(ISBN, codeLanguage) VALUES(2269569037779, 'SV');
INSERT INTO Book(ISBN, name, publication, edition, idPublisher) VALUES(5430216917899, 'Stormbreaker', '1852-3-1', 5, 4);
INSERT INTO Person(name, birth) VALUES('Anthony Horowitz', '1922-11-5');
INSERT INTO BookWriter(idWriter, ISBN) VALUES(158, 5430216917899);
INSERT INTO BookLanguage(ISBN, codeLanguage) VALUES(5430216917899, 'RO');
INSERT INTO BookLanguage(ISBN, codeLanguage) VALUES(5430216917899, 'PL');
INSERT INTO BookGenre(ISBN, idGenre) VALUES(5430216917899, 21);
INSERT INTO Book(ISBN, name, publication, edition, idPublisher) VALUES(7963839346023, 'The Wasp Factory', '1909-5-26', 9, 8);
INSERT INTO Person(name, birth) VALUES('Iain Banks', '1714-1-27');
INSERT INTO BookWriter(idWriter, ISBN) VALUES(159, 7963839346023);
INSERT INTO BookLanguage(ISBN, codeLanguage) VALUES(7963839346023, 'IT');
INSERT INTO BookGenre(ISBN, idGenre) VALUES(7963839346023, 22);
INSERT INTO BookGenre(ISBN, idGenre) VALUES(7963839346023, 4);
INSERT INTO Book(ISBN, name, publication, edition, idPublisher) VALUES(7989685956741, 'The Day of the Jackal', '1917-10-24', 6, 2);
INSERT INTO Person(name, birth) VALUES('Frederick Forsyth', '1823-11-11');
INSERT INTO BookWriter(idWriter, ISBN) VALUES(160, 7989685956741);
INSERT INTO BookLanguage(ISBN, codeLanguage) VALUES(7989685956741, 'NL');
INSERT INTO BookGenre(ISBN, idGenre) VALUES(7989685956741, 2);
INSERT INTO BookGenre(ISBN, idGenre) VALUES(7989685956741, 3);
INSERT INTO Book(ISBN, name, publication, edition, idPublisher) VALUES(1422735695716, 'The Illustrated Mum', '1764-8-11', 6, 4);
INSERT INTO Person(name, birth) VALUES('Jacqueline Wilson', '1805-6-15');
INSERT INTO BookWriter(idWriter, ISBN) VALUES(161, 1422735695716);
INSERT INTO BookLanguage(ISBN, codeLanguage) VALUES(1422735695716, 'NL');
INSERT INTO BookLanguage(ISBN, codeLanguage) VALUES(1422735695716, 'IT');
INSERT INTO BookGenre(ISBN, idGenre) VALUES(1422735695716, 3);
INSERT INTO Book(ISBN, name, publication, edition, idPublisher) VALUES(5082010131749, 'Jude the Obscure', '1849-10-3', 14, 6);
INSERT INTO Person(name, birth) VALUES('Thomas Hardy', '1911-13-18');
INSERT INTO BookWriter(idWriter, ISBN) VALUES(162, 5082010131749);
INSERT INTO BookLanguage(ISBN, codeLanguage) VALUES(5082010131749, 'CZ');
INSERT INTO BookGenre(ISBN, idGenre) VALUES(5082010131749, 6);
INSERT INTO BookGenre(ISBN, idGenre) VALUES(5082010131749, 16);
INSERT INTO Book(ISBN, name, publication, edition, idPublisher) VALUES(3962943701491, 'The Secret Diary of Adrian Mole, Aged 13¾', '1837-9-24', 2, 2);
INSERT INTO Person(name, birth) VALUES('Sue Townsend', '1961-6-14');
INSERT INTO BookWriter(idWriter, ISBN) VALUES(163, 3962943701491);
INSERT INTO BookLanguage(ISBN, codeLanguage) VALUES(3962943701491, 'ES');
INSERT INTO BookGenre(ISBN, idGenre) VALUES(3962943701491, 5);
INSERT INTO BookGenre(ISBN, idGenre) VALUES(3962943701491, 3);
INSERT INTO Book(ISBN, name, publication, edition, idPublisher) VALUES(1644422307436, 'The Cruel Sea', '1802-7-4', 4, 3);
INSERT INTO Person(name, birth) VALUES('Nicholas Monsarrat', '1733-2-20');
INSERT INTO BookWriter(idWriter, ISBN) VALUES(164, 1644422307436);
INSERT INTO BookLanguage(ISBN, codeLanguage) VALUES(1644422307436, 'FR');
INSERT INTO BookGenre(ISBN, idGenre) VALUES(1644422307436, 4);
INSERT INTO BookGenre(ISBN, idGenre) VALUES(1644422307436, 17);
INSERT INTO Book(ISBN, name, publication, edition, idPublisher) VALUES(1463607628769, 'Les Misérables', '2019-7-10', 3, 4);
INSERT INTO Person(name, birth) VALUES('Victor Hugo', '1993-11-29');
INSERT INTO BookWriter(idWriter, ISBN) VALUES(165, 1463607628769);
INSERT INTO BookLanguage(ISBN, codeLanguage) VALUES(1463607628769, 'SV');
INSERT INTO BookGenre(ISBN, idGenre) VALUES(1463607628769, 5);
INSERT INTO BookGenre(ISBN, idGenre) VALUES(1463607628769, 22);
INSERT INTO Book(ISBN, name, publication, edition, idPublisher) VALUES(5155826913078, 'The Mayor of Casterbridge', '1922-9-29', 9, 4);
INSERT INTO Person(name, birth) VALUES('Thomas Hardy', '1920-2-3');
INSERT INTO BookWriter(idWriter, ISBN) VALUES(166, 5155826913078);
INSERT INTO BookLanguage(ISBN, codeLanguage) VALUES(5155826913078, 'NL');
INSERT INTO BookGenre(ISBN, idGenre) VALUES(5155826913078, 17);
INSERT INTO BookGenre(ISBN, idGenre) VALUES(5155826913078, 14);
INSERT INTO Book(ISBN, name, publication, edition, idPublisher) VALUES(7929692914499, 'The Dare Game', '2014-3-24', 10, 6);
INSERT INTO Person(name, birth) VALUES('Jacqueline Wilson', '1808-7-21');
INSERT INTO BookWriter(idWriter, ISBN) VALUES(167, 7929692914499);
INSERT INTO BookLanguage(ISBN, codeLanguage) VALUES(7929692914499, 'NL');
INSERT INTO BookLanguage(ISBN, codeLanguage) VALUES(7929692914499, 'ES');
INSERT INTO BookGenre(ISBN, idGenre) VALUES(7929692914499, 24);
INSERT INTO BookGenre(ISBN, idGenre) VALUES(7929692914499, 29);
INSERT INTO Book(ISBN, name, publication, edition, idPublisher) VALUES(3559131420904, 'Bad Girls', '2014-10-24', 2, 2);
INSERT INTO Person(name, birth) VALUES('Jacqueline Wilson', '1909-4-4');
INSERT INTO BookWriter(idWriter, ISBN) VALUES(168, 3559131420904);
INSERT INTO BookLanguage(ISBN, codeLanguage) VALUES(3559131420904, 'FR');
INSERT INTO Book(ISBN, name, publication, edition, idPublisher) VALUES(7599923166298, 'The Picture of Dorian Gray', '1732-12-26', 4, 7);
INSERT INTO Person(name, birth) VALUES('Oscar Wilde', '1769-7-26');
INSERT INTO BookWriter(idWriter, ISBN) VALUES(169, 7599923166298);
INSERT INTO BookLanguage(ISBN, codeLanguage) VALUES(7599923166298, 'EN');
INSERT INTO Book(ISBN, name, publication, edition, idPublisher) VALUES(5512703586601, 'Shōgun', '1751-7-27', 9, 5);
INSERT INTO Person(name, birth) VALUES('James Clavell', '1963-7-13');
INSERT INTO BookWriter(idWriter, ISBN) VALUES(170, 5512703586601);
INSERT INTO BookLanguage(ISBN, codeLanguage) VALUES(5512703586601, 'NL');
INSERT INTO BookGenre(ISBN, idGenre) VALUES(5512703586601, 12);
INSERT INTO BookGenre(ISBN, idGenre) VALUES(5512703586601, 19);
INSERT INTO Book(ISBN, name, publication, edition, idPublisher) VALUES(5741791090541, 'The Day of the Triffids', '1901-5-29', 14, 4);
INSERT INTO Person(name, birth) VALUES('John Wyndham', '1908-11-25');
INSERT INTO BookWriter(idWriter, ISBN) VALUES(171, 5741791090541);
INSERT INTO BookLanguage(ISBN, codeLanguage) VALUES(5741791090541, 'HU');
INSERT INTO BookGenre(ISBN, idGenre) VALUES(5741791090541, 4);
INSERT INTO Book(ISBN, name, publication, edition, idPublisher) VALUES(7885158984934, 'Lola Rose', '1958-1-4', 9, 9);
INSERT INTO Person(name, birth) VALUES('Jacqueline Wilson', '1876-10-25');
INSERT INTO BookWriter(idWriter, ISBN) VALUES(172, 7885158984934);
INSERT INTO BookLanguage(ISBN, codeLanguage) VALUES(7885158984934, 'SV');
INSERT INTO Book(ISBN, name, publication, edition, idPublisher) VALUES(3928199777742, 'Vanity Fair', '1932-4-13', 10, 10);
INSERT INTO Person(name, birth) VALUES('William Makepeace Thackeray', '1876-4-22');
INSERT INTO BookWriter(idWriter, ISBN) VALUES(173, 3928199777742);
INSERT INTO BookLanguage(ISBN, codeLanguage) VALUES(3928199777742, 'SV');
INSERT INTO BookGenre(ISBN, idGenre) VALUES(3928199777742, 28);
INSERT INTO Book(ISBN, name, publication, edition, idPublisher) VALUES(6420924910503, 'The Forsyte Saga', '1848-3-12', 1, 3);
INSERT INTO Person(name, birth) VALUES('John Galsworthy', '1786-13-18');
INSERT INTO BookWriter(idWriter, ISBN) VALUES(174, 6420924910503);
INSERT INTO BookLanguage(ISBN, codeLanguage) VALUES(6420924910503, 'DE');
INSERT INTO BookGenre(ISBN, idGenre) VALUES(6420924910503, 26);
INSERT INTO Book(ISBN, name, publication, edition, idPublisher) VALUES(3618833224601, 'House of Leaves', '1721-9-25', 1, 7);
INSERT INTO Person(name, birth) VALUES('Mark Z. Danielewski', '1732-13-2');
INSERT INTO BookWriter(idWriter, ISBN) VALUES(175, 3618833224601);
INSERT INTO BookLanguage(ISBN, codeLanguage) VALUES(3618833224601, 'HU');
INSERT INTO BookLanguage(ISBN, codeLanguage) VALUES(3618833224601, 'FR');
INSERT INTO BookGenre(ISBN, idGenre) VALUES(3618833224601, 12);
INSERT INTO Book(ISBN, name, publication, edition, idPublisher) VALUES(2455073225861, 'The Poisonwood Bible', '1745-11-17', 1, 3);
INSERT INTO Person(name, birth) VALUES('Barbara Kingsolver', '1893-11-23');
INSERT INTO BookWriter(idWriter, ISBN) VALUES(176, 2455073225861);
INSERT INTO BookLanguage(ISBN, codeLanguage) VALUES(2455073225861, 'NL');
INSERT INTO BookLanguage(ISBN, codeLanguage) VALUES(2455073225861, 'SV');
INSERT INTO BookGenre(ISBN, idGenre) VALUES(2455073225861, 22);
INSERT INTO BookGenre(ISBN, idGenre) VALUES(2455073225861, 6);
INSERT INTO Book(ISBN, name, publication, edition, idPublisher) VALUES(6787202744177, 'Reaper Man', '1803-12-2', 9, 2);
INSERT INTO Person(name, birth) VALUES('Terry Pratchett', '1906-1-28');
INSERT INTO BookWriter(idWriter, ISBN) VALUES(177, 6787202744177);
INSERT INTO BookLanguage(ISBN, codeLanguage) VALUES(6787202744177, 'NL');
INSERT INTO Book(ISBN, name, publication, edition, idPublisher) VALUES(8696314434710, 'Angus, Thongs and Full-Frontal Snogging', '1810-12-26', 11, 7);
INSERT INTO Person(name, birth) VALUES('Louise Rennison', '1841-7-27');
INSERT INTO BookWriter(idWriter, ISBN) VALUES(178, 8696314434710);
INSERT INTO BookLanguage(ISBN, codeLanguage) VALUES(8696314434710, 'IT');
INSERT INTO BookLanguage(ISBN, codeLanguage) VALUES(8696314434710, 'NL');
INSERT INTO Book(ISBN, name, publication, edition, idPublisher) VALUES(8255113066936, 'The Hound of the Baskervilles', '1864-5-16', 11, 3);
INSERT INTO Person(name, birth) VALUES('Arthur Conan Doyle', '1863-13-11');
INSERT INTO BookWriter(idWriter, ISBN) VALUES(179, 8255113066936);
INSERT INTO BookLanguage(ISBN, codeLanguage) VALUES(8255113066936, 'RO');
INSERT INTO Book(ISBN, name, publication, edition, idPublisher) VALUES(4910792224061, 'Possession: A Romance', '1968-7-1', 14, 8);
INSERT INTO Person(name, birth) VALUES('A. S. Byatt', '1939-1-14');
INSERT INTO BookWriter(idWriter, ISBN) VALUES(180, 4910792224061);
INSERT INTO BookLanguage(ISBN, codeLanguage) VALUES(4910792224061, 'SV');
INSERT INTO BookGenre(ISBN, idGenre) VALUES(4910792224061, 9);
INSERT INTO Book(ISBN, name, publication, edition, idPublisher) VALUES(2646367257941, 'The Master and Margarita', '1992-3-26', 7, 1);
INSERT INTO Person(name, birth) VALUES('Mikhail Bulgakov', '1749-4-2');
INSERT INTO BookWriter(idWriter, ISBN) VALUES(181, 2646367257941);
INSERT INTO BookLanguage(ISBN, codeLanguage) VALUES(2646367257941, 'FR');
INSERT INTO BookGenre(ISBN, idGenre) VALUES(2646367257941, 0);
INSERT INTO Book(ISBN, name, publication, edition, idPublisher) VALUES(6807374845243, 'The Handmaids Tale', '1976-3-23', 3, 2);
INSERT INTO Person(name, birth) VALUES('Margaret Atwood', '1895-10-26');
INSERT INTO BookWriter(idWriter, ISBN) VALUES(182, 6807374845243);
INSERT INTO BookLanguage(ISBN, codeLanguage) VALUES(6807374845243, 'CZ');
INSERT INTO BookGenre(ISBN, idGenre) VALUES(6807374845243, 2);
INSERT INTO BookGenre(ISBN, idGenre) VALUES(6807374845243, 11);
INSERT INTO Book(ISBN, name, publication, edition, idPublisher) VALUES(5373616747736, 'Danny, the Champion of the World', '1986-13-14', 13, 10);
INSERT INTO Person(name, birth) VALUES('Roald Dahl', '1908-6-6');
INSERT INTO BookWriter(idWriter, ISBN) VALUES(183, 5373616747736);
INSERT INTO BookLanguage(ISBN, codeLanguage) VALUES(5373616747736, 'ES');
INSERT INTO Book(ISBN, name, publication, edition, idPublisher) VALUES(7729386406498, 'East of Eden', '1922-6-13', 2, 2);
INSERT INTO Person(name, birth) VALUES('John Steinbeck', '1861-8-11');
INSERT INTO BookWriter(idWriter, ISBN) VALUES(184, 7729386406498);
INSERT INTO BookLanguage(ISBN, codeLanguage) VALUES(7729386406498, 'SV');
INSERT INTO BookGenre(ISBN, idGenre) VALUES(7729386406498, 3);
INSERT INTO Book(ISBN, name, publication, edition, idPublisher) VALUES(4262888188742, 'Georges Marvellous Medicine', '1877-7-5', 11, 4);
INSERT INTO Person(name, birth) VALUES('Roald Dahl', '1911-4-22');
INSERT INTO BookWriter(idWriter, ISBN) VALUES(185, 4262888188742);
INSERT INTO BookLanguage(ISBN, codeLanguage) VALUES(4262888188742, 'HU');
INSERT INTO BookGenre(ISBN, idGenre) VALUES(4262888188742, 11);
INSERT INTO BookGenre(ISBN, idGenre) VALUES(4262888188742, 25);
INSERT INTO Book(ISBN, name, publication, edition, idPublisher) VALUES(6187748653311, 'Wyrd Sisters', '1972-4-21', 11, 10);
INSERT INTO Person(name, birth) VALUES('Terry Pratchett', '1809-10-1');
INSERT INTO BookWriter(idWriter, ISBN) VALUES(186, 6187748653311);
INSERT INTO BookLanguage(ISBN, codeLanguage) VALUES(6187748653311, 'FR');
INSERT INTO BookGenre(ISBN, idGenre) VALUES(6187748653311, 27);
INSERT INTO Book(ISBN, name, publication, edition, idPublisher) VALUES(4812997942789, 'The Color Purple', '1752-8-11', 11, 2);
INSERT INTO Person(name, birth) VALUES('Alice Walker', '1825-13-1');
INSERT INTO BookWriter(idWriter, ISBN) VALUES(187, 4812997942789);
INSERT INTO BookLanguage(ISBN, codeLanguage) VALUES(4812997942789, 'ES');
INSERT INTO BookGenre(ISBN, idGenre) VALUES(4812997942789, 11);
INSERT INTO Book(ISBN, name, publication, edition, idPublisher) VALUES(6890355571423, 'Hogfather', '1843-5-2', 3, 9);
INSERT INTO Person(name, birth) VALUES('Terry Pratchett', '1973-13-23');
INSERT INTO BookWriter(idWriter, ISBN) VALUES(188, 6890355571423);
INSERT INTO BookLanguage(ISBN, codeLanguage) VALUES(6890355571423, 'PT');
INSERT INTO BookLanguage(ISBN, codeLanguage) VALUES(6890355571423, 'HU');
INSERT INTO BookGenre(ISBN, idGenre) VALUES(6890355571423, 16);
INSERT INTO Book(ISBN, name, publication, edition, idPublisher) VALUES(7319784650869, 'The Thirty-Nine Steps', '1743-8-13', 4, 4);
INSERT INTO Person(name, birth) VALUES('John Buchan', '1924-2-12');
INSERT INTO BookWriter(idWriter, ISBN) VALUES(189, 7319784650869);
INSERT INTO BookLanguage(ISBN, codeLanguage) VALUES(7319784650869, 'PL');
INSERT INTO BookGenre(ISBN, idGenre) VALUES(7319784650869, 26);
INSERT INTO Book(ISBN, name, publication, edition, idPublisher) VALUES(7421373053158, 'Girls in Tears', '1990-2-17', 1, 1);
INSERT INTO Person(name, birth) VALUES('Jacqueline Wilson', '1700-7-29');
INSERT INTO BookWriter(idWriter, ISBN) VALUES(190, 7421373053158);
INSERT INTO BookLanguage(ISBN, codeLanguage) VALUES(7421373053158, 'HU');
INSERT INTO Book(ISBN, name, publication, edition, idPublisher) VALUES(3343459106942, 'Sleepovers', '1925-6-22', 13, 6);
INSERT INTO Person(name, birth) VALUES('Jacqueline Wilson', '1977-8-7');
INSERT INTO BookWriter(idWriter, ISBN) VALUES(191, 3343459106942);
INSERT INTO BookLanguage(ISBN, codeLanguage) VALUES(3343459106942, 'NL');
INSERT INTO BookGenre(ISBN, idGenre) VALUES(3343459106942, 2);
INSERT INTO BookGenre(ISBN, idGenre) VALUES(3343459106942, 3);
INSERT INTO Book(ISBN, name, publication, edition, idPublisher) VALUES(8181317911271, 'All Quiet on the Western Front', '1846-11-8', 12, 6);
INSERT INTO Person(name, birth) VALUES('Erich Maria Remarque', '1736-1-4');
INSERT INTO BookWriter(idWriter, ISBN) VALUES(192, 8181317911271);
INSERT INTO BookLanguage(ISBN, codeLanguage) VALUES(8181317911271, 'FR');
INSERT INTO BookGenre(ISBN, idGenre) VALUES(8181317911271, 23);
INSERT INTO BookGenre(ISBN, idGenre) VALUES(8181317911271, 0);
INSERT INTO Book(ISBN, name, publication, edition, idPublisher) VALUES(5373316032069, 'Behind the Scenes at the Museum', '2017-2-18', 5, 5);
INSERT INTO Person(name, birth) VALUES('Kate Atkinson', '1951-9-14');
INSERT INTO BookWriter(idWriter, ISBN) VALUES(193, 5373316032069);
INSERT INTO BookLanguage(ISBN, codeLanguage) VALUES(5373316032069, 'CZ');
INSERT INTO BookGenre(ISBN, idGenre) VALUES(5373316032069, 5);
INSERT INTO BookGenre(ISBN, idGenre) VALUES(5373316032069, 21);
INSERT INTO Book(ISBN, name, publication, edition, idPublisher) VALUES(6619932986909, 'High Fidelity', '2009-13-4', 4, 9);
INSERT INTO Person(name, birth) VALUES('Nick Hornby', '1903-3-18');
INSERT INTO BookWriter(idWriter, ISBN) VALUES(194, 6619932986909);
INSERT INTO BookLanguage(ISBN, codeLanguage) VALUES(6619932986909, 'EN');
INSERT INTO BookLanguage(ISBN, codeLanguage) VALUES(6619932986909, 'PT');
INSERT INTO BookGenre(ISBN, idGenre) VALUES(6619932986909, 0);
INSERT INTO Book(ISBN, name, publication, edition, idPublisher) VALUES(1527526502221, 'It', '1828-10-12', 8, 6);
INSERT INTO Person(name, birth) VALUES('Stephen King', '1866-9-15');
INSERT INTO BookWriter(idWriter, ISBN) VALUES(195, 1527526502221);
INSERT INTO BookLanguage(ISBN, codeLanguage) VALUES(1527526502221, 'RO');
INSERT INTO Book(ISBN, name, publication, edition, idPublisher) VALUES(1347165406647, 'James and the Giant Peach', '1869-11-9', 15, 1);
INSERT INTO Person(name, birth) VALUES('Roald Dahl', '1700-4-9');
INSERT INTO BookWriter(idWriter, ISBN) VALUES(196, 1347165406647);
INSERT INTO BookLanguage(ISBN, codeLanguage) VALUES(1347165406647, 'EN');
INSERT INTO BookGenre(ISBN, idGenre) VALUES(1347165406647, 22);
INSERT INTO Book(ISBN, name, publication, edition, idPublisher) VALUES(4612216497396, 'The Green Mile', '1793-2-26', 6, 6);
INSERT INTO Person(name, birth) VALUES('Stephen King', '1741-9-3');
INSERT INTO BookWriter(idWriter, ISBN) VALUES(197, 4612216497396);
INSERT INTO BookLanguage(ISBN, codeLanguage) VALUES(4612216497396, 'ES');
INSERT INTO BookLanguage(ISBN, codeLanguage) VALUES(4612216497396, 'IT');
INSERT INTO BookGenre(ISBN, idGenre) VALUES(4612216497396, 18);
INSERT INTO Book(ISBN, name, publication, edition, idPublisher) VALUES(1023587400570, 'Papillon', '2010-12-12', 11, 1);
INSERT INTO Person(name, birth) VALUES('Henri Charrière', '1818-1-28');
INSERT INTO BookWriter(idWriter, ISBN) VALUES(198, 1023587400570);
INSERT INTO BookLanguage(ISBN, codeLanguage) VALUES(1023587400570, 'PT');
INSERT INTO Book(ISBN, name, publication, edition, idPublisher) VALUES(4666772073153, 'Men at Arms', '1873-7-27', 3, 3);
INSERT INTO Person(name, birth) VALUES('Terry Pratchett', '1781-5-15');
INSERT INTO BookWriter(idWriter, ISBN) VALUES(199, 4666772073153);
INSERT INTO BookLanguage(ISBN, codeLanguage) VALUES(4666772073153, 'HU');
INSERT INTO BookGenre(ISBN, idGenre) VALUES(4666772073153, 14);
INSERT INTO BookGenre(ISBN, idGenre) VALUES(4666772073153, 10);
INSERT INTO Book(ISBN, name, publication, edition, idPublisher) VALUES(4635898501906, 'Master and Commander', '1795-13-28', 12, 1);
INSERT INTO Person(name, birth) VALUES('Patrick OBrian', '1793-12-13');
INSERT INTO BookWriter(idWriter, ISBN) VALUES(200, 4635898501906);
INSERT INTO BookLanguage(ISBN, codeLanguage) VALUES(4635898501906, 'CZ');
INSERT INTO Book(ISBN, name, publication, edition, idPublisher) VALUES(7074040917601, 'Skeleton Key', '1950-3-17', 14, 4);
INSERT INTO Person(name, birth) VALUES('Anthony Horowitz', '1760-5-13');
INSERT INTO BookWriter(idWriter, ISBN) VALUES(201, 7074040917601);
INSERT INTO BookLanguage(ISBN, codeLanguage) VALUES(7074040917601, 'CZ');
INSERT INTO BookLanguage(ISBN, codeLanguage) VALUES(7074040917601, 'PT');
INSERT INTO Book(ISBN, name, publication, edition, idPublisher) VALUES(5467606195756, 'Soul Music', '1881-2-21', 10, 3);
INSERT INTO Person(name, birth) VALUES('Terry Pratchett', '1839-4-24');
INSERT INTO BookWriter(idWriter, ISBN) VALUES(202, 5467606195756);
INSERT INTO BookLanguage(ISBN, codeLanguage) VALUES(5467606195756, 'EN');
INSERT INTO Book(ISBN, name, publication, edition, idPublisher) VALUES(5781700239020, 'Thief of Time', '1829-13-21', 11, 2);
INSERT INTO Person(name, birth) VALUES('Terry Pratchett', '1815-12-22');
INSERT INTO BookWriter(idWriter, ISBN) VALUES(203, 5781700239020);
INSERT INTO BookLanguage(ISBN, codeLanguage) VALUES(5781700239020, 'NL');
INSERT INTO BookGenre(ISBN, idGenre) VALUES(5781700239020, 9);
INSERT INTO Book(ISBN, name, publication, edition, idPublisher) VALUES(5781440412669, 'The Fifth Elephant', '1731-12-11', 6, 7);
INSERT INTO Person(name, birth) VALUES('Terry Pratchett', '1769-10-4');
INSERT INTO BookWriter(idWriter, ISBN) VALUES(204, 5781440412669);
INSERT INTO BookLanguage(ISBN, codeLanguage) VALUES(5781440412669, 'IT');
INSERT INTO Book(ISBN, name, publication, edition, idPublisher) VALUES(6881610455787, 'Atonement', '1840-4-5', 15, 4);
INSERT INTO Person(name, birth) VALUES('Ian McEwan', '1840-9-22');
INSERT INTO BookWriter(idWriter, ISBN) VALUES(205, 6881610455787);
INSERT INTO BookLanguage(ISBN, codeLanguage) VALUES(6881610455787, 'ES');
INSERT INTO Book(ISBN, name, publication, edition, idPublisher) VALUES(2435689702729, 'Secrets', '1852-5-9', 4, 3);
INSERT INTO Person(name, birth) VALUES('Jacqueline Wilson', '1727-13-20');
INSERT INTO BookWriter(idWriter, ISBN) VALUES(206, 2435689702729);
INSERT INTO BookLanguage(ISBN, codeLanguage) VALUES(2435689702729, 'DE');
INSERT INTO BookGenre(ISBN, idGenre) VALUES(2435689702729, 24);
INSERT INTO BookGenre(ISBN, idGenre) VALUES(2435689702729, 7);
INSERT INTO Book(ISBN, name, publication, edition, idPublisher) VALUES(1922002941864, 'The Silver Sword', '1893-6-9', 8, 5);
INSERT INTO Person(name, birth) VALUES('Ian Serraillier', '1983-1-11');
INSERT INTO BookWriter(idWriter, ISBN) VALUES(207, 1922002941864);
INSERT INTO BookLanguage(ISBN, codeLanguage) VALUES(1922002941864, 'ES');
INSERT INTO Book(ISBN, name, publication, edition, idPublisher) VALUES(6704710864933, 'One Flew Over the Cuckoos Nest', '1867-4-1', 8, 8);
INSERT INTO Person(name, birth) VALUES('Ken Kesey', '1789-12-20');
INSERT INTO BookWriter(idWriter, ISBN) VALUES(208, 6704710864933);
INSERT INTO BookLanguage(ISBN, codeLanguage) VALUES(6704710864933, 'RO');
INSERT INTO BookGenre(ISBN, idGenre) VALUES(6704710864933, 27);
INSERT INTO Book(ISBN, name, publication, edition, idPublisher) VALUES(6115122539879, 'Heart of Darkness', '1908-10-9', 6, 2);
INSERT INTO Person(name, birth) VALUES('Joseph Conrad', '1819-5-27');
INSERT INTO BookWriter(idWriter, ISBN) VALUES(209, 6115122539879);
INSERT INTO BookLanguage(ISBN, codeLanguage) VALUES(6115122539879, 'RO');
INSERT INTO BookGenre(ISBN, idGenre) VALUES(6115122539879, 15);
INSERT INTO BookGenre(ISBN, idGenre) VALUES(6115122539879, 4);
INSERT INTO Book(ISBN, name, publication, edition, idPublisher) VALUES(5698041596420, 'Kim', '1909-10-28', 2, 1);
INSERT INTO Person(name, birth) VALUES('Rudyard Kipling', '1925-9-23');
INSERT INTO BookWriter(idWriter, ISBN) VALUES(210, 5698041596420);
INSERT INTO BookLanguage(ISBN, codeLanguage) VALUES(5698041596420, 'HU');
INSERT INTO BookGenre(ISBN, idGenre) VALUES(5698041596420, 7);
INSERT INTO BookGenre(ISBN, idGenre) VALUES(5698041596420, 21);
INSERT INTO Book(ISBN, name, publication, edition, idPublisher) VALUES(2958416788260, 'Cross Stitch', '1807-13-5', 2, 2);
INSERT INTO Person(name, birth) VALUES('Diana Gabaldon', '1874-1-14');
INSERT INTO BookWriter(idWriter, ISBN) VALUES(211, 2958416788260);
INSERT INTO BookLanguage(ISBN, codeLanguage) VALUES(2958416788260, 'IT');
INSERT INTO Book(ISBN, name, publication, edition, idPublisher) VALUES(2640495280087, 'River God', '1784-4-21', 14, 7);
INSERT INTO Person(name, birth) VALUES('Wilbur Smith', '1920-8-16');
INSERT INTO BookWriter(idWriter, ISBN) VALUES(212, 2640495280087);
INSERT INTO BookLanguage(ISBN, codeLanguage) VALUES(2640495280087, 'ES');
INSERT INTO BookLanguage(ISBN, codeLanguage) VALUES(2640495280087, 'DE');
INSERT INTO BookGenre(ISBN, idGenre) VALUES(2640495280087, 11);
INSERT INTO Book(ISBN, name, publication, edition, idPublisher) VALUES(6217236310460, 'Sunset Song', '1759-12-1', 1, 10);
INSERT INTO Person(name, birth) VALUES('Lewis Grassic Gibbon', '1876-6-9');
INSERT INTO BookWriter(idWriter, ISBN) VALUES(213, 6217236310460);
INSERT INTO BookLanguage(ISBN, codeLanguage) VALUES(6217236310460, 'HU');
INSERT INTO BookGenre(ISBN, idGenre) VALUES(6217236310460, 9);
INSERT INTO BookGenre(ISBN, idGenre) VALUES(6217236310460, 24);
INSERT INTO Book(ISBN, name, publication, edition, idPublisher) VALUES(3037474567303, 'The Shipping News', '1792-7-9', 1, 2);
INSERT INTO Person(name, birth) VALUES('E. Annie Proulx', '1933-1-19');
INSERT INTO BookWriter(idWriter, ISBN) VALUES(214, 3037474567303);
INSERT INTO BookLanguage(ISBN, codeLanguage) VALUES(3037474567303, 'PT');
INSERT INTO Book(ISBN, name, publication, edition, idPublisher) VALUES(8803681625266, 'The World According to Garp', '1760-12-27', 13, 10);
INSERT INTO Person(name, birth) VALUES('John Irving', '1712-3-13');
INSERT INTO BookWriter(idWriter, ISBN) VALUES(215, 8803681625266);
INSERT INTO BookLanguage(ISBN, codeLanguage) VALUES(8803681625266, 'ES');
INSERT INTO BookGenre(ISBN, idGenre) VALUES(8803681625266, 18);
INSERT INTO Book(ISBN, name, publication, edition, idPublisher) VALUES(7353153434413, 'Lorna Doone', '1852-4-4', 9, 6);
INSERT INTO Person(name, birth) VALUES('R. D. Blackmore', '1886-4-1');
INSERT INTO BookWriter(idWriter, ISBN) VALUES(216, 7353153434413);
INSERT INTO BookLanguage(ISBN, codeLanguage) VALUES(7353153434413, 'EN');
INSERT INTO BookLanguage(ISBN, codeLanguage) VALUES(7353153434413, 'SV');
INSERT INTO Book(ISBN, name, publication, edition, idPublisher) VALUES(4382354742856, 'Girls Out Late', '1981-7-11', 14, 2);
INSERT INTO Person(name, birth) VALUES('Jacqueline Wilson', '1859-4-13');
INSERT INTO BookWriter(idWriter, ISBN) VALUES(217, 4382354742856);
INSERT INTO BookLanguage(ISBN, codeLanguage) VALUES(4382354742856, 'NL');
INSERT INTO BookGenre(ISBN, idGenre) VALUES(4382354742856, 3);
INSERT INTO BookGenre(ISBN, idGenre) VALUES(4382354742856, 16);
INSERT INTO Book(ISBN, name, publication, edition, idPublisher) VALUES(2190207921605, 'The Far Pavilions', '1963-4-10', 12, 4);
INSERT INTO Person(name, birth) VALUES('M. M. Kaye', '1756-7-23');
INSERT INTO BookWriter(idWriter, ISBN) VALUES(218, 2190207921605);
INSERT INTO BookLanguage(ISBN, codeLanguage) VALUES(2190207921605, 'FR');
INSERT INTO BookGenre(ISBN, idGenre) VALUES(2190207921605, 14);
INSERT INTO Book(ISBN, name, publication, edition, idPublisher) VALUES(6148159661411, 'The Witches', '1922-7-16', 4, 8);
INSERT INTO Person(name, birth) VALUES('Roald Dahl', '1934-4-8');
INSERT INTO BookWriter(idWriter, ISBN) VALUES(219, 6148159661411);
INSERT INTO BookLanguage(ISBN, codeLanguage) VALUES(6148159661411, 'PL');
INSERT INTO BookGenre(ISBN, idGenre) VALUES(6148159661411, 11);
INSERT INTO BookGenre(ISBN, idGenre) VALUES(6148159661411, 20);
INSERT INTO Book(ISBN, name, publication, edition, idPublisher) VALUES(9763251897102, 'Charlottes Web', '2011-10-29', 10, 6);
INSERT INTO Person(name, birth) VALUES('E. B. White', '1764-13-14');
INSERT INTO BookWriter(idWriter, ISBN) VALUES(220, 9763251897102);
INSERT INTO BookLanguage(ISBN, codeLanguage) VALUES(9763251897102, 'IT');
INSERT INTO Book(ISBN, name, publication, edition, idPublisher) VALUES(1025022048199, 'Frankenstein', '1992-10-21', 11, 8);
INSERT INTO Person(name, birth) VALUES('Mary Shelley', '1824-8-1');
INSERT INTO BookWriter(idWriter, ISBN) VALUES(221, 1025022048199);
INSERT INTO BookLanguage(ISBN, codeLanguage) VALUES(1025022048199, 'CZ');
INSERT INTO BookGenre(ISBN, idGenre) VALUES(1025022048199, 29);
INSERT INTO Book(ISBN, name, publication, edition, idPublisher) VALUES(8640639277569, 'They Used to Play on Grass', '1954-9-21', 12, 6);
INSERT INTO Person(name, birth) VALUES('Terry Venables', '1865-5-10');
INSERT INTO BookWriter(idWriter, ISBN) VALUES(222, 8640639277569);
INSERT INTO Person(name, birth) VALUES('Gordon Williams', '1958-1-5');
INSERT INTO BookWriter(idWriter, ISBN) VALUES(223, 8640639277569);
INSERT INTO BookLanguage(ISBN, codeLanguage) VALUES(8640639277569, 'PL');
INSERT INTO BookGenre(ISBN, idGenre) VALUES(8640639277569, 22);
INSERT INTO BookGenre(ISBN, idGenre) VALUES(8640639277569, 20);
INSERT INTO Book(ISBN, name, publication, edition, idPublisher) VALUES(1427041804324, 'The Old Man and the Sea', '1953-8-29', 3, 8);
INSERT INTO Person(name, birth) VALUES('Ernest Hemingway', '1989-1-22');
INSERT INTO BookWriter(idWriter, ISBN) VALUES(224, 1427041804324);
INSERT INTO BookLanguage(ISBN, codeLanguage) VALUES(1427041804324, 'NL');
INSERT INTO BookGenre(ISBN, idGenre) VALUES(1427041804324, 14);
INSERT INTO Book(ISBN, name, publication, edition, idPublisher) VALUES(5981337620836, 'The Name of the Rose', '1766-3-9', 8, 3);
INSERT INTO Person(name, birth) VALUES('Umberto Eco', '1726-7-16');
INSERT INTO BookWriter(idWriter, ISBN) VALUES(225, 5981337620836);
INSERT INTO BookLanguage(ISBN, codeLanguage) VALUES(5981337620836, 'EN');
INSERT INTO Book(ISBN, name, publication, edition, idPublisher) VALUES(7937126633395, 'Sophies World', '1814-7-26', 9, 3);
INSERT INTO Person(name, birth) VALUES('Jostein Gaarder', '1763-11-9');
INSERT INTO BookWriter(idWriter, ISBN) VALUES(226, 7937126633395);
INSERT INTO BookLanguage(ISBN, codeLanguage) VALUES(7937126633395, 'ES');
INSERT INTO Book(ISBN, name, publication, edition, idPublisher) VALUES(1170460235096, 'Dustbin Baby', '1984-6-14', 13, 8);
INSERT INTO Person(name, birth) VALUES('Jacqueline Wilson', '1765-1-19');
INSERT INTO BookWriter(idWriter, ISBN) VALUES(227, 1170460235096);
INSERT INTO BookLanguage(ISBN, codeLanguage) VALUES(1170460235096, 'RO');
INSERT INTO BookGenre(ISBN, idGenre) VALUES(1170460235096, 3);
INSERT INTO BookGenre(ISBN, idGenre) VALUES(1170460235096, 24);
INSERT INTO Book(ISBN, name, publication, edition, idPublisher) VALUES(8678524492198, 'Fantastic Mr Fox', '1795-7-14', 2, 3);
INSERT INTO Person(name, birth) VALUES('Roald Dahl', '1885-8-20');
INSERT INTO BookWriter(idWriter, ISBN) VALUES(228, 8678524492198);
INSERT INTO BookLanguage(ISBN, codeLanguage) VALUES(8678524492198, 'DE');
INSERT INTO BookGenre(ISBN, idGenre) VALUES(8678524492198, 17);
INSERT INTO Book(ISBN, name, publication, edition, idPublisher) VALUES(3923410635608, 'Lolita', '1926-8-13', 15, 1);
INSERT INTO Person(name, birth) VALUES('Vladimir Nabokov', '1905-10-16');
INSERT INTO BookWriter(idWriter, ISBN) VALUES(229, 3923410635608);
INSERT INTO BookLanguage(ISBN, codeLanguage) VALUES(3923410635608, 'NL');
INSERT INTO BookGenre(ISBN, idGenre) VALUES(3923410635608, 11);
INSERT INTO BookGenre(ISBN, idGenre) VALUES(3923410635608, 1);
INSERT INTO Book(ISBN, name, publication, edition, idPublisher) VALUES(4282302085332, 'Jonathan Livingston Seagull', '1825-3-11', 6, 4);
INSERT INTO Person(name, birth) VALUES('Richard Bach', '1934-4-11');
INSERT INTO BookWriter(idWriter, ISBN) VALUES(230, 4282302085332);
INSERT INTO BookLanguage(ISBN, codeLanguage) VALUES(4282302085332, 'DE');
INSERT INTO BookLanguage(ISBN, codeLanguage) VALUES(4282302085332, 'PL');
INSERT INTO Book(ISBN, name, publication, edition, idPublisher) VALUES(1382382361905, 'The Little Prince', '1807-9-11', 4, 2);
INSERT INTO Person(name, birth) VALUES('Antoine de Saint-Exupéry', '1798-10-18');
INSERT INTO BookWriter(idWriter, ISBN) VALUES(231, 1382382361905);
INSERT INTO BookLanguage(ISBN, codeLanguage) VALUES(1382382361905, 'PT');
INSERT INTO Book(ISBN, name, publication, edition, idPublisher) VALUES(8269381003470, 'The Suitcase Kid', '1886-5-20', 12, 2);
INSERT INTO Person(name, birth) VALUES('Jacqueline Wilson', '1798-12-29');
INSERT INTO BookWriter(idWriter, ISBN) VALUES(232, 8269381003470);
INSERT INTO BookLanguage(ISBN, codeLanguage) VALUES(8269381003470, 'PL');
INSERT INTO BookGenre(ISBN, idGenre) VALUES(8269381003470, 29);
INSERT INTO Book(ISBN, name, publication, edition, idPublisher) VALUES(6688940624187, 'Oliver Twist', '1776-3-14', 1, 1);
INSERT INTO Person(name, birth) VALUES('Charles Dickens', '1823-3-13');
INSERT INTO BookWriter(idWriter, ISBN) VALUES(233, 6688940624187);
INSERT INTO BookLanguage(ISBN, codeLanguage) VALUES(6688940624187, 'ES');
INSERT INTO BookGenre(ISBN, idGenre) VALUES(6688940624187, 20);
INSERT INTO Book(ISBN, name, publication, edition, idPublisher) VALUES(7769809912475, 'The Power of One', '2014-10-20', 5, 3);
INSERT INTO Person(name, birth) VALUES('Bryce Courtenay', '1999-10-14');
INSERT INTO BookWriter(idWriter, ISBN) VALUES(234, 7769809912475);
INSERT INTO BookLanguage(ISBN, codeLanguage) VALUES(7769809912475, 'SV');
INSERT INTO BookLanguage(ISBN, codeLanguage) VALUES(7769809912475, 'SV');
INSERT INTO BookGenre(ISBN, idGenre) VALUES(7769809912475, 24);
INSERT INTO BookGenre(ISBN, idGenre) VALUES(7769809912475, 1);
INSERT INTO Book(ISBN, name, publication, edition, idPublisher) VALUES(8156625392619, 'Silas Marner', '1904-7-24', 5, 2);
INSERT INTO Person(name, birth) VALUES('George Eliot', '1934-1-2');
INSERT INTO BookWriter(idWriter, ISBN) VALUES(235, 8156625392619);
INSERT INTO BookLanguage(ISBN, codeLanguage) VALUES(8156625392619, 'PT');
INSERT INTO BookGenre(ISBN, idGenre) VALUES(8156625392619, 25);
INSERT INTO Book(ISBN, name, publication, edition, idPublisher) VALUES(4438073218576, 'American Psycho', '1805-7-2', 5, 10);
INSERT INTO Person(name, birth) VALUES('Bret Easton Ellis', '1965-7-27');
INSERT INTO BookWriter(idWriter, ISBN) VALUES(236, 4438073218576);
INSERT INTO BookLanguage(ISBN, codeLanguage) VALUES(4438073218576, 'DE');
INSERT INTO Book(ISBN, name, publication, edition, idPublisher) VALUES(7927823406845, 'The Diary of a Nobody', '1855-7-3', 9, 2);
INSERT INTO Person(name, birth) VALUES('George Grossmith', '1787-13-15');
INSERT INTO BookWriter(idWriter, ISBN) VALUES(237, 7927823406845);
INSERT INTO Person(name, birth) VALUES('Weedon Grossmith', '1951-12-20');
INSERT INTO BookWriter(idWriter, ISBN) VALUES(238, 7927823406845);
INSERT INTO BookLanguage(ISBN, codeLanguage) VALUES(7927823406845, 'EN');
INSERT INTO Book(ISBN, name, publication, edition, idPublisher) VALUES(2675745251624, 'Trainspotting', '1945-1-23', 14, 10);
INSERT INTO Person(name, birth) VALUES('Irvine Welsh', '1703-8-5');
INSERT INTO BookWriter(idWriter, ISBN) VALUES(239, 2675745251624);
INSERT INTO BookLanguage(ISBN, codeLanguage) VALUES(2675745251624, 'ES');
INSERT INTO BookGenre(ISBN, idGenre) VALUES(2675745251624, 5);
INSERT INTO Book(ISBN, name, publication, edition, idPublisher) VALUES(5008984130072, 'Goosebumps', '1796-1-18', 11, 5);
INSERT INTO Person(name, birth) VALUES('R. L. Stine', '1744-8-29');
INSERT INTO BookWriter(idWriter, ISBN) VALUES(240, 5008984130072);
INSERT INTO BookLanguage(ISBN, codeLanguage) VALUES(5008984130072, 'NL');
INSERT INTO BookGenre(ISBN, idGenre) VALUES(5008984130072, 14);
INSERT INTO Book(ISBN, name, publication, edition, idPublisher) VALUES(2819402339670, 'Heidi', '1859-11-22', 13, 9);
INSERT INTO Person(name, birth) VALUES('Johanna Spyri', '1731-12-7');
INSERT INTO BookWriter(idWriter, ISBN) VALUES(241, 2819402339670);
INSERT INTO BookLanguage(ISBN, codeLanguage) VALUES(2819402339670, 'PL');
INSERT INTO BookGenre(ISBN, idGenre) VALUES(2819402339670, 22);
INSERT INTO Book(ISBN, name, publication, edition, idPublisher) VALUES(2365964420638, 'Sons and Lovers', '1885-8-10', 9, 4);
INSERT INTO Person(name, birth) VALUES('D. H. Lawrence', '1788-1-3');
INSERT INTO BookWriter(idWriter, ISBN) VALUES(242, 2365964420638);
INSERT INTO BookLanguage(ISBN, codeLanguage) VALUES(2365964420638, 'PL');
INSERT INTO Book(ISBN, name, publication, edition, idPublisher) VALUES(3474865997563, 'The Unbearable Lightness of Being', '1898-1-6', 7, 7);
INSERT INTO Person(name, birth) VALUES('Milan Kundera', '1737-9-11');
INSERT INTO BookWriter(idWriter, ISBN) VALUES(243, 3474865997563);
INSERT INTO BookLanguage(ISBN, codeLanguage) VALUES(3474865997563, 'RO');
INSERT INTO Book(ISBN, name, publication, edition, idPublisher) VALUES(3108093886791, 'Man and Boy', '1757-6-9', 12, 2);
INSERT INTO Person(name, birth) VALUES('Tony Parsons', '1758-5-19');
INSERT INTO BookWriter(idWriter, ISBN) VALUES(244, 3108093886791);
INSERT INTO BookLanguage(ISBN, codeLanguage) VALUES(3108093886791, 'HU');
INSERT INTO Book(ISBN, name, publication, edition, idPublisher) VALUES(6137818680880, 'The Truth', '1937-7-28', 11, 8);
INSERT INTO Person(name, birth) VALUES('Terry Pratchett', '1786-12-9');
INSERT INTO BookWriter(idWriter, ISBN) VALUES(245, 6137818680880);
INSERT INTO BookLanguage(ISBN, codeLanguage) VALUES(6137818680880, 'NL');
INSERT INTO BookGenre(ISBN, idGenre) VALUES(6137818680880, 8);
INSERT INTO Book(ISBN, name, publication, edition, idPublisher) VALUES(9314946750203, 'The War of the Worlds', '1852-8-8', 7, 2);
INSERT INTO Person(name, birth) VALUES('H. G. Wells', '1889-7-16');
INSERT INTO BookWriter(idWriter, ISBN) VALUES(246, 9314946750203);
INSERT INTO BookLanguage(ISBN, codeLanguage) VALUES(9314946750203, 'SV');
INSERT INTO BookGenre(ISBN, idGenre) VALUES(9314946750203, 23);
INSERT INTO BookGenre(ISBN, idGenre) VALUES(9314946750203, 27);
INSERT INTO Book(ISBN, name, publication, edition, idPublisher) VALUES(7117986042428, 'The Horse Whisperer', '1850-12-1', 9, 5);
INSERT INTO Person(name, birth) VALUES('Nicholas Evans', '1779-6-11');
INSERT INTO BookWriter(idWriter, ISBN) VALUES(247, 7117986042428);
INSERT INTO BookLanguage(ISBN, codeLanguage) VALUES(7117986042428, 'IT');
INSERT INTO BookGenre(ISBN, idGenre) VALUES(7117986042428, 14);
INSERT INTO BookGenre(ISBN, idGenre) VALUES(7117986042428, 19);
INSERT INTO Book(ISBN, name, publication, edition, idPublisher) VALUES(9674526761173, 'A Fine Balance', '1865-13-4', 14, 6);
INSERT INTO Person(name, birth) VALUES('Rohinton Mistry', '1939-1-1');
INSERT INTO BookWriter(idWriter, ISBN) VALUES(248, 9674526761173);
INSERT INTO BookLanguage(ISBN, codeLanguage) VALUES(9674526761173, 'CZ');
INSERT INTO Book(ISBN, name, publication, edition, idPublisher) VALUES(5530254993857, 'Witches Abroad', '1765-3-10', 4, 10);
INSERT INTO Person(name, birth) VALUES('Terry Pratchett', '1942-9-13');
INSERT INTO BookWriter(idWriter, ISBN) VALUES(249, 5530254993857);
INSERT INTO BookLanguage(ISBN, codeLanguage) VALUES(5530254993857, 'FR');
INSERT INTO Book(ISBN, name, publication, edition, idPublisher) VALUES(9188299760206, 'The Once and Future King', '1997-13-7', 6, 10);
INSERT INTO Person(name, birth) VALUES('T. H. White', '1773-12-2');
INSERT INTO BookWriter(idWriter, ISBN) VALUES(250, 9188299760206);
INSERT INTO BookLanguage(ISBN, codeLanguage) VALUES(9188299760206, 'PT');
INSERT INTO Book(ISBN, name, publication, edition, idPublisher) VALUES(1748419131450, 'The Very Hungry Caterpillar', '2003-3-20', 4, 6);
INSERT INTO Person(name, birth) VALUES('Eric Carle', '1829-9-7');
INSERT INTO BookWriter(idWriter, ISBN) VALUES(251, 1748419131450);
INSERT INTO BookLanguage(ISBN, codeLanguage) VALUES(1748419131450, 'ES');
INSERT INTO Book(ISBN, name, publication, edition, idPublisher) VALUES(7203504824399, 'Flowers in the Attic', '1753-10-19', 11, 9);
INSERT INTO Person(name, birth) VALUES('V. C. Andrews', '1915-13-15');
INSERT INTO BookWriter(idWriter, ISBN) VALUES(252, 7203504824399);
INSERT INTO BookLanguage(ISBN, codeLanguage) VALUES(7203504824399, 'FR');
INSERT INTO BookGenre(ISBN, idGenre) VALUES(7203504824399, 10);
INSERT INTO Book(ISBN, name, publication, edition, idPublisher) VALUES(4491886332971, 'For Whom the Bell Tolls', '1803-9-8', 4, 6);
INSERT INTO Person(name, birth) VALUES('Ernest Hemingway', '1998-11-27');
INSERT INTO BookWriter(idWriter, ISBN) VALUES(253, 4491886332971);
INSERT INTO BookLanguage(ISBN, codeLanguage) VALUES(4491886332971, 'DE');
