INSERT INTO Country VALUES('PT', 'Portugal');
INSERT INTO Country VALUES('UK', 'United Kingdom');
INSERT INTO Country VALUES('DE', 'Germany');
INSERT INTO Country VALUES('ES', 'Spain');
INSERT INTO Country VALUES('IT', 'Italy');
INSERT INTO Country VALUES('CZ', 'Czech Republic');
INSERT INTO Country VALUES('FR', 'France');
INSERT INTO Country VALUES('RO', 'Romania');
INSERT INTO Country VALUES('AT', 'Austria');
INSERT INTO Country VALUES('PL', 'Poland');
INSERT INTO Country VALUES('HU', 'Hungary');
INSERT INTO Country VALUES('SE', 'Sweden');
INSERT INTO Country VALUES('NL', 'Netherlands');
INSERT INTO Publisher(name) VALUES('Hachette Livre');
INSERT INTO Publisher(name) VALUES('Random House');
INSERT INTO Publisher(name) VALUES('Penguin Books');
INSERT INTO Publisher(name) VALUES('HarperCollins');
INSERT INTO Publisher(name) VALUES('Pan Macmillan');
INSERT INTO Publisher(name) VALUES('Pearson Education');
INSERT INTO Publisher(name) VALUES('Bloomsbury');
INSERT INTO Publisher(name) VALUES('Oxford University Press');
INSERT INTO Publisher(name) VALUES('Simon & Schuster');
INSERT INTO Publisher(name) VALUES('John Wiley & Sons');
INSERT INTO PaymentMethod(name) VALUES('credit card');
INSERT INTO PaymentMethod(name) VALUES('PayPal');
INSERT INTO PaymentMethod(name) VALUES('Mercado Pago');
INSERT INTO PaymentMethod(name) VALUES('Western Union');
INSERT INTO PaymentMethod(name) VALUES('Bank transfer');
INSERT INTO PaymentMethod(name) VALUES('Other');
INSERT INTO Genre(name) VALUES('Action and adventure');
INSERT INTO Genre(name) VALUES('Art');
INSERT INTO Genre(name) VALUES('Biography');
INSERT INTO Genre(name) VALUES('Children');
INSERT INTO Genre(name) VALUES('Cookbook');
INSERT INTO Genre(name) VALUES('Comic book');
INSERT INTO Genre(name) VALUES('Diary');
INSERT INTO Genre(name) VALUES('Dictionary');
INSERT INTO Genre(name) VALUES('Crime');
INSERT INTO Genre(name) VALUES('Encyclopedia');
INSERT INTO Genre(name) VALUES('Drama');
INSERT INTO Genre(name) VALUES('Health');
INSERT INTO Genre(name) VALUES('Fantasy');
INSERT INTO Genre(name) VALUES('History');
INSERT INTO Genre(name) VALUES('Graphic novel');
INSERT INTO Genre(name) VALUES('Journal');
INSERT INTO Genre(name) VALUES('Math');
INSERT INTO Genre(name) VALUES('Horror');
INSERT INTO Genre(name) VALUES('Mystery');
INSERT INTO Genre(name) VALUES('Prayer');
INSERT INTO Genre(name) VALUES('Poetry');
INSERT INTO Genre(name) VALUES('Science');
INSERT INTO Genre(name) VALUES('Romance');
INSERT INTO Genre(name) VALUES('Self help');
INSERT INTO Genre(name) VALUES('Satire');
INSERT INTO Genre(name) VALUES('Travel');
INSERT INTO Genre(name) VALUES('Science fiction');
INSERT INTO Genre(name) VALUES('Short story');
INSERT INTO Genre(name) VALUES('Suspense');
INSERT INTO Genre(name) VALUES('Thriller');
INSERT INTO Language VALUES('PT', 'Portuguese');
INSERT INTO Language VALUES('EN', 'English');
INSERT INTO Language VALUES('DE', 'German');
INSERT INTO Language VALUES('ES', 'Spanish');
INSERT INTO Language VALUES('IT', 'Italian');
INSERT INTO Language VALUES('CZ', 'Czech');
INSERT INTO Language VALUES('FR', 'French');
INSERT INTO Language VALUES('RO', 'Romanian');
INSERT INTO Language VALUES('PL', 'Polish');
INSERT INTO Language VALUES('HU', 'Hungarian');
INSERT INTO Language VALUES('SV', 'Swedish');
INSERT INTO Language VALUES('NL', 'Dutch');
INSERT INTO Locality VALUES(9543, 'Lisbon', 'PT');
INSERT INTO Locality VALUES(4495, 'Sintra', 'PT');
INSERT INTO Locality VALUES(9758, 'Porto', 'PT');
INSERT INTO Locality VALUES(4502, 'Cascais', 'PT');
INSERT INTO Locality VALUES(5693, 'Loures', 'PT');
INSERT INTO Locality VALUES(2979, 'Braga', 'PT');
INSERT INTO Locality VALUES(7859, 'Matosinhos', 'PT');
INSERT INTO Locality VALUES(8392, 'Amadora', 'PT');
INSERT INTO Locality VALUES(3182, 'Almada', 'PT');
INSERT INTO Locality VALUES(4466, 'Oeiras', 'PT');
INSERT INTO Locality VALUES(9104, 'Gondomar', 'PT');
INSERT INTO Locality VALUES(2699, 'Seixal', 'PT');
INSERT INTO Locality VALUES(5114, 'Guimarães', 'PT');
INSERT INTO Locality VALUES(7099, 'Odivelas', 'PT');
INSERT INTO Locality VALUES(9726, 'Coimbra', 'PT');
INSERT INTO Locality VALUES(7873, 'Maia', 'PT');
INSERT INTO Locality VALUES(5557, 'Leiria', 'PT');
INSERT INTO Locality VALUES(3233, 'Setúbal', 'PT');
INSERT INTO Locality VALUES(9538, 'Barcelos', 'PT');
INSERT INTO Locality VALUES(2974, 'Funchal', 'PT');
INSERT INTO Locality VALUES(3630, 'Ermesinde', 'PT');
INSERT INTO Locality VALUES(9598, 'Vila Real', 'PT');
INSERT INTO Locality VALUES(6456, 'London', 'UK');
INSERT INTO Locality VALUES(8626, 'Berlin', 'DE');
INSERT INTO Locality VALUES(7320, 'Madrid', 'ES');
INSERT INTO Locality VALUES(9478, 'Roma', 'IT');
INSERT INTO Locality VALUES(4795, 'Paris', 'FR');
INSERT INTO Locality VALUES(1249, 'Bucharest', 'RO');
INSERT INTO Locality VALUES(2279, 'Vienna', 'AT');
INSERT INTO Locality VALUES(2248, 'Hamburg', 'DE');
INSERT INTO Locality VALUES(4906, 'Warsaw', 'PL');
INSERT INTO Locality VALUES(6238, 'Budapest', 'HU');
INSERT INTO Locality VALUES(4182, 'Barcelona', 'ES');
INSERT INTO Locality VALUES(4037, 'Munich', 'DE');
INSERT INTO Locality VALUES(2203, 'Milan', 'IT');
INSERT INTO Locality VALUES(4329, 'Prague', 'CZ');
INSERT INTO Locality VALUES(7481, 'Cologne', 'DE');
INSERT INTO Locality VALUES(8046, 'Stockholm', 'SE');
INSERT INTO Locality VALUES(2469, 'Naples', 'IT');
INSERT INTO Locality VALUES(6152, 'Turin', 'IT');
INSERT INTO Locality VALUES(4259, 'Amsterdam', 'NL');
INSERT INTO Locality VALUES(6114, 'Marseille', 'FR');
INSERT INTO Locality VALUES(7648, 'Valencia', 'ES');
INSERT INTO Locality VALUES(3109, 'Cracow', 'PL');
INSERT INTO Locality VALUES(1976, 'Frankfurt', 'DE');
INSERT INTO Locality VALUES(2926, 'Seville', 'ES');
INSERT INTO Locality VALUES(6978, 'Łódź', 'PL');
INSERT INTO Locality VALUES(5009, 'Zaragoza', 'ES');
INSERT INTO Locality VALUES(9786, 'Palermo', 'IT');
INSERT INTO Locality VALUES(9712, 'Rotterdam', 'NL');
INSERT INTO Person(name, birth) VALUES('Donita Dombrowski', '1954-10-12');
INSERT INTO User(idPerson, contact, email, account, address, streetCode, localityCode) VALUES(1, 973609723, 'GuillotineJaycee@gmail.com', 67702724120871, '70, Mill Road, Maia PT', 231, 7873);
INSERT INTO Person(name, birth) VALUES('Sirena Swoboda', '1965-2-23');
INSERT INTO User(idPerson, contact, email, account, address, streetCode, localityCode) VALUES(2, 983874513, 'BarberCut@gmail.com', 84112886430705, '939, Windsor Road, Seixal PT', 289, 2699);
INSERT INTO Person(name, birth) VALUES('Kaye Krell', '1998-9-25');
INSERT INTO User(idPerson, contact, email, account, address, streetCode, localityCode) VALUES(3, 964758807, 'neveroldenough@gmail.com', 10766850446772, '574, The Drive, Valencia ES', 582, 7648);
INSERT INTO Person(name, birth) VALUES('Cheryll Consolini', '2001-5-25');
INSERT INTO User(idPerson, contact, email, account, address, streetCode, localityCode) VALUES(4, 906350048, 'ImaCompleteCyclePath@gmail.com', 56074058687696, '856, York Road, Cologne DE', 274, 7481);
INSERT INTO Person(name, birth) VALUES('Britney Blunk', '1978-7-9');
INSERT INTO User(idPerson, contact, email, account, address, streetCode, localityCode) VALUES(5, 972923191, 'HelloGoodbye@gmail.com', 50213927335609, '542, New Road, Rotterdam NL', 994, 9712);
INSERT INTO Person(name, birth) VALUES('Janeen Jacks', '1929-12-23');
INSERT INTO User(idPerson, contact, email, account, address, streetCode, localityCode) VALUES(6, 918168371, 'MississippiTribe@gmail.com', 95566994326764, '618, Richmond Road, Madrid ES', 476, 7320);
INSERT INTO Person(name, birth) VALUES('Lacy Linzy', '1985-9-3');
INSERT INTO User(idPerson, contact, email, account, address, streetCode, localityCode) VALUES(7, 915279531, 'BelovedAngle@gmail.com', 22090045722130, '863, Richmond Road, Madrid ES', 546, 7320);
INSERT INTO Person(name, birth) VALUES('Selena Strohmeyer', '1966-12-12');
INSERT INTO User(idPerson, contact, email, account, address, streetCode, localityCode) VALUES(8, 990980772, 'FarRacer@gmail.com', 86708859258890, '958, Stanley Road, Lisbon PT', 843, 9543);
INSERT INTO Person(name, birth) VALUES('Linn Laporte', '1965-8-12');
INSERT INTO User(idPerson, contact, email, account, address, streetCode, localityCode) VALUES(9, 906182089, 'Dazzles@gmail.com', 38255713403354, '745, Broadway, Guimarães PT', 557, 5114);
INSERT INTO Person(name, birth) VALUES('Noelia Neil', '1938-12-1');
INSERT INTO User(idPerson, contact, email, account, address, streetCode, localityCode) VALUES(10, 910695313, 'PeaceHug@gmail.com', 89977052142124, '839, St. John’s Road, Berlin DE', 554, 8626);
INSERT INTO Person(name, birth) VALUES('Elwood Eggers', '1991-9-1');
INSERT INTO User(idPerson, contact, email, account, address, streetCode, localityCode) VALUES(11, 920172753, 'HoneyCake@gmail.com', 27973408070756, '344, The Drive, Almada PT', 866, 3182);
INSERT INTO Person(name, birth) VALUES('Chi Cloe', '2001-3-23');
INSERT INTO User(idPerson, contact, email, account, address, streetCode, localityCode) VALUES(12, 976345225, 'GreenCore@gmail.com', 17409212673059, '317, Main Street, Munich DE', 465, 4037);
INSERT INTO Person(name, birth) VALUES('Williemae Walkes', '1933-1-5');
INSERT INTO User(idPerson, contact, email, account, address, streetCode, localityCode) VALUES(13, 925289389, 'PlantedBrain@gmail.com', 13082192070076, '115, London Road, Turin IT', 515, 6152);
INSERT INTO Person(name, birth) VALUES('Helena Hunnicutt', '1992-6-18');
INSERT INTO User(idPerson, contact, email, account, address, streetCode, localityCode) VALUES(14, 974470213, 'goodatthis123@gmail.com', 64235307763967, '570, Queensway, Naples IT', 292, 2469);
INSERT INTO Person(name, birth) VALUES('Kiersten Keiser', '1942-7-20');
INSERT INTO User(idPerson, contact, email, account, address, streetCode, localityCode) VALUES(15, 930734947, 'copilot@gmail.com', 49675492897860, '291, North Street, Gondomar PT', 698, 9104);
INSERT INTO Person(name, birth) VALUES('Ok Ortez', '1978-1-12');
INSERT INTO User(idPerson, contact, email, account, address, streetCode, localityCode) VALUES(16, 939128497, 'Maryjane@gmail.com', 81247758876235, '810, Springfield Road, Almada PT', 644, 3182);
INSERT INTO Person(name, birth) VALUES('Hazel Hinnenkamp', '1981-3-24');
INSERT INTO User(idPerson, contact, email, account, address, streetCode, localityCode) VALUES(17, 910979053, 'KralIII@gmail.com', 50954934856957, '211, Church Road, Setúbal PT', 430, 3233);
INSERT INTO Person(name, birth) VALUES('Vincent Villalta', '1927-8-13');
INSERT INTO User(idPerson, contact, email, account, address, streetCode, localityCode) VALUES(18, 990605577, 'TeenTouch@gmail.com', 7559498880271, '223, West Street, Frankfurt DE', 416, 1976);
INSERT INTO Person(name, birth) VALUES('Lynette Luken', '1940-4-15');
INSERT INTO User(idPerson, contact, email, account, address, streetCode, localityCode) VALUES(19, 996284233, 'GorgeousWweetie@gmail.com', 56792889295294, '131, Park Road, Paris FR', 662, 4795);
INSERT INTO Person(name, birth) VALUES('Stephan Steigerwald', '1954-4-25');
INSERT INTO User(idPerson, contact, email, account, address, streetCode, localityCode) VALUES(20, 917741456, 'DollyDangerous@gmail.com', 17981412623199, '794, West Street, Odivelas PT', 838, 7099);
INSERT INTO Person(name, birth) VALUES('Bernice Brabant', '1976-12-18');
INSERT INTO User(idPerson, contact, email, account, address, streetCode, localityCode) VALUES(21, 965830864, 'NONAME@gmail.com', 83617574457062, '665, Park Road, Matosinhos PT', 446, 7859);
INSERT INTO Person(name, birth) VALUES('Bobby Bible', '1961-13-21');
INSERT INTO User(idPerson, contact, email, account, address, streetCode, localityCode) VALUES(22, 985669857, 'CuteScientist@gmail.com', 23177068661654, '265, Queensway, Seville ES', 145, 2926);
INSERT INTO Person(name, birth) VALUES('Sonja Stufflebeam', '1978-1-6');
INSERT INTO User(idPerson, contact, email, account, address, streetCode, localityCode) VALUES(23, 948189558, 'CandyRaid@gmail.com', 84641060833950, '333, The Drive, Rotterdam NL', 931, 9712);
INSERT INTO Person(name, birth) VALUES('Carma Carrico', '1976-13-10');
INSERT INTO User(idPerson, contact, email, account, address, streetCode, localityCode) VALUES(24, 940016630, 'AngelDoll@gmail.com', 3030652243822, '715, North Road, Sintra PT', 423, 4495);
INSERT INTO Person(name, birth) VALUES('Gregoria Guerrera', '1998-2-29');
INSERT INTO User(idPerson, contact, email, account, address, streetCode, localityCode) VALUES(25, 956550182, 'CheesyNible@gmail.com', 80357523005113, '252, Grove Road, Oeiras PT', 767, 4466);
INSERT INTO Person(name, birth) VALUES('Marian Millan', '1927-1-22');
INSERT INTO User(idPerson, contact, email, account, address, streetCode, localityCode) VALUES(26, 938190755, 'unic0rnsTaking0ver@gmail.com', 45231445317064, '152, Kings Road, Madrid ES', 353, 7320);
INSERT INTO Person(name, birth) VALUES('Otelia Orloff', '1921-5-26');
INSERT INTO User(idPerson, contact, email, account, address, streetCode, localityCode) VALUES(27, 920368937, 'ValkonX11@gmail.com', 60588244634480, '866, Queens Road, Leiria PT', 944, 5557);
INSERT INTO Person(name, birth) VALUES('Joye Janusz', '1935-7-4');
INSERT INTO User(idPerson, contact, email, account, address, streetCode, localityCode) VALUES(28, 976955545, 'SillyNinja@gmail.com', 97971301493890, '564, North Road, Budapest HU', 678, 6238);
INSERT INTO Person(name, birth) VALUES('Florine Funderburke', '1948-4-2');
INSERT INTO User(idPerson, contact, email, account, address, streetCode, localityCode) VALUES(29, 915604908, 'CouldntFindGoodName@gmail.com', 4811870020121, '341, South Street, Oeiras PT', 820, 4466);
INSERT INTO Person(name, birth) VALUES('Lennie Lynd', '1923-4-14');
INSERT INTO User(idPerson, contact, email, account, address, streetCode, localityCode) VALUES(30, 967351511, 'Twinbutterfly@gmail.com', 41988402676683, '30, Albert Road, Funchal PT', 188, 2974);
INSERT INTO Person(name, birth) VALUES('Corliss Carlberg', '1979-8-4');
INSERT INTO User(idPerson, contact, email, account, address, streetCode, localityCode) VALUES(31, 938845404, 'Iloveyouyesterday@gmail.com', 82647712331875, '812, The Drive, Marseille FR', 520, 6114);
INSERT INTO Person(name, birth) VALUES('Homer Hirst', '1962-6-17');
INSERT INTO User(idPerson, contact, email, account, address, streetCode, localityCode) VALUES(32, 953695351, 'DailyPunch@gmail.com', 98937575426988, '859, London Road, Amsterdam NL', 612, 4259);
INSERT INTO Person(name, birth) VALUES('Adrian Anding', '1929-9-27');
INSERT INTO User(idPerson, contact, email, account, address, streetCode, localityCode) VALUES(33, 935207931, 'WorkOfholly@gmail.com', 96200044396930, '89, Kings Road, Oeiras PT', 868, 4466);
INSERT INTO Person(name, birth) VALUES('Christopher Cogdell', '1947-11-8');
INSERT INTO User(idPerson, contact, email, account, address, streetCode, localityCode) VALUES(34, 902627922, 'HiBuggy@gmail.com', 20219421085806, '267, Highfield Road, Munich DE', 706, 4037);
INSERT INTO Person(name, birth) VALUES('Kurt Kemplin', '1973-3-17');
INSERT INTO User(idPerson, contact, email, account, address, streetCode, localityCode) VALUES(35, 924102152, 'OperaOfDreams@gmail.com', 73607497309244, '49, Queens Road, Loures PT', 308, 5693);
INSERT INTO Person(name, birth) VALUES('Alfredia Akers', '1936-1-21');
INSERT INTO User(idPerson, contact, email, account, address, streetCode, localityCode) VALUES(36, 909601889, 'MrLucky@gmail.com', 65757919566193, '830, The Grove, Warsaw PL', 234, 4906);
INSERT INTO Person(name, birth) VALUES('Tereasa Tompson', '1924-6-2');
INSERT INTO User(idPerson, contact, email, account, address, streetCode, localityCode) VALUES(37, 921746360, 'DraculaNurse@gmail.com', 59606972705551, '51, Green Lane, Lisbon PT', 599, 9543);
INSERT INTO Person(name, birth) VALUES('Leonore Lemasters', '2000-11-12');
INSERT INTO User(idPerson, contact, email, account, address, streetCode, localityCode) VALUES(38, 923647020, 'CutiePieShop@gmail.com', 68970549069287, '966, Alexander Road, Hamburg DE', 595, 2248);
INSERT INTO Person(name, birth) VALUES('Marcie Morfin', '1993-4-12');
INSERT INTO User(idPerson, contact, email, account, address, streetCode, localityCode) VALUES(39, 903058753, 'StoryOfMe@gmail.com', 99238587573230, '624, Victoria Street, Guimarães PT', 547, 5114);
INSERT INTO Person(name, birth) VALUES('Loma Lisi', '1937-9-3');
INSERT INTO User(idPerson, contact, email, account, address, streetCode, localityCode) VALUES(40, 988270137, 'MistakeManager@gmail.com', 29094427504174, '629, The Crescent, Odivelas PT', 752, 7099);
INSERT INTO Person(name, birth) VALUES('Rosella Ruhland', '1928-8-3');
INSERT INTO User(idPerson, contact, email, account, address, streetCode, localityCode) VALUES(41, 992512272, 'JustAsPlanned@gmail.com', 45616508435847, '242, North Street, Loures PT', 183, 5693);
INSERT INTO Person(name, birth) VALUES('Ricky Ratti', '1945-7-9');
INSERT INTO User(idPerson, contact, email, account, address, streetCode, localityCode) VALUES(42, 964949549, 'LilPuppyDog@gmail.com', 93592248297818, '61, Queen Street, Budapest HU', 449, 6238);
INSERT INTO Person(name, birth) VALUES('Hye Huskey', '1935-3-29');
INSERT INTO User(idPerson, contact, email, account, address, streetCode, localityCode) VALUES(43, 923221281, 'alwayssbeyou@gmail.com', 45180507383161, '233, Station Road, Oeiras PT', 873, 4466);
INSERT INTO Person(name, birth) VALUES('Kareem Klem', '1937-5-3');
INSERT INTO User(idPerson, contact, email, account, address, streetCode, localityCode) VALUES(44, 932543993, 'crazyvibes@gmail.com', 32587303041415, '196, New Road, Almada PT', 924, 3182);
INSERT INTO Person(name, birth) VALUES('Clementina Callery', '1983-4-5');
INSERT INTO User(idPerson, contact, email, account, address, streetCode, localityCode) VALUES(45, 973597962, 'LoveSpeeder@gmail.com', 49768424573070, '881, South Street, Funchal PT', 384, 2974);
INSERT INTO Person(name, birth) VALUES('Josette Jiggetts', '1953-13-13');
INSERT INTO User(idPerson, contact, email, account, address, streetCode, localityCode) VALUES(46, 951910543, 'Dimples@gmail.com', 4401671312133, '847, Albert Road, Braga PT', 702, 2979);
INSERT INTO Person(name, birth) VALUES('Berniece Bricker', '1995-7-20');
INSERT INTO User(idPerson, contact, email, account, address, streetCode, localityCode) VALUES(47, 963354918, 'InfinitySkylines@gmail.com', 80617617471602, '699, Manor Road, Lisbon PT', 709, 9543);
INSERT INTO Person(name, birth) VALUES('Kimi Kimber', '1988-11-3');
INSERT INTO User(idPerson, contact, email, account, address, streetCode, localityCode) VALUES(48, 962333323, 'EverNext@gmail.com', 44793928313493, '323, West Street, Coimbra PT', 552, 9726);
INSERT INTO Person(name, birth) VALUES('Reiko Rabago', '1935-3-3');
INSERT INTO User(idPerson, contact, email, account, address, streetCode, localityCode) VALUES(49, 900156705, 'Blossom@gmail.com', 30925095109078, '5, Grove Road, Porto PT', 356, 9758);
INSERT INTO Person(name, birth) VALUES('Joshua Jasso', '1996-3-27');
INSERT INTO User(idPerson, contact, email, account, address, streetCode, localityCode) VALUES(50, 970125114, 'WarriorInPain@gmail.com', 5952485902810, '741, North Road, Oeiras PT', 801, 4466);
INSERT INTO Book(ISBN, name, publication, edition, idPublisher) VALUES(7191439084185, 'The Lord of the Rings', '1881-10-3', 6, 4);
INSERT INTO Person(name, birth) VALUES('J. R. R. Tolkien', '1828-10-4');
INSERT INTO BookWriter(idWriter, ISBN) VALUES(51, 7191439084185);
INSERT INTO BookLanguage(ISBN, codeLanguage) VALUES(7191439084185, 'NL');
INSERT INTO BookLanguage(ISBN, codeLanguage) VALUES(7191439084185, 'DE');
INSERT INTO BookGenre(ISBN, idGenre) VALUES(7191439084185, 6);
INSERT INTO BookGenre(ISBN, idGenre) VALUES(7191439084185, 29);
INSERT INTO BookGenre(ISBN, idGenre) VALUES(7191439084185, 17);
INSERT INTO Book(ISBN, name, publication, edition, idPublisher) VALUES(9931568881936, 'Pride and Prejudice', '1846-9-8', 2, 4);
INSERT INTO Person(name, birth) VALUES('Jane Austen', '1785-3-16');
INSERT INTO BookWriter(idWriter, ISBN) VALUES(52, 9931568881936);
INSERT INTO BookLanguage(ISBN, codeLanguage) VALUES(9931568881936, 'EN');
INSERT INTO BookLanguage(ISBN, codeLanguage) VALUES(9931568881936, 'HU');
INSERT INTO BookGenre(ISBN, idGenre) VALUES(9931568881936, 28);
INSERT INTO BookGenre(ISBN, idGenre) VALUES(9931568881936, 4);
INSERT INTO BookGenre(ISBN, idGenre) VALUES(9931568881936, 0);
INSERT INTO Book(ISBN, name, publication, edition, idPublisher) VALUES(4133364548334, 'His Dark Materials', '1741-8-22', 11, 10);
INSERT INTO Person(name, birth) VALUES('Philip Pullman', '1884-4-12');
INSERT INTO BookWriter(idWriter, ISBN) VALUES(53, 4133364548334);
INSERT INTO BookLanguage(ISBN, codeLanguage) VALUES(4133364548334, 'PT');
INSERT INTO BookLanguage(ISBN, codeLanguage) VALUES(4133364548334, 'IT');
INSERT INTO BookGenre(ISBN, idGenre) VALUES(4133364548334, 27);
INSERT INTO BookGenre(ISBN, idGenre) VALUES(4133364548334, 11);
INSERT INTO BookGenre(ISBN, idGenre) VALUES(4133364548334, 1);
INSERT INTO Book(ISBN, name, publication, edition, idPublisher) VALUES(4182549412799, 'The Hitchhikers Guide to the Galaxy', '1957-9-3', 12, 5);
INSERT INTO Person(name, birth) VALUES('Douglas Adams', '1813-3-24');
INSERT INTO BookWriter(idWriter, ISBN) VALUES(54, 4182549412799);
INSERT INTO BookLanguage(ISBN, codeLanguage) VALUES(4182549412799, 'EN');
INSERT INTO BookLanguage(ISBN, codeLanguage) VALUES(4182549412799, 'PL');
INSERT INTO BookGenre(ISBN, idGenre) VALUES(4182549412799, 16);
INSERT INTO BookGenre(ISBN, idGenre) VALUES(4182549412799, 5);
INSERT INTO BookGenre(ISBN, idGenre) VALUES(4182549412799, 20);
INSERT INTO Book(ISBN, name, publication, edition, idPublisher) VALUES(3572036182744, 'Harry Potter and the Goblet of Fire', '1917-8-1', 11, 2);
INSERT INTO Person(name, birth) VALUES('J. K. Rowling', '1807-9-19');
INSERT INTO BookWriter(idWriter, ISBN) VALUES(55, 3572036182744);
INSERT INTO BookLanguage(ISBN, codeLanguage) VALUES(3572036182744, 'RO');
INSERT INTO BookLanguage(ISBN, codeLanguage) VALUES(3572036182744, 'IT');
INSERT INTO BookGenre(ISBN, idGenre) VALUES(3572036182744, 22);
INSERT INTO BookGenre(ISBN, idGenre) VALUES(3572036182744, 2);
INSERT INTO BookGenre(ISBN, idGenre) VALUES(3572036182744, 27);
INSERT INTO Book(ISBN, name, publication, edition, idPublisher) VALUES(8237109932281, 'To Kill a Mockingbird', '1831-11-19', 3, 8);
INSERT INTO Person(name, birth) VALUES('Harper Lee', '1876-11-12');
INSERT INTO BookWriter(idWriter, ISBN) VALUES(56, 8237109932281);
INSERT INTO BookLanguage(ISBN, codeLanguage) VALUES(8237109932281, 'PT');
INSERT INTO BookLanguage(ISBN, codeLanguage) VALUES(8237109932281, 'PL');
INSERT INTO BookGenre(ISBN, idGenre) VALUES(8237109932281, 10);
INSERT INTO BookGenre(ISBN, idGenre) VALUES(8237109932281, 26);
INSERT INTO BookGenre(ISBN, idGenre) VALUES(8237109932281, 8);
INSERT INTO Book(ISBN, name, publication, edition, idPublisher) VALUES(8379061453544, 'Winnie-the-Pooh', '1955-7-22', 7, 6);
INSERT INTO Person(name, birth) VALUES('A. A. Milne', '1705-10-26');
INSERT INTO BookWriter(idWriter, ISBN) VALUES(57, 8379061453544);
INSERT INTO BookLanguage(ISBN, codeLanguage) VALUES(8379061453544, 'PT');
INSERT INTO BookLanguage(ISBN, codeLanguage) VALUES(8379061453544, 'PL');
INSERT INTO BookGenre(ISBN, idGenre) VALUES(8379061453544, 16);
INSERT INTO BookGenre(ISBN, idGenre) VALUES(8379061453544, 21);
INSERT INTO BookGenre(ISBN, idGenre) VALUES(8379061453544, 0);
INSERT INTO Book(ISBN, name, publication, edition, idPublisher) VALUES(8122077817729, 'Nineteen Eighty-Four', '1744-13-2', 11, 9);
INSERT INTO Person(name, birth) VALUES('George Orwell', '1849-13-19');
INSERT INTO BookWriter(idWriter, ISBN) VALUES(58, 8122077817729);
INSERT INTO BookLanguage(ISBN, codeLanguage) VALUES(8122077817729, 'CZ');
INSERT INTO BookLanguage(ISBN, codeLanguage) VALUES(8122077817729, 'RO');
INSERT INTO BookGenre(ISBN, idGenre) VALUES(8122077817729, 16);
INSERT INTO BookGenre(ISBN, idGenre) VALUES(8122077817729, 21);
INSERT INTO BookGenre(ISBN, idGenre) VALUES(8122077817729, 29);
INSERT INTO Book(ISBN, name, publication, edition, idPublisher) VALUES(2448433437215, 'The Lion, the Witch and the Wardrobe', '1918-7-15', 11, 10);
INSERT INTO Person(name, birth) VALUES('C. S. Lewis', '1713-10-3');
INSERT INTO BookWriter(idWriter, ISBN) VALUES(59, 2448433437215);
INSERT INTO BookLanguage(ISBN, codeLanguage) VALUES(2448433437215, 'FR');
INSERT INTO BookLanguage(ISBN, codeLanguage) VALUES(2448433437215, 'IT');
INSERT INTO BookGenre(ISBN, idGenre) VALUES(2448433437215, 6);
INSERT INTO BookGenre(ISBN, idGenre) VALUES(2448433437215, 17);
INSERT INTO BookGenre(ISBN, idGenre) VALUES(2448433437215, 16);
INSERT INTO Book(ISBN, name, publication, edition, idPublisher) VALUES(5538460220187, 'Jane Eyre', '2020-9-28', 6, 5);
INSERT INTO Person(name, birth) VALUES('Charlotte Brontë', '1763-3-23');
INSERT INTO BookWriter(idWriter, ISBN) VALUES(60, 5538460220187);
INSERT INTO BookLanguage(ISBN, codeLanguage) VALUES(5538460220187, 'ES');
INSERT INTO BookLanguage(ISBN, codeLanguage) VALUES(5538460220187, 'HU');
INSERT INTO BookGenre(ISBN, idGenre) VALUES(5538460220187, 19);
INSERT INTO BookGenre(ISBN, idGenre) VALUES(5538460220187, 2);
INSERT INTO BookGenre(ISBN, idGenre) VALUES(5538460220187, 25);
INSERT INTO Book(ISBN, name, publication, edition, idPublisher) VALUES(5884904458507, 'Catch-22', '1816-9-12', 14, 10);
INSERT INTO Person(name, birth) VALUES('Joseph Heller', '1945-2-12');
INSERT INTO BookWriter(idWriter, ISBN) VALUES(61, 5884904458507);
INSERT INTO BookLanguage(ISBN, codeLanguage) VALUES(5884904458507, 'DE');
INSERT INTO BookLanguage(ISBN, codeLanguage) VALUES(5884904458507, 'EN');
INSERT INTO BookGenre(ISBN, idGenre) VALUES(5884904458507, 28);
INSERT INTO BookGenre(ISBN, idGenre) VALUES(5884904458507, 9);
INSERT INTO BookGenre(ISBN, idGenre) VALUES(5884904458507, 28);
INSERT INTO Book(ISBN, name, publication, edition, idPublisher) VALUES(4327756878917, 'Wuthering Heights', '1936-5-8', 8, 5);
INSERT INTO Person(name, birth) VALUES('Emily Brontë', '1935-1-4');
INSERT INTO BookWriter(idWriter, ISBN) VALUES(62, 4327756878917);
INSERT INTO BookLanguage(ISBN, codeLanguage) VALUES(4327756878917, 'CZ');
INSERT INTO BookLanguage(ISBN, codeLanguage) VALUES(4327756878917, 'FR');
INSERT INTO BookGenre(ISBN, idGenre) VALUES(4327756878917, 8);
INSERT INTO BookGenre(ISBN, idGenre) VALUES(4327756878917, 13);
INSERT INTO BookGenre(ISBN, idGenre) VALUES(4327756878917, 28);
INSERT INTO Book(ISBN, name, publication, edition, idPublisher) VALUES(6844787233600, 'Birdsong', '1729-6-24', 13, 8);
INSERT INTO Person(name, birth) VALUES('Sebastian Faulks', '1719-8-21');
INSERT INTO BookWriter(idWriter, ISBN) VALUES(63, 6844787233600);
INSERT INTO BookLanguage(ISBN, codeLanguage) VALUES(6844787233600, 'DE');
INSERT INTO BookLanguage(ISBN, codeLanguage) VALUES(6844787233600, 'EN');
INSERT INTO BookGenre(ISBN, idGenre) VALUES(6844787233600, 28);
INSERT INTO BookGenre(ISBN, idGenre) VALUES(6844787233600, 26);
INSERT INTO BookGenre(ISBN, idGenre) VALUES(6844787233600, 7);
INSERT INTO Book(ISBN, name, publication, edition, idPublisher) VALUES(3713239412832, 'Rebecca', '1859-3-15', 14, 8);
INSERT INTO Person(name, birth) VALUES('Daphne du Maurier', '1897-11-3');
INSERT INTO BookWriter(idWriter, ISBN) VALUES(64, 3713239412832);
INSERT INTO BookLanguage(ISBN, codeLanguage) VALUES(3713239412832, 'IT');
INSERT INTO BookLanguage(ISBN, codeLanguage) VALUES(3713239412832, 'ES');
INSERT INTO BookGenre(ISBN, idGenre) VALUES(3713239412832, 19);
INSERT INTO BookGenre(ISBN, idGenre) VALUES(3713239412832, 21);
INSERT INTO BookGenre(ISBN, idGenre) VALUES(3713239412832, 17);
INSERT INTO Book(ISBN, name, publication, edition, idPublisher) VALUES(4304204262070, 'The Catcher in the Rye', '2014-5-5', 4, 6);
INSERT INTO Person(name, birth) VALUES('J. D. Salinger', '1771-4-23');
INSERT INTO BookWriter(idWriter, ISBN) VALUES(65, 4304204262070);
INSERT INTO BookLanguage(ISBN, codeLanguage) VALUES(4304204262070, 'FR');
INSERT INTO BookLanguage(ISBN, codeLanguage) VALUES(4304204262070, 'NL');
INSERT INTO BookGenre(ISBN, idGenre) VALUES(4304204262070, 9);
INSERT INTO BookGenre(ISBN, idGenre) VALUES(4304204262070, 28);
INSERT INTO BookGenre(ISBN, idGenre) VALUES(4304204262070, 21);
INSERT INTO Book(ISBN, name, publication, edition, idPublisher) VALUES(4738380456988, 'The Wind in the Willows', '1883-3-18', 2, 8);
INSERT INTO Person(name, birth) VALUES('Kenneth Grahame', '1782-1-12');
INSERT INTO BookWriter(idWriter, ISBN) VALUES(66, 4738380456988);
INSERT INTO BookLanguage(ISBN, codeLanguage) VALUES(4738380456988, 'IT');
INSERT INTO BookLanguage(ISBN, codeLanguage) VALUES(4738380456988, 'SV');
INSERT INTO BookGenre(ISBN, idGenre) VALUES(4738380456988, 19);
INSERT INTO BookGenre(ISBN, idGenre) VALUES(4738380456988, 11);
INSERT INTO BookGenre(ISBN, idGenre) VALUES(4738380456988, 7);
INSERT INTO Book(ISBN, name, publication, edition, idPublisher) VALUES(6734657073422, 'Great Expectations', '1953-9-5', 5, 5);
INSERT INTO Person(name, birth) VALUES('Charles Dickens', '1746-12-13');
INSERT INTO BookWriter(idWriter, ISBN) VALUES(67, 6734657073422);
INSERT INTO BookLanguage(ISBN, codeLanguage) VALUES(6734657073422, 'SV');
INSERT INTO BookLanguage(ISBN, codeLanguage) VALUES(6734657073422, 'NL');
INSERT INTO BookGenre(ISBN, idGenre) VALUES(6734657073422, 8);
INSERT INTO BookGenre(ISBN, idGenre) VALUES(6734657073422, 26);
INSERT INTO BookGenre(ISBN, idGenre) VALUES(6734657073422, 21);
INSERT INTO Book(ISBN, name, publication, edition, idPublisher) VALUES(1878062117214, 'Little Women', '1940-3-15', 8, 8);
INSERT INTO Person(name, birth) VALUES('Louisa May Alcott', '2001-3-22');
INSERT INTO BookWriter(idWriter, ISBN) VALUES(68, 1878062117214);
INSERT INTO BookLanguage(ISBN, codeLanguage) VALUES(1878062117214, 'PL');
INSERT INTO BookLanguage(ISBN, codeLanguage) VALUES(1878062117214, 'IT');
INSERT INTO BookGenre(ISBN, idGenre) VALUES(1878062117214, 6);
INSERT INTO BookGenre(ISBN, idGenre) VALUES(1878062117214, 25);
INSERT INTO BookGenre(ISBN, idGenre) VALUES(1878062117214, 22);
INSERT INTO Book(ISBN, name, publication, edition, idPublisher) VALUES(9756197886869, 'Captain Corellis Mandolin', '1846-3-3', 12, 7);
INSERT INTO Person(name, birth) VALUES('Louis de Bernières', '1838-6-11');
INSERT INTO BookWriter(idWriter, ISBN) VALUES(69, 9756197886869);
INSERT INTO BookLanguage(ISBN, codeLanguage) VALUES(9756197886869, 'NL');
INSERT INTO BookLanguage(ISBN, codeLanguage) VALUES(9756197886869, 'NL');
INSERT INTO BookGenre(ISBN, idGenre) VALUES(9756197886869, 21);
INSERT INTO BookGenre(ISBN, idGenre) VALUES(9756197886869, 11);
INSERT INTO BookGenre(ISBN, idGenre) VALUES(9756197886869, 13);
INSERT INTO Book(ISBN, name, publication, edition, idPublisher) VALUES(8983146565587, 'War and Peace', '2015-2-12', 11, 7);
INSERT INTO Person(name, birth) VALUES('Leo Tolstoy', '1886-11-13');
INSERT INTO BookWriter(idWriter, ISBN) VALUES(70, 8983146565587);
INSERT INTO BookLanguage(ISBN, codeLanguage) VALUES(8983146565587, 'NL');
INSERT INTO BookLanguage(ISBN, codeLanguage) VALUES(8983146565587, 'HU');
INSERT INTO BookGenre(ISBN, idGenre) VALUES(8983146565587, 4);
INSERT INTO BookGenre(ISBN, idGenre) VALUES(8983146565587, 23);
INSERT INTO BookGenre(ISBN, idGenre) VALUES(8983146565587, 19);
INSERT INTO Book(ISBN, name, publication, edition, idPublisher) VALUES(3519921116864, 'Gone with the Wind', '1931-2-24', 4, 9);
INSERT INTO Person(name, birth) VALUES('Margaret Mitchell', '1999-10-16');
INSERT INTO BookWriter(idWriter, ISBN) VALUES(71, 3519921116864);
INSERT INTO BookLanguage(ISBN, codeLanguage) VALUES(3519921116864, 'IT');
INSERT INTO BookLanguage(ISBN, codeLanguage) VALUES(3519921116864, 'PL');
INSERT INTO BookGenre(ISBN, idGenre) VALUES(3519921116864, 19);
INSERT INTO BookGenre(ISBN, idGenre) VALUES(3519921116864, 29);
INSERT INTO BookGenre(ISBN, idGenre) VALUES(3519921116864, 18);
INSERT INTO Book(ISBN, name, publication, edition, idPublisher) VALUES(3263089706195, 'Harry Potter and the Philosophers Stone', '1878-4-14', 11, 4);
INSERT INTO Person(name, birth) VALUES('J. K. Rowling', '1857-13-17');
INSERT INTO BookWriter(idWriter, ISBN) VALUES(72, 3263089706195);
INSERT INTO BookLanguage(ISBN, codeLanguage) VALUES(3263089706195, 'PL');
INSERT INTO BookLanguage(ISBN, codeLanguage) VALUES(3263089706195, 'NL');
INSERT INTO BookGenre(ISBN, idGenre) VALUES(3263089706195, 9);
INSERT INTO BookGenre(ISBN, idGenre) VALUES(3263089706195, 25);
INSERT INTO BookGenre(ISBN, idGenre) VALUES(3263089706195, 7);
INSERT INTO Book(ISBN, name, publication, edition, idPublisher) VALUES(3001077166054, 'Harry Potter and the Chamber of Secrets', '1741-1-14', 1, 4);
INSERT INTO Person(name, birth) VALUES('J. K. Rowling', '1717-3-12');
INSERT INTO BookWriter(idWriter, ISBN) VALUES(73, 3001077166054);
INSERT INTO BookLanguage(ISBN, codeLanguage) VALUES(3001077166054, 'RO');
INSERT INTO BookLanguage(ISBN, codeLanguage) VALUES(3001077166054, 'PL');
INSERT INTO BookGenre(ISBN, idGenre) VALUES(3001077166054, 11);
INSERT INTO BookGenre(ISBN, idGenre) VALUES(3001077166054, 17);
INSERT INTO BookGenre(ISBN, idGenre) VALUES(3001077166054, 7);
INSERT INTO Book(ISBN, name, publication, edition, idPublisher) VALUES(1371200772017, 'Harry Potter and the Prisoner of Azkaban', '1844-1-9', 1, 8);
INSERT INTO Person(name, birth) VALUES('J. K. Rowling', '1762-6-7');
INSERT INTO BookWriter(idWriter, ISBN) VALUES(74, 1371200772017);
INSERT INTO BookLanguage(ISBN, codeLanguage) VALUES(1371200772017, 'ES');
INSERT INTO BookLanguage(ISBN, codeLanguage) VALUES(1371200772017, 'PL');
INSERT INTO BookGenre(ISBN, idGenre) VALUES(1371200772017, 22);
INSERT INTO BookGenre(ISBN, idGenre) VALUES(1371200772017, 15);
INSERT INTO BookGenre(ISBN, idGenre) VALUES(1371200772017, 8);
INSERT INTO Book(ISBN, name, publication, edition, idPublisher) VALUES(9689378314855, 'The Hobbit', '2018-8-10', 1, 1);
INSERT INTO Person(name, birth) VALUES('J. R. R. Tolkien', '1970-3-25');
INSERT INTO BookWriter(idWriter, ISBN) VALUES(75, 9689378314855);
INSERT INTO BookLanguage(ISBN, codeLanguage) VALUES(9689378314855, 'PL');
INSERT INTO BookLanguage(ISBN, codeLanguage) VALUES(9689378314855, 'NL');
INSERT INTO BookGenre(ISBN, idGenre) VALUES(9689378314855, 3);
INSERT INTO BookGenre(ISBN, idGenre) VALUES(9689378314855, 25);
INSERT INTO BookGenre(ISBN, idGenre) VALUES(9689378314855, 6);
INSERT INTO Book(ISBN, name, publication, edition, idPublisher) VALUES(3456253673800, 'Tess of the dUrbervilles', '1789-11-17', 8, 5);
INSERT INTO Person(name, birth) VALUES('Thomas Hardy', '1828-3-26');
INSERT INTO BookWriter(idWriter, ISBN) VALUES(76, 3456253673800);
INSERT INTO BookLanguage(ISBN, codeLanguage) VALUES(3456253673800, 'CZ');
INSERT INTO BookLanguage(ISBN, codeLanguage) VALUES(3456253673800, 'EN');
INSERT INTO BookGenre(ISBN, idGenre) VALUES(3456253673800, 16);
INSERT INTO BookGenre(ISBN, idGenre) VALUES(3456253673800, 29);
INSERT INTO BookGenre(ISBN, idGenre) VALUES(3456253673800, 26);
INSERT INTO Book(ISBN, name, publication, edition, idPublisher) VALUES(5659287538897, 'Middlemarch', '1893-4-27', 8, 8);
INSERT INTO Person(name, birth) VALUES('George Eliot', '1739-1-7');
INSERT INTO BookWriter(idWriter, ISBN) VALUES(77, 5659287538897);
INSERT INTO BookLanguage(ISBN, codeLanguage) VALUES(5659287538897, 'CZ');
INSERT INTO BookLanguage(ISBN, codeLanguage) VALUES(5659287538897, 'RO');
INSERT INTO BookGenre(ISBN, idGenre) VALUES(5659287538897, 12);
INSERT INTO BookGenre(ISBN, idGenre) VALUES(5659287538897, 5);
INSERT INTO BookGenre(ISBN, idGenre) VALUES(5659287538897, 5);
INSERT INTO Book(ISBN, name, publication, edition, idPublisher) VALUES(2750006373119, 'A Prayer for Owen Meany', '1902-8-5', 15, 7);
INSERT INTO Person(name, birth) VALUES('John Irving', '1779-3-14');
INSERT INTO BookWriter(idWriter, ISBN) VALUES(78, 2750006373119);
INSERT INTO BookLanguage(ISBN, codeLanguage) VALUES(2750006373119, 'EN');
INSERT INTO BookLanguage(ISBN, codeLanguage) VALUES(2750006373119, 'DE');
INSERT INTO BookGenre(ISBN, idGenre) VALUES(2750006373119, 13);
INSERT INTO BookGenre(ISBN, idGenre) VALUES(2750006373119, 9);
INSERT INTO BookGenre(ISBN, idGenre) VALUES(2750006373119, 8);
INSERT INTO Book(ISBN, name, publication, edition, idPublisher) VALUES(6668744653291, 'The Grapes of Wrath', '1801-13-27', 6, 2);
INSERT INTO Person(name, birth) VALUES('John Steinbeck', '1726-6-24');
INSERT INTO BookWriter(idWriter, ISBN) VALUES(79, 6668744653291);
INSERT INTO BookLanguage(ISBN, codeLanguage) VALUES(6668744653291, 'FR');
INSERT INTO BookLanguage(ISBN, codeLanguage) VALUES(6668744653291, 'FR');
INSERT INTO BookGenre(ISBN, idGenre) VALUES(6668744653291, 6);
INSERT INTO BookGenre(ISBN, idGenre) VALUES(6668744653291, 21);
INSERT INTO BookGenre(ISBN, idGenre) VALUES(6668744653291, 0);
INSERT INTO Book(ISBN, name, publication, edition, idPublisher) VALUES(8905020822024, 'Alices Adventures in Wonderland', '1965-12-13', 12, 8);
INSERT INTO Person(name, birth) VALUES('Lewis Carroll', '1712-1-20');
INSERT INTO BookWriter(idWriter, ISBN) VALUES(80, 8905020822024);
INSERT INTO BookLanguage(ISBN, codeLanguage) VALUES(8905020822024, 'RO');
INSERT INTO BookLanguage(ISBN, codeLanguage) VALUES(8905020822024, 'FR');
INSERT INTO BookGenre(ISBN, idGenre) VALUES(8905020822024, 21);
INSERT INTO BookGenre(ISBN, idGenre) VALUES(8905020822024, 29);
INSERT INTO BookGenre(ISBN, idGenre) VALUES(8905020822024, 2);
INSERT INTO Book(ISBN, name, publication, edition, idPublisher) VALUES(9388502519686, 'The Story of Tracy Beaker', '1866-13-28', 2, 10);
INSERT INTO Person(name, birth) VALUES('Jacqueline Wilson', '1704-2-15');
INSERT INTO BookWriter(idWriter, ISBN) VALUES(81, 9388502519686);
INSERT INTO BookLanguage(ISBN, codeLanguage) VALUES(9388502519686, 'SV');
INSERT INTO BookLanguage(ISBN, codeLanguage) VALUES(9388502519686, 'PL');
INSERT INTO BookGenre(ISBN, idGenre) VALUES(9388502519686, 10);
INSERT INTO BookGenre(ISBN, idGenre) VALUES(9388502519686, 23);
INSERT INTO BookGenre(ISBN, idGenre) VALUES(9388502519686, 28);
INSERT INTO Book(ISBN, name, publication, edition, idPublisher) VALUES(4716803681938, 'One Hundred Years of Solitude', '1820-11-5', 14, 3);
INSERT INTO Person(name, birth) VALUES('Gabriel García Márquez', '1979-6-12');
INSERT INTO BookWriter(idWriter, ISBN) VALUES(82, 4716803681938);
INSERT INTO BookLanguage(ISBN, codeLanguage) VALUES(4716803681938, 'DE');
INSERT INTO BookLanguage(ISBN, codeLanguage) VALUES(4716803681938, 'RO');
INSERT INTO BookGenre(ISBN, idGenre) VALUES(4716803681938, 8);
INSERT INTO BookGenre(ISBN, idGenre) VALUES(4716803681938, 0);
INSERT INTO BookGenre(ISBN, idGenre) VALUES(4716803681938, 12);
INSERT INTO Book(ISBN, name, publication, edition, idPublisher) VALUES(6099814225492, 'The Pillars of the Earth', '1837-7-25', 1, 10);
INSERT INTO Person(name, birth) VALUES('Ken Follett', '1994-8-23');
INSERT INTO BookWriter(idWriter, ISBN) VALUES(83, 6099814225492);
INSERT INTO BookLanguage(ISBN, codeLanguage) VALUES(6099814225492, 'SV');
INSERT INTO BookLanguage(ISBN, codeLanguage) VALUES(6099814225492, 'RO');
INSERT INTO BookGenre(ISBN, idGenre) VALUES(6099814225492, 6);
INSERT INTO BookGenre(ISBN, idGenre) VALUES(6099814225492, 2);
INSERT INTO BookGenre(ISBN, idGenre) VALUES(6099814225492, 23);
INSERT INTO Book(ISBN, name, publication, edition, idPublisher) VALUES(3844523719164, 'David Copperfield', '1750-3-13', 11, 6);
INSERT INTO Person(name, birth) VALUES('Charles Dickens', '1836-10-11');
INSERT INTO BookWriter(idWriter, ISBN) VALUES(84, 3844523719164);
INSERT INTO BookLanguage(ISBN, codeLanguage) VALUES(3844523719164, 'EN');
INSERT INTO BookLanguage(ISBN, codeLanguage) VALUES(3844523719164, 'DE');
INSERT INTO BookGenre(ISBN, idGenre) VALUES(3844523719164, 17);
INSERT INTO BookGenre(ISBN, idGenre) VALUES(3844523719164, 25);
INSERT INTO BookGenre(ISBN, idGenre) VALUES(3844523719164, 18);
INSERT INTO Book(ISBN, name, publication, edition, idPublisher) VALUES(6532413405306, 'Charlie and the Chocolate Factory', '1927-10-28', 1, 1);
INSERT INTO Person(name, birth) VALUES('Roald Dahl', '1980-1-1');
INSERT INTO BookWriter(idWriter, ISBN) VALUES(85, 6532413405306);
INSERT INTO BookLanguage(ISBN, codeLanguage) VALUES(6532413405306, 'SV');
INSERT INTO BookLanguage(ISBN, codeLanguage) VALUES(6532413405306, 'RO');
INSERT INTO BookGenre(ISBN, idGenre) VALUES(6532413405306, 2);
INSERT INTO BookGenre(ISBN, idGenre) VALUES(6532413405306, 4);
INSERT INTO BookGenre(ISBN, idGenre) VALUES(6532413405306, 5);
INSERT INTO Book(ISBN, name, publication, edition, idPublisher) VALUES(3361195743396, 'Treasure Island', '1834-1-15', 2, 8);
INSERT INTO Person(name, birth) VALUES('Robert Louis Stevenson', '1893-4-6');
INSERT INTO BookWriter(idWriter, ISBN) VALUES(86, 3361195743396);
INSERT INTO BookLanguage(ISBN, codeLanguage) VALUES(3361195743396, 'ES');
INSERT INTO BookLanguage(ISBN, codeLanguage) VALUES(3361195743396, 'NL');
INSERT INTO BookGenre(ISBN, idGenre) VALUES(3361195743396, 14);
INSERT INTO BookGenre(ISBN, idGenre) VALUES(3361195743396, 24);
INSERT INTO BookGenre(ISBN, idGenre) VALUES(3361195743396, 22);
INSERT INTO Book(ISBN, name, publication, edition, idPublisher) VALUES(6803865332325, 'A Town Like Alice', '2012-2-27', 3, 9);
INSERT INTO Person(name, birth) VALUES('Nevil Shute', '1840-1-28');
INSERT INTO BookWriter(idWriter, ISBN) VALUES(87, 6803865332325);
INSERT INTO BookLanguage(ISBN, codeLanguage) VALUES(6803865332325, 'PL');
INSERT INTO BookLanguage(ISBN, codeLanguage) VALUES(6803865332325, 'IT');
INSERT INTO BookGenre(ISBN, idGenre) VALUES(6803865332325, 13);
INSERT INTO BookGenre(ISBN, idGenre) VALUES(6803865332325, 18);
INSERT INTO BookGenre(ISBN, idGenre) VALUES(6803865332325, 15);
INSERT INTO Book(ISBN, name, publication, edition, idPublisher) VALUES(1855151042113, 'Persuasion', '1874-1-10', 7, 9);
INSERT INTO Person(name, birth) VALUES('Jane Austen', '1932-8-8');
INSERT INTO BookWriter(idWriter, ISBN) VALUES(88, 1855151042113);
INSERT INTO BookLanguage(ISBN, codeLanguage) VALUES(1855151042113, 'NL');
INSERT INTO BookLanguage(ISBN, codeLanguage) VALUES(1855151042113, 'NL');
INSERT INTO BookGenre(ISBN, idGenre) VALUES(1855151042113, 26);
INSERT INTO BookGenre(ISBN, idGenre) VALUES(1855151042113, 1);
INSERT INTO BookGenre(ISBN, idGenre) VALUES(1855151042113, 15);
INSERT INTO Book(ISBN, name, publication, edition, idPublisher) VALUES(2142630468982, 'Dune', '1779-3-11', 5, 6);
INSERT INTO Person(name, birth) VALUES('Frank Herbert', '1770-12-21');
INSERT INTO BookWriter(idWriter, ISBN) VALUES(89, 2142630468982);
INSERT INTO BookLanguage(ISBN, codeLanguage) VALUES(2142630468982, 'NL');
INSERT INTO BookLanguage(ISBN, codeLanguage) VALUES(2142630468982, 'RO');
INSERT INTO BookGenre(ISBN, idGenre) VALUES(2142630468982, 8);
INSERT INTO BookGenre(ISBN, idGenre) VALUES(2142630468982, 10);
INSERT INTO BookGenre(ISBN, idGenre) VALUES(2142630468982, 22);
INSERT INTO Book(ISBN, name, publication, edition, idPublisher) VALUES(6335876484077, 'Emma', '1720-6-9', 14, 5);
INSERT INTO Person(name, birth) VALUES('Jane Austen', '1793-12-14');
INSERT INTO BookWriter(idWriter, ISBN) VALUES(90, 6335876484077);
INSERT INTO BookLanguage(ISBN, codeLanguage) VALUES(6335876484077, 'DE');
INSERT INTO BookLanguage(ISBN, codeLanguage) VALUES(6335876484077, 'IT');
INSERT INTO BookGenre(ISBN, idGenre) VALUES(6335876484077, 12);
INSERT INTO BookGenre(ISBN, idGenre) VALUES(6335876484077, 0);
INSERT INTO BookGenre(ISBN, idGenre) VALUES(6335876484077, 17);
INSERT INTO Book(ISBN, name, publication, edition, idPublisher) VALUES(5758763494360, 'Anne of Green Gables', '1907-1-7', 10, 6);
INSERT INTO Person(name, birth) VALUES('Lucy Maud Montgomery', '1992-7-24');
INSERT INTO BookWriter(idWriter, ISBN) VALUES(91, 5758763494360);
INSERT INTO BookLanguage(ISBN, codeLanguage) VALUES(5758763494360, 'EN');
INSERT INTO BookLanguage(ISBN, codeLanguage) VALUES(5758763494360, 'PL');
INSERT INTO BookGenre(ISBN, idGenre) VALUES(5758763494360, 21);
INSERT INTO BookGenre(ISBN, idGenre) VALUES(5758763494360, 11);
INSERT INTO BookGenre(ISBN, idGenre) VALUES(5758763494360, 24);
INSERT INTO Book(ISBN, name, publication, edition, idPublisher) VALUES(2469666145145, 'Watership Down', '1790-4-1', 8, 2);
INSERT INTO Person(name, birth) VALUES('Richard Adams', '1778-12-26');
INSERT INTO BookWriter(idWriter, ISBN) VALUES(92, 2469666145145);
INSERT INTO BookLanguage(ISBN, codeLanguage) VALUES(2469666145145, 'HU');
INSERT INTO BookLanguage(ISBN, codeLanguage) VALUES(2469666145145, 'IT');
INSERT INTO BookGenre(ISBN, idGenre) VALUES(2469666145145, 26);
INSERT INTO BookGenre(ISBN, idGenre) VALUES(2469666145145, 21);
INSERT INTO BookGenre(ISBN, idGenre) VALUES(2469666145145, 27);
INSERT INTO Book(ISBN, name, publication, edition, idPublisher) VALUES(1247101027508, 'The Great Gatsby', '1823-7-13', 12, 6);
INSERT INTO Person(name, birth) VALUES('F. Scott Fitzgerald', '1829-6-21');
INSERT INTO BookWriter(idWriter, ISBN) VALUES(93, 1247101027508);
INSERT INTO BookLanguage(ISBN, codeLanguage) VALUES(1247101027508, 'RO');
INSERT INTO BookLanguage(ISBN, codeLanguage) VALUES(1247101027508, 'EN');
INSERT INTO BookGenre(ISBN, idGenre) VALUES(1247101027508, 10);
INSERT INTO BookGenre(ISBN, idGenre) VALUES(1247101027508, 28);
INSERT INTO BookGenre(ISBN, idGenre) VALUES(1247101027508, 8);
INSERT INTO Book(ISBN, name, publication, edition, idPublisher) VALUES(7231849809866, 'The Count of Monte Cristo', '1740-7-2', 6, 8);
INSERT INTO Person(name, birth) VALUES('Alexandre Dumas', '1700-8-19');
INSERT INTO BookWriter(idWriter, ISBN) VALUES(94, 7231849809866);
INSERT INTO BookLanguage(ISBN, codeLanguage) VALUES(7231849809866, 'HU');
INSERT INTO BookLanguage(ISBN, codeLanguage) VALUES(7231849809866, 'FR');
INSERT INTO BookGenre(ISBN, idGenre) VALUES(7231849809866, 7);
INSERT INTO BookGenre(ISBN, idGenre) VALUES(7231849809866, 7);
INSERT INTO BookGenre(ISBN, idGenre) VALUES(7231849809866, 13);
INSERT INTO Book(ISBN, name, publication, edition, idPublisher) VALUES(1698380718768, 'Brideshead Revisited', '1821-13-29', 5, 4);
INSERT INTO Person(name, birth) VALUES('Evelyn Waugh', '1766-11-17');
INSERT INTO BookWriter(idWriter, ISBN) VALUES(95, 1698380718768);
INSERT INTO BookLanguage(ISBN, codeLanguage) VALUES(1698380718768, 'PT');
INSERT INTO BookLanguage(ISBN, codeLanguage) VALUES(1698380718768, 'CZ');
INSERT INTO BookGenre(ISBN, idGenre) VALUES(1698380718768, 5);
INSERT INTO BookGenre(ISBN, idGenre) VALUES(1698380718768, 26);
INSERT INTO BookGenre(ISBN, idGenre) VALUES(1698380718768, 8);
INSERT INTO Book(ISBN, name, publication, edition, idPublisher) VALUES(1355073632122, 'Animal Farm', '1973-1-24', 8, 6);
INSERT INTO Person(name, birth) VALUES('George Orwell', '1711-12-5');
INSERT INTO BookWriter(idWriter, ISBN) VALUES(96, 1355073632122);
INSERT INTO BookLanguage(ISBN, codeLanguage) VALUES(1355073632122, 'EN');
INSERT INTO BookLanguage(ISBN, codeLanguage) VALUES(1355073632122, 'HU');
INSERT INTO BookGenre(ISBN, idGenre) VALUES(1355073632122, 6);
INSERT INTO BookGenre(ISBN, idGenre) VALUES(1355073632122, 16);
INSERT INTO BookGenre(ISBN, idGenre) VALUES(1355073632122, 17);
INSERT INTO Book(ISBN, name, publication, edition, idPublisher) VALUES(5322547864656, 'A Christmas Carol', '2008-4-17', 11, 3);
INSERT INTO Person(name, birth) VALUES('Charles Dickens', '1747-6-15');
INSERT INTO BookWriter(idWriter, ISBN) VALUES(97, 5322547864656);
INSERT INTO BookLanguage(ISBN, codeLanguage) VALUES(5322547864656, 'PT');
INSERT INTO BookLanguage(ISBN, codeLanguage) VALUES(5322547864656, 'ES');
INSERT INTO BookGenre(ISBN, idGenre) VALUES(5322547864656, 26);
INSERT INTO BookGenre(ISBN, idGenre) VALUES(5322547864656, 27);
INSERT INTO BookGenre(ISBN, idGenre) VALUES(5322547864656, 13);
INSERT INTO Book(ISBN, name, publication, edition, idPublisher) VALUES(9022567680748, 'Far from the Madding Crowd', '1902-10-8', 14, 1);
INSERT INTO Person(name, birth) VALUES('Thomas Hardy', '1779-6-27');
INSERT INTO BookWriter(idWriter, ISBN) VALUES(98, 9022567680748);
INSERT INTO BookLanguage(ISBN, codeLanguage) VALUES(9022567680748, 'IT');
INSERT INTO BookLanguage(ISBN, codeLanguage) VALUES(9022567680748, 'SV');
INSERT INTO BookGenre(ISBN, idGenre) VALUES(9022567680748, 13);
INSERT INTO BookGenre(ISBN, idGenre) VALUES(9022567680748, 3);
INSERT INTO BookGenre(ISBN, idGenre) VALUES(9022567680748, 4);
INSERT INTO Book(ISBN, name, publication, edition, idPublisher) VALUES(6793589349347, 'Goodnight Mister Tom', '1838-6-23', 6, 5);
INSERT INTO Person(name, birth) VALUES('Michelle Magorian', '1774-8-3');
INSERT INTO BookWriter(idWriter, ISBN) VALUES(99, 6793589349347);
INSERT INTO BookLanguage(ISBN, codeLanguage) VALUES(6793589349347, 'PT');
INSERT INTO BookLanguage(ISBN, codeLanguage) VALUES(6793589349347, 'EN');
INSERT INTO BookGenre(ISBN, idGenre) VALUES(6793589349347, 2);
INSERT INTO BookGenre(ISBN, idGenre) VALUES(6793589349347, 4);
INSERT INTO BookGenre(ISBN, idGenre) VALUES(6793589349347, 26);
INSERT INTO Book(ISBN, name, publication, edition, idPublisher) VALUES(4186826361383, 'The Shell Seekers', '1736-8-8', 13, 2);
INSERT INTO Person(name, birth) VALUES('Rosamunde Pilcher', '1802-3-5');
INSERT INTO BookWriter(idWriter, ISBN) VALUES(100, 4186826361383);
INSERT INTO BookLanguage(ISBN, codeLanguage) VALUES(4186826361383, 'FR');
INSERT INTO BookLanguage(ISBN, codeLanguage) VALUES(4186826361383, 'PL');
INSERT INTO BookGenre(ISBN, idGenre) VALUES(4186826361383, 24);
INSERT INTO BookGenre(ISBN, idGenre) VALUES(4186826361383, 20);
INSERT INTO BookGenre(ISBN, idGenre) VALUES(4186826361383, 8);
INSERT INTO Book(ISBN, name, publication, edition, idPublisher) VALUES(5506556658311, 'The Secret Garden', '1990-11-25', 13, 1);
INSERT INTO Person(name, birth) VALUES('Frances Hodgson Burnett', '1928-1-11');
INSERT INTO BookWriter(idWriter, ISBN) VALUES(101, 5506556658311);
INSERT INTO BookLanguage(ISBN, codeLanguage) VALUES(5506556658311, 'FR');
INSERT INTO BookLanguage(ISBN, codeLanguage) VALUES(5506556658311, 'ES');
INSERT INTO BookGenre(ISBN, idGenre) VALUES(5506556658311, 13);
INSERT INTO BookGenre(ISBN, idGenre) VALUES(5506556658311, 8);
INSERT INTO BookGenre(ISBN, idGenre) VALUES(5506556658311, 1);
INSERT INTO Book(ISBN, name, publication, edition, idPublisher) VALUES(5007096013111, 'Of Mice and Men', '1964-10-28', 6, 1);
INSERT INTO Person(name, birth) VALUES('John Steinbeck', '1919-10-2');
INSERT INTO BookWriter(idWriter, ISBN) VALUES(102, 5007096013111);
INSERT INTO BookLanguage(ISBN, codeLanguage) VALUES(5007096013111, 'NL');
INSERT INTO BookLanguage(ISBN, codeLanguage) VALUES(5007096013111, 'NL');
INSERT INTO BookGenre(ISBN, idGenre) VALUES(5007096013111, 22);
INSERT INTO BookGenre(ISBN, idGenre) VALUES(5007096013111, 8);
INSERT INTO BookGenre(ISBN, idGenre) VALUES(5007096013111, 22);
INSERT INTO Book(ISBN, name, publication, edition, idPublisher) VALUES(5643168309565, 'The Stand', '1986-12-6', 5, 10);
INSERT INTO Person(name, birth) VALUES('Stephen King', '1727-3-3');
INSERT INTO BookWriter(idWriter, ISBN) VALUES(103, 5643168309565);
INSERT INTO BookLanguage(ISBN, codeLanguage) VALUES(5643168309565, 'DE');
INSERT INTO BookLanguage(ISBN, codeLanguage) VALUES(5643168309565, 'NL');
INSERT INTO BookGenre(ISBN, idGenre) VALUES(5643168309565, 8);
INSERT INTO BookGenre(ISBN, idGenre) VALUES(5643168309565, 15);
INSERT INTO BookGenre(ISBN, idGenre) VALUES(5643168309565, 1);
INSERT INTO Book(ISBN, name, publication, edition, idPublisher) VALUES(2439622713172, 'Anna Karenina', '1739-3-25', 3, 3);
INSERT INTO Person(name, birth) VALUES('Leo Tolstoy', '1915-4-21');
INSERT INTO BookWriter(idWriter, ISBN) VALUES(104, 2439622713172);
INSERT INTO BookLanguage(ISBN, codeLanguage) VALUES(2439622713172, 'FR');
INSERT INTO BookLanguage(ISBN, codeLanguage) VALUES(2439622713172, 'ES');
INSERT INTO BookGenre(ISBN, idGenre) VALUES(2439622713172, 17);
INSERT INTO BookGenre(ISBN, idGenre) VALUES(2439622713172, 27);
INSERT INTO BookGenre(ISBN, idGenre) VALUES(2439622713172, 21);
INSERT INTO Book(ISBN, name, publication, edition, idPublisher) VALUES(2088313659851, 'A Suitable Boy', '1732-1-5', 1, 8);
INSERT INTO Person(name, birth) VALUES('Vikram Seth', '1860-8-13');
INSERT INTO BookWriter(idWriter, ISBN) VALUES(105, 2088313659851);
INSERT INTO BookLanguage(ISBN, codeLanguage) VALUES(2088313659851, 'NL');
INSERT INTO BookLanguage(ISBN, codeLanguage) VALUES(2088313659851, 'NL');
INSERT INTO BookGenre(ISBN, idGenre) VALUES(2088313659851, 13);
INSERT INTO BookGenre(ISBN, idGenre) VALUES(2088313659851, 18);
INSERT INTO BookGenre(ISBN, idGenre) VALUES(2088313659851, 17);
INSERT INTO Book(ISBN, name, publication, edition, idPublisher) VALUES(6753896930508, 'The BFG', '1748-7-27', 11, 8);
INSERT INTO Person(name, birth) VALUES('Roald Dahl', '1952-2-20');
INSERT INTO BookWriter(idWriter, ISBN) VALUES(106, 6753896930508);
INSERT INTO BookLanguage(ISBN, codeLanguage) VALUES(6753896930508, 'EN');
INSERT INTO BookLanguage(ISBN, codeLanguage) VALUES(6753896930508, 'FR');
INSERT INTO BookGenre(ISBN, idGenre) VALUES(6753896930508, 25);
INSERT INTO BookGenre(ISBN, idGenre) VALUES(6753896930508, 24);
INSERT INTO BookGenre(ISBN, idGenre) VALUES(6753896930508, 19);
INSERT INTO Book(ISBN, name, publication, edition, idPublisher) VALUES(3017152014575, 'Swallows and Amazons', '1929-10-22', 9, 8);
INSERT INTO Person(name, birth) VALUES('Arthur Ransome', '1968-2-2');
INSERT INTO BookWriter(idWriter, ISBN) VALUES(107, 3017152014575);
INSERT INTO BookLanguage(ISBN, codeLanguage) VALUES(3017152014575, 'RO');
INSERT INTO BookLanguage(ISBN, codeLanguage) VALUES(3017152014575, 'FR');
INSERT INTO BookGenre(ISBN, idGenre) VALUES(3017152014575, 1);
INSERT INTO BookGenre(ISBN, idGenre) VALUES(3017152014575, 5);
INSERT INTO BookGenre(ISBN, idGenre) VALUES(3017152014575, 23);
INSERT INTO Book(ISBN, name, publication, edition, idPublisher) VALUES(5877260465949, 'Black Beauty', '1951-12-17', 14, 5);
INSERT INTO Person(name, birth) VALUES('Anna Sewell', '1840-12-4');
INSERT INTO BookWriter(idWriter, ISBN) VALUES(108, 5877260465949);
INSERT INTO BookLanguage(ISBN, codeLanguage) VALUES(5877260465949, 'PT');
INSERT INTO BookLanguage(ISBN, codeLanguage) VALUES(5877260465949, 'PL');
INSERT INTO BookGenre(ISBN, idGenre) VALUES(5877260465949, 29);
INSERT INTO BookGenre(ISBN, idGenre) VALUES(5877260465949, 8);
INSERT INTO BookGenre(ISBN, idGenre) VALUES(5877260465949, 8);
INSERT INTO Book(ISBN, name, publication, edition, idPublisher) VALUES(8867626386774, 'Artemis Fowl', '1865-8-23', 8, 5);
INSERT INTO Person(name, birth) VALUES('Eoin Colfer', '1733-1-14');
INSERT INTO BookWriter(idWriter, ISBN) VALUES(109, 8867626386774);
INSERT INTO BookLanguage(ISBN, codeLanguage) VALUES(8867626386774, 'ES');
INSERT INTO BookLanguage(ISBN, codeLanguage) VALUES(8867626386774, 'RO');
INSERT INTO BookGenre(ISBN, idGenre) VALUES(8867626386774, 16);
INSERT INTO BookGenre(ISBN, idGenre) VALUES(8867626386774, 17);
INSERT INTO BookGenre(ISBN, idGenre) VALUES(8867626386774, 8);
INSERT INTO Book(ISBN, name, publication, edition, idPublisher) VALUES(2808535620889, 'Crime and Punishment', '1961-6-5', 14, 1);
INSERT INTO Person(name, birth) VALUES('Fyodor Dostoyevsky', '1886-13-25');
INSERT INTO BookWriter(idWriter, ISBN) VALUES(110, 2808535620889);
INSERT INTO BookLanguage(ISBN, codeLanguage) VALUES(2808535620889, 'ES');
INSERT INTO BookLanguage(ISBN, codeLanguage) VALUES(2808535620889, 'NL');
INSERT INTO BookGenre(ISBN, idGenre) VALUES(2808535620889, 25);
INSERT INTO BookGenre(ISBN, idGenre) VALUES(2808535620889, 1);
INSERT INTO BookGenre(ISBN, idGenre) VALUES(2808535620889, 7);
INSERT INTO Book(ISBN, name, publication, edition, idPublisher) VALUES(4680322870831, 'Noughts & Crosses', '1801-5-23', 9, 8);
INSERT INTO Person(name, birth) VALUES('Malorie Blackman', '1754-3-13');
INSERT INTO BookWriter(idWriter, ISBN) VALUES(111, 4680322870831);
INSERT INTO BookLanguage(ISBN, codeLanguage) VALUES(4680322870831, 'ES');
INSERT INTO BookLanguage(ISBN, codeLanguage) VALUES(4680322870831, 'EN');
INSERT INTO BookGenre(ISBN, idGenre) VALUES(4680322870831, 9);
INSERT INTO BookGenre(ISBN, idGenre) VALUES(4680322870831, 24);
INSERT INTO BookGenre(ISBN, idGenre) VALUES(4680322870831, 14);
INSERT INTO Book(ISBN, name, publication, edition, idPublisher) VALUES(1194300907177, 'Memoirs of a Geisha', '1834-8-29', 10, 1);
INSERT INTO Person(name, birth) VALUES('Arthur Golden', '1719-3-16');
INSERT INTO BookWriter(idWriter, ISBN) VALUES(112, 1194300907177);
INSERT INTO BookLanguage(ISBN, codeLanguage) VALUES(1194300907177, 'PT');
INSERT INTO BookLanguage(ISBN, codeLanguage) VALUES(1194300907177, 'HU');
INSERT INTO BookGenre(ISBN, idGenre) VALUES(1194300907177, 2);
INSERT INTO BookGenre(ISBN, idGenre) VALUES(1194300907177, 9);
INSERT INTO BookGenre(ISBN, idGenre) VALUES(1194300907177, 26);
INSERT INTO Book(ISBN, name, publication, edition, idPublisher) VALUES(5101551695094, 'A Tale of Two Cities', '1945-13-10', 13, 6);
INSERT INTO Person(name, birth) VALUES('Charles Dickens', '1940-13-18');
INSERT INTO BookWriter(idWriter, ISBN) VALUES(113, 5101551695094);
INSERT INTO BookLanguage(ISBN, codeLanguage) VALUES(5101551695094, 'EN');
INSERT INTO BookLanguage(ISBN, codeLanguage) VALUES(5101551695094, 'SV');
INSERT INTO BookGenre(ISBN, idGenre) VALUES(5101551695094, 9);
INSERT INTO BookGenre(ISBN, idGenre) VALUES(5101551695094, 12);
INSERT INTO BookGenre(ISBN, idGenre) VALUES(5101551695094, 3);
INSERT INTO Book(ISBN, name, publication, edition, idPublisher) VALUES(3277010901535, 'The Thorn Birds', '1960-7-22', 6, 4);
INSERT INTO Person(name, birth) VALUES('Colleen McCullough', '1756-8-6');
INSERT INTO BookWriter(idWriter, ISBN) VALUES(114, 3277010901535);
INSERT INTO BookLanguage(ISBN, codeLanguage) VALUES(3277010901535, 'ES');
INSERT INTO BookLanguage(ISBN, codeLanguage) VALUES(3277010901535, 'PT');
INSERT INTO BookGenre(ISBN, idGenre) VALUES(3277010901535, 5);
INSERT INTO BookGenre(ISBN, idGenre) VALUES(3277010901535, 24);
INSERT INTO BookGenre(ISBN, idGenre) VALUES(3277010901535, 20);
INSERT INTO Book(ISBN, name, publication, edition, idPublisher) VALUES(9067517475433, 'Mort', '1969-12-14', 6, 4);
INSERT INTO Person(name, birth) VALUES('Terry Pratchett', '1898-6-26');
INSERT INTO BookWriter(idWriter, ISBN) VALUES(115, 9067517475433);
INSERT INTO BookLanguage(ISBN, codeLanguage) VALUES(9067517475433, 'CZ');
INSERT INTO BookLanguage(ISBN, codeLanguage) VALUES(9067517475433, 'HU');
INSERT INTO BookGenre(ISBN, idGenre) VALUES(9067517475433, 9);
INSERT INTO BookGenre(ISBN, idGenre) VALUES(9067517475433, 22);
INSERT INTO BookGenre(ISBN, idGenre) VALUES(9067517475433, 16);
INSERT INTO Book(ISBN, name, publication, edition, idPublisher) VALUES(7854536505160, 'The Magic Faraway Tree', '1766-2-12', 6, 6);
INSERT INTO Person(name, birth) VALUES('Enid Blyton', '1862-7-1');
INSERT INTO BookWriter(idWriter, ISBN) VALUES(116, 7854536505160);
INSERT INTO BookLanguage(ISBN, codeLanguage) VALUES(7854536505160, 'SV');
INSERT INTO BookLanguage(ISBN, codeLanguage) VALUES(7854536505160, 'FR');
INSERT INTO BookGenre(ISBN, idGenre) VALUES(7854536505160, 6);
INSERT INTO BookGenre(ISBN, idGenre) VALUES(7854536505160, 9);
INSERT INTO BookGenre(ISBN, idGenre) VALUES(7854536505160, 15);
INSERT INTO Book(ISBN, name, publication, edition, idPublisher) VALUES(6529291352879, 'The Magus', '1729-11-17', 9, 5);
INSERT INTO Person(name, birth) VALUES('John Fowles', '1778-9-13');
INSERT INTO BookWriter(idWriter, ISBN) VALUES(117, 6529291352879);
INSERT INTO BookLanguage(ISBN, codeLanguage) VALUES(6529291352879, 'HU');
INSERT INTO BookLanguage(ISBN, codeLanguage) VALUES(6529291352879, 'PL');
INSERT INTO BookGenre(ISBN, idGenre) VALUES(6529291352879, 4);
INSERT INTO BookGenre(ISBN, idGenre) VALUES(6529291352879, 21);
INSERT INTO BookGenre(ISBN, idGenre) VALUES(6529291352879, 23);
INSERT INTO Book(ISBN, name, publication, edition, idPublisher) VALUES(7597504201517, 'Good Omens', '1951-4-21', 2, 10);
INSERT INTO Person(name, birth) VALUES('Neil Gaiman Pratchett', '1831-13-11');
INSERT INTO BookWriter(idWriter, ISBN) VALUES(118, 7597504201517);
INSERT INTO Person(name, birth) VALUES('Terry Pratchett', '1835-7-24');
INSERT INTO BookWriter(idWriter, ISBN) VALUES(119, 7597504201517);
INSERT INTO BookLanguage(ISBN, codeLanguage) VALUES(7597504201517, 'CZ');
INSERT INTO BookLanguage(ISBN, codeLanguage) VALUES(7597504201517, 'PT');
INSERT INTO BookGenre(ISBN, idGenre) VALUES(7597504201517, 21);
INSERT INTO BookGenre(ISBN, idGenre) VALUES(7597504201517, 4);
INSERT INTO BookGenre(ISBN, idGenre) VALUES(7597504201517, 26);
INSERT INTO Book(ISBN, name, publication, edition, idPublisher) VALUES(4171898960505, 'Guards! Guards!', '2014-9-12', 12, 5);
INSERT INTO Person(name, birth) VALUES('Terry Pratchett', '1764-12-4');
INSERT INTO BookWriter(idWriter, ISBN) VALUES(120, 4171898960505);
INSERT INTO BookLanguage(ISBN, codeLanguage) VALUES(4171898960505, 'ES');
INSERT INTO BookLanguage(ISBN, codeLanguage) VALUES(4171898960505, 'DE');
INSERT INTO BookGenre(ISBN, idGenre) VALUES(4171898960505, 6);
INSERT INTO BookGenre(ISBN, idGenre) VALUES(4171898960505, 7);
INSERT INTO BookGenre(ISBN, idGenre) VALUES(4171898960505, 9);
INSERT INTO Book(ISBN, name, publication, edition, idPublisher) VALUES(2315176705207, 'Lord of the Flies', '1794-6-13', 6, 10);
INSERT INTO Person(name, birth) VALUES('William Golding', '1987-8-5');
INSERT INTO BookWriter(idWriter, ISBN) VALUES(121, 2315176705207);
INSERT INTO BookLanguage(ISBN, codeLanguage) VALUES(2315176705207, 'FR');
INSERT INTO BookLanguage(ISBN, codeLanguage) VALUES(2315176705207, 'CZ');
INSERT INTO BookGenre(ISBN, idGenre) VALUES(2315176705207, 6);
INSERT INTO BookGenre(ISBN, idGenre) VALUES(2315176705207, 6);
INSERT INTO BookGenre(ISBN, idGenre) VALUES(2315176705207, 4);
INSERT INTO Book(ISBN, name, publication, edition, idPublisher) VALUES(4342897284810, 'Perfume', '1755-4-18', 10, 3);
INSERT INTO Person(name, birth) VALUES('Patrick Süskind', '1802-4-27');
INSERT INTO BookWriter(idWriter, ISBN) VALUES(122, 4342897284810);
INSERT INTO BookLanguage(ISBN, codeLanguage) VALUES(4342897284810, 'IT');
INSERT INTO BookLanguage(ISBN, codeLanguage) VALUES(4342897284810, 'PT');
INSERT INTO BookGenre(ISBN, idGenre) VALUES(4342897284810, 15);
INSERT INTO BookGenre(ISBN, idGenre) VALUES(4342897284810, 21);
INSERT INTO BookGenre(ISBN, idGenre) VALUES(4342897284810, 15);
INSERT INTO Book(ISBN, name, publication, edition, idPublisher) VALUES(2590595457172, 'The Ragged-Trousered Philanthropists', '1815-2-25', 10, 4);
INSERT INTO Person(name, birth) VALUES('Robert Tressell', '1977-13-4');
INSERT INTO BookWriter(idWriter, ISBN) VALUES(123, 2590595457172);
INSERT INTO BookLanguage(ISBN, codeLanguage) VALUES(2590595457172, 'HU');
INSERT INTO BookLanguage(ISBN, codeLanguage) VALUES(2590595457172, 'HU');
INSERT INTO BookGenre(ISBN, idGenre) VALUES(2590595457172, 18);
INSERT INTO BookGenre(ISBN, idGenre) VALUES(2590595457172, 4);
INSERT INTO BookGenre(ISBN, idGenre) VALUES(2590595457172, 9);
INSERT INTO Book(ISBN, name, publication, edition, idPublisher) VALUES(6018587353894, 'Night Watch', '2018-1-29', 10, 1);
INSERT INTO Person(name, birth) VALUES('Terry Pratchett', '1956-11-17');
INSERT INTO BookWriter(idWriter, ISBN) VALUES(124, 6018587353894);
INSERT INTO BookLanguage(ISBN, codeLanguage) VALUES(6018587353894, 'PL');
INSERT INTO BookLanguage(ISBN, codeLanguage) VALUES(6018587353894, 'DE');
INSERT INTO BookGenre(ISBN, idGenre) VALUES(6018587353894, 10);
INSERT INTO BookGenre(ISBN, idGenre) VALUES(6018587353894, 23);
INSERT INTO BookGenre(ISBN, idGenre) VALUES(6018587353894, 20);
INSERT INTO Book(ISBN, name, publication, edition, idPublisher) VALUES(4392227334996, 'Matilda', '1880-6-14', 11, 9);
INSERT INTO Person(name, birth) VALUES('Roald Dahl', '1814-10-18');
INSERT INTO BookWriter(idWriter, ISBN) VALUES(125, 4392227334996);
INSERT INTO BookLanguage(ISBN, codeLanguage) VALUES(4392227334996, 'HU');
INSERT INTO BookLanguage(ISBN, codeLanguage) VALUES(4392227334996, 'RO');
INSERT INTO BookGenre(ISBN, idGenre) VALUES(4392227334996, 13);
INSERT INTO BookGenre(ISBN, idGenre) VALUES(4392227334996, 29);
INSERT INTO BookGenre(ISBN, idGenre) VALUES(4392227334996, 18);
INSERT INTO Book(ISBN, name, publication, edition, idPublisher) VALUES(6695874991816, 'Bridget Joness Diary', '1732-9-10', 7, 9);
INSERT INTO Person(name, birth) VALUES('Helen Fielding', '1976-12-29');
INSERT INTO BookWriter(idWriter, ISBN) VALUES(126, 6695874991816);
INSERT INTO BookLanguage(ISBN, codeLanguage) VALUES(6695874991816, 'DE');
INSERT INTO BookLanguage(ISBN, codeLanguage) VALUES(6695874991816, 'FR');
INSERT INTO BookGenre(ISBN, idGenre) VALUES(6695874991816, 12);
INSERT INTO BookGenre(ISBN, idGenre) VALUES(6695874991816, 5);
INSERT INTO BookGenre(ISBN, idGenre) VALUES(6695874991816, 25);
INSERT INTO Book(ISBN, name, publication, edition, idPublisher) VALUES(4974192431841, 'The Secret History', '1799-1-1', 2, 4);
INSERT INTO Person(name, birth) VALUES('Donna Tartt', '1856-13-28');
INSERT INTO BookWriter(idWriter, ISBN) VALUES(127, 4974192431841);
INSERT INTO BookLanguage(ISBN, codeLanguage) VALUES(4974192431841, 'ES');
INSERT INTO BookLanguage(ISBN, codeLanguage) VALUES(4974192431841, 'IT');
INSERT INTO BookGenre(ISBN, idGenre) VALUES(4974192431841, 27);
INSERT INTO BookGenre(ISBN, idGenre) VALUES(4974192431841, 16);
INSERT INTO BookGenre(ISBN, idGenre) VALUES(4974192431841, 27);
INSERT INTO Book(ISBN, name, publication, edition, idPublisher) VALUES(9684147221671, 'The Woman in White', '1968-2-7', 13, 5);
INSERT INTO Person(name, birth) VALUES('Wilkie Collins', '1971-13-10');
INSERT INTO BookWriter(idWriter, ISBN) VALUES(128, 9684147221671);
INSERT INTO BookLanguage(ISBN, codeLanguage) VALUES(9684147221671, 'PT');
INSERT INTO BookLanguage(ISBN, codeLanguage) VALUES(9684147221671, 'FR');
INSERT INTO BookGenre(ISBN, idGenre) VALUES(9684147221671, 16);
INSERT INTO BookGenre(ISBN, idGenre) VALUES(9684147221671, 9);
INSERT INTO BookGenre(ISBN, idGenre) VALUES(9684147221671, 28);
INSERT INTO Book(ISBN, name, publication, edition, idPublisher) VALUES(6600576710218, 'Ulysses', '1804-8-25', 8, 2);
INSERT INTO Person(name, birth) VALUES('James Joyce', '1758-2-1');
INSERT INTO BookWriter(idWriter, ISBN) VALUES(129, 6600576710218);
INSERT INTO BookLanguage(ISBN, codeLanguage) VALUES(6600576710218, 'NL');
INSERT INTO BookLanguage(ISBN, codeLanguage) VALUES(6600576710218, 'NL');
INSERT INTO BookGenre(ISBN, idGenre) VALUES(6600576710218, 25);
INSERT INTO BookGenre(ISBN, idGenre) VALUES(6600576710218, 18);
INSERT INTO BookGenre(ISBN, idGenre) VALUES(6600576710218, 13);
INSERT INTO Book(ISBN, name, publication, edition, idPublisher) VALUES(6856837737224, 'Bleak House', '1781-9-8', 15, 7);
INSERT INTO Person(name, birth) VALUES('Charles Dickens', '1963-7-24');
INSERT INTO BookWriter(idWriter, ISBN) VALUES(130, 6856837737224);
INSERT INTO BookLanguage(ISBN, codeLanguage) VALUES(6856837737224, 'ES');
INSERT INTO BookLanguage(ISBN, codeLanguage) VALUES(6856837737224, 'DE');
INSERT INTO BookGenre(ISBN, idGenre) VALUES(6856837737224, 16);
INSERT INTO BookGenre(ISBN, idGenre) VALUES(6856837737224, 15);
INSERT INTO BookGenre(ISBN, idGenre) VALUES(6856837737224, 22);
INSERT INTO Book(ISBN, name, publication, edition, idPublisher) VALUES(1759049840521, 'Double Act', '1811-3-21', 7, 10);
INSERT INTO Person(name, birth) VALUES('Jacqueline Wilson', '1749-11-19');
INSERT INTO BookWriter(idWriter, ISBN) VALUES(131, 1759049840521);
INSERT INTO BookLanguage(ISBN, codeLanguage) VALUES(1759049840521, 'EN');
INSERT INTO BookLanguage(ISBN, codeLanguage) VALUES(1759049840521, 'PT');
INSERT INTO BookGenre(ISBN, idGenre) VALUES(1759049840521, 27);
INSERT INTO BookGenre(ISBN, idGenre) VALUES(1759049840521, 24);
INSERT INTO BookGenre(ISBN, idGenre) VALUES(1759049840521, 3);
INSERT INTO Book(ISBN, name, publication, edition, idPublisher) VALUES(7643839999318, 'The Twits', '1767-5-1', 2, 3);
INSERT INTO Person(name, birth) VALUES('Roald Dahl', '1929-11-11');
INSERT INTO BookWriter(idWriter, ISBN) VALUES(132, 7643839999318);
INSERT INTO BookLanguage(ISBN, codeLanguage) VALUES(7643839999318, 'HU');
INSERT INTO BookLanguage(ISBN, codeLanguage) VALUES(7643839999318, 'IT');
INSERT INTO BookGenre(ISBN, idGenre) VALUES(7643839999318, 13);
INSERT INTO BookGenre(ISBN, idGenre) VALUES(7643839999318, 12);
INSERT INTO BookGenre(ISBN, idGenre) VALUES(7643839999318, 22);
INSERT INTO Book(ISBN, name, publication, edition, idPublisher) VALUES(6095996932271, 'I Capture the Castle', '1836-12-6', 2, 1);
INSERT INTO Person(name, birth) VALUES('Dodie Smith', '1704-1-23');
INSERT INTO BookWriter(idWriter, ISBN) VALUES(133, 6095996932271);
INSERT INTO BookLanguage(ISBN, codeLanguage) VALUES(6095996932271, 'SV');
INSERT INTO BookLanguage(ISBN, codeLanguage) VALUES(6095996932271, 'HU');
INSERT INTO BookGenre(ISBN, idGenre) VALUES(6095996932271, 16);
INSERT INTO BookGenre(ISBN, idGenre) VALUES(6095996932271, 20);
INSERT INTO BookGenre(ISBN, idGenre) VALUES(6095996932271, 26);
INSERT INTO Book(ISBN, name, publication, edition, idPublisher) VALUES(3529116825339, 'Holes', '1756-7-6', 4, 6);
INSERT INTO Person(name, birth) VALUES('Louis Sachar', '1854-6-8');
INSERT INTO BookWriter(idWriter, ISBN) VALUES(134, 3529116825339);
INSERT INTO BookLanguage(ISBN, codeLanguage) VALUES(3529116825339, 'PT');
INSERT INTO BookLanguage(ISBN, codeLanguage) VALUES(3529116825339, 'IT');
INSERT INTO BookGenre(ISBN, idGenre) VALUES(3529116825339, 23);
INSERT INTO BookGenre(ISBN, idGenre) VALUES(3529116825339, 26);
INSERT INTO BookGenre(ISBN, idGenre) VALUES(3529116825339, 6);
INSERT INTO Book(ISBN, name, publication, edition, idPublisher) VALUES(2701301669916, 'Gormenghast', '1721-1-6', 8, 3);
INSERT INTO Person(name, birth) VALUES('Mervyn Peake', '1881-3-1');
INSERT INTO BookWriter(idWriter, ISBN) VALUES(135, 2701301669916);
INSERT INTO BookLanguage(ISBN, codeLanguage) VALUES(2701301669916, 'RO');
INSERT INTO BookLanguage(ISBN, codeLanguage) VALUES(2701301669916, 'SV');
INSERT INTO BookGenre(ISBN, idGenre) VALUES(2701301669916, 22);
INSERT INTO BookGenre(ISBN, idGenre) VALUES(2701301669916, 26);
INSERT INTO BookGenre(ISBN, idGenre) VALUES(2701301669916, 8);
INSERT INTO Book(ISBN, name, publication, edition, idPublisher) VALUES(9827388457026, 'The God of Small Things', '1997-1-2', 5, 10);
INSERT INTO Person(name, birth) VALUES('Arundhati Roy', '1794-6-14');
INSERT INTO BookWriter(idWriter, ISBN) VALUES(136, 9827388457026);
INSERT INTO BookLanguage(ISBN, codeLanguage) VALUES(9827388457026, 'PL');
INSERT INTO BookLanguage(ISBN, codeLanguage) VALUES(9827388457026, 'CZ');
INSERT INTO BookGenre(ISBN, idGenre) VALUES(9827388457026, 7);
INSERT INTO BookGenre(ISBN, idGenre) VALUES(9827388457026, 24);
INSERT INTO BookGenre(ISBN, idGenre) VALUES(9827388457026, 0);
INSERT INTO Book(ISBN, name, publication, edition, idPublisher) VALUES(4903344146268, 'Vicky Angel', '1803-10-5', 7, 4);
INSERT INTO Person(name, birth) VALUES('Jacqueline Wilson', '1973-6-13');
INSERT INTO BookWriter(idWriter, ISBN) VALUES(137, 4903344146268);
INSERT INTO BookLanguage(ISBN, codeLanguage) VALUES(4903344146268, 'DE');
INSERT INTO BookLanguage(ISBN, codeLanguage) VALUES(4903344146268, 'PL');
INSERT INTO BookGenre(ISBN, idGenre) VALUES(4903344146268, 3);
INSERT INTO BookGenre(ISBN, idGenre) VALUES(4903344146268, 3);
INSERT INTO BookGenre(ISBN, idGenre) VALUES(4903344146268, 22);
INSERT INTO Book(ISBN, name, publication, edition, idPublisher) VALUES(2775954968346, 'Brave New World', '1845-7-2', 7, 6);
INSERT INTO Person(name, birth) VALUES('Aldous Huxley', '1709-2-3');
INSERT INTO BookWriter(idWriter, ISBN) VALUES(138, 2775954968346);
INSERT INTO BookLanguage(ISBN, codeLanguage) VALUES(2775954968346, 'NL');
INSERT INTO BookLanguage(ISBN, codeLanguage) VALUES(2775954968346, 'SV');
INSERT INTO BookGenre(ISBN, idGenre) VALUES(2775954968346, 16);
INSERT INTO BookGenre(ISBN, idGenre) VALUES(2775954968346, 23);
INSERT INTO BookGenre(ISBN, idGenre) VALUES(2775954968346, 19);
INSERT INTO Book(ISBN, name, publication, edition, idPublisher) VALUES(9496655326011, 'Cold Comfort Farm', '1869-8-22', 15, 1);
INSERT INTO Person(name, birth) VALUES('Stella Gibbons', '1747-11-24');
INSERT INTO BookWriter(idWriter, ISBN) VALUES(139, 9496655326011);
INSERT INTO BookLanguage(ISBN, codeLanguage) VALUES(9496655326011, 'IT');
INSERT INTO BookLanguage(ISBN, codeLanguage) VALUES(9496655326011, 'PT');
INSERT INTO BookGenre(ISBN, idGenre) VALUES(9496655326011, 9);
INSERT INTO BookGenre(ISBN, idGenre) VALUES(9496655326011, 13);
INSERT INTO BookGenre(ISBN, idGenre) VALUES(9496655326011, 2);
INSERT INTO Book(ISBN, name, publication, edition, idPublisher) VALUES(6508063248056, 'Magician', '1735-8-23', 14, 4);
INSERT INTO Person(name, birth) VALUES('Raymond E. Feist', '1773-2-25');
INSERT INTO BookWriter(idWriter, ISBN) VALUES(140, 6508063248056);
INSERT INTO BookLanguage(ISBN, codeLanguage) VALUES(6508063248056, 'RO');
INSERT INTO BookLanguage(ISBN, codeLanguage) VALUES(6508063248056, 'HU');
INSERT INTO BookGenre(ISBN, idGenre) VALUES(6508063248056, 9);
INSERT INTO BookGenre(ISBN, idGenre) VALUES(6508063248056, 29);
INSERT INTO BookGenre(ISBN, idGenre) VALUES(6508063248056, 17);
INSERT INTO Book(ISBN, name, publication, edition, idPublisher) VALUES(4152346511247, 'On the Road', '1890-12-3', 10, 4);
INSERT INTO Person(name, birth) VALUES('Jack Kerouac', '1821-6-28');
INSERT INTO BookWriter(idWriter, ISBN) VALUES(141, 4152346511247);
INSERT INTO BookLanguage(ISBN, codeLanguage) VALUES(4152346511247, 'IT');
INSERT INTO BookLanguage(ISBN, codeLanguage) VALUES(4152346511247, 'RO');
INSERT INTO BookGenre(ISBN, idGenre) VALUES(4152346511247, 10);
INSERT INTO BookGenre(ISBN, idGenre) VALUES(4152346511247, 14);
INSERT INTO BookGenre(ISBN, idGenre) VALUES(4152346511247, 17);
INSERT INTO Book(ISBN, name, publication, edition, idPublisher) VALUES(7887103758423, 'The Godfather', '1970-7-27', 2, 9);
INSERT INTO Person(name, birth) VALUES('Mario Puzo', '1704-9-25');
INSERT INTO BookWriter(idWriter, ISBN) VALUES(142, 7887103758423);
INSERT INTO BookLanguage(ISBN, codeLanguage) VALUES(7887103758423, 'HU');
INSERT INTO BookLanguage(ISBN, codeLanguage) VALUES(7887103758423, 'IT');
INSERT INTO BookGenre(ISBN, idGenre) VALUES(7887103758423, 28);
INSERT INTO BookGenre(ISBN, idGenre) VALUES(7887103758423, 7);
INSERT INTO BookGenre(ISBN, idGenre) VALUES(7887103758423, 23);
INSERT INTO Book(ISBN, name, publication, edition, idPublisher) VALUES(7598001147531, 'The Clan of the Cave Bear', '1917-6-18', 12, 9);
INSERT INTO Person(name, birth) VALUES('Jean M. Auel', '1937-12-14');
INSERT INTO BookWriter(idWriter, ISBN) VALUES(143, 7598001147531);
INSERT INTO BookLanguage(ISBN, codeLanguage) VALUES(7598001147531, 'RO');
INSERT INTO BookLanguage(ISBN, codeLanguage) VALUES(7598001147531, 'ES');
INSERT INTO BookGenre(ISBN, idGenre) VALUES(7598001147531, 4);
INSERT INTO BookGenre(ISBN, idGenre) VALUES(7598001147531, 19);
INSERT INTO BookGenre(ISBN, idGenre) VALUES(7598001147531, 20);
INSERT INTO Book(ISBN, name, publication, edition, idPublisher) VALUES(8656216838527, 'The Colour of Magic', '1952-4-27', 7, 10);
INSERT INTO Person(name, birth) VALUES('Terry Pratchett', '1931-4-2');
INSERT INTO BookWriter(idWriter, ISBN) VALUES(144, 8656216838527);
INSERT INTO BookLanguage(ISBN, codeLanguage) VALUES(8656216838527, 'EN');
INSERT INTO BookLanguage(ISBN, codeLanguage) VALUES(8656216838527, 'EN');
INSERT INTO BookGenre(ISBN, idGenre) VALUES(8656216838527, 21);
INSERT INTO BookGenre(ISBN, idGenre) VALUES(8656216838527, 25);
INSERT INTO BookGenre(ISBN, idGenre) VALUES(8656216838527, 5);
INSERT INTO Book(ISBN, name, publication, edition, idPublisher) VALUES(2369202107643, 'The Alchemist', '1898-4-14', 2, 5);
INSERT INTO Person(name, birth) VALUES('Paulo Coelho', '1854-3-1');
INSERT INTO BookWriter(idWriter, ISBN) VALUES(145, 2369202107643);
INSERT INTO BookLanguage(ISBN, codeLanguage) VALUES(2369202107643, 'HU');
INSERT INTO BookLanguage(ISBN, codeLanguage) VALUES(2369202107643, 'PT');
INSERT INTO BookGenre(ISBN, idGenre) VALUES(2369202107643, 5);
INSERT INTO BookGenre(ISBN, idGenre) VALUES(2369202107643, 11);
INSERT INTO BookGenre(ISBN, idGenre) VALUES(2369202107643, 24);
INSERT INTO Book(ISBN, name, publication, edition, idPublisher) VALUES(8616429599426, 'Katherine', '1813-1-21', 13, 1);
INSERT INTO Person(name, birth) VALUES('Anya Seton', '1710-8-16');
INSERT INTO BookWriter(idWriter, ISBN) VALUES(146, 8616429599426);
INSERT INTO BookLanguage(ISBN, codeLanguage) VALUES(8616429599426, 'EN');
INSERT INTO BookLanguage(ISBN, codeLanguage) VALUES(8616429599426, 'HU');
INSERT INTO BookGenre(ISBN, idGenre) VALUES(8616429599426, 4);
INSERT INTO BookGenre(ISBN, idGenre) VALUES(8616429599426, 24);
INSERT INTO BookGenre(ISBN, idGenre) VALUES(8616429599426, 7);
INSERT INTO Book(ISBN, name, publication, edition, idPublisher) VALUES(7112343126543, 'Kane and Abel', '1791-8-20', 10, 8);
INSERT INTO Person(name, birth) VALUES('Jeffrey Archer', '1793-4-27');
INSERT INTO BookWriter(idWriter, ISBN) VALUES(147, 7112343126543);
INSERT INTO BookLanguage(ISBN, codeLanguage) VALUES(7112343126543, 'PL');
INSERT INTO BookLanguage(ISBN, codeLanguage) VALUES(7112343126543, 'PL');
INSERT INTO BookGenre(ISBN, idGenre) VALUES(7112343126543, 26);
INSERT INTO BookGenre(ISBN, idGenre) VALUES(7112343126543, 2);
INSERT INTO BookGenre(ISBN, idGenre) VALUES(7112343126543, 23);
INSERT INTO Book(ISBN, name, publication, edition, idPublisher) VALUES(9191474927692, 'Love in the Time of Cholera', '1763-2-12', 2, 5);
INSERT INTO Person(name, birth) VALUES('Gabriel García Márquez', '1984-8-10');
INSERT INTO BookWriter(idWriter, ISBN) VALUES(148, 9191474927692);
INSERT INTO BookLanguage(ISBN, codeLanguage) VALUES(9191474927692, 'HU');
INSERT INTO BookLanguage(ISBN, codeLanguage) VALUES(9191474927692, 'HU');
INSERT INTO BookGenre(ISBN, idGenre) VALUES(9191474927692, 15);
INSERT INTO BookGenre(ISBN, idGenre) VALUES(9191474927692, 1);
INSERT INTO BookGenre(ISBN, idGenre) VALUES(9191474927692, 9);
INSERT INTO Book(ISBN, name, publication, edition, idPublisher) VALUES(4912613516780, 'Girls in Love', '1823-2-18', 2, 5);
INSERT INTO Person(name, birth) VALUES('Jacqueline Wilson', '1796-8-21');
INSERT INTO BookWriter(idWriter, ISBN) VALUES(149, 4912613516780);
INSERT INTO BookLanguage(ISBN, codeLanguage) VALUES(4912613516780, 'ES');
INSERT INTO BookLanguage(ISBN, codeLanguage) VALUES(4912613516780, 'DE');
INSERT INTO BookGenre(ISBN, idGenre) VALUES(4912613516780, 5);
INSERT INTO BookGenre(ISBN, idGenre) VALUES(4912613516780, 28);
INSERT INTO BookGenre(ISBN, idGenre) VALUES(4912613516780, 16);
INSERT INTO Book(ISBN, name, publication, edition, idPublisher) VALUES(2396976982049, 'The Princess Diaries', '1749-2-5', 15, 7);
INSERT INTO Person(name, birth) VALUES('Meg Cabot', '1862-1-10');
INSERT INTO BookWriter(idWriter, ISBN) VALUES(150, 2396976982049);
INSERT INTO BookLanguage(ISBN, codeLanguage) VALUES(2396976982049, 'RO');
INSERT INTO BookLanguage(ISBN, codeLanguage) VALUES(2396976982049, 'IT');
INSERT INTO BookGenre(ISBN, idGenre) VALUES(2396976982049, 8);
INSERT INTO BookGenre(ISBN, idGenre) VALUES(2396976982049, 26);
INSERT INTO BookGenre(ISBN, idGenre) VALUES(2396976982049, 3);
INSERT INTO Book(ISBN, name, publication, edition, idPublisher) VALUES(6497677380327, 'Midnights Children', '1878-7-11', 3, 6);
INSERT INTO Person(name, birth) VALUES('Salman Rushdie', '1836-8-12');
INSERT INTO BookWriter(idWriter, ISBN) VALUES(151, 6497677380327);
INSERT INTO BookLanguage(ISBN, codeLanguage) VALUES(6497677380327, 'NL');
INSERT INTO BookLanguage(ISBN, codeLanguage) VALUES(6497677380327, 'NL');
INSERT INTO BookGenre(ISBN, idGenre) VALUES(6497677380327, 14);
INSERT INTO BookGenre(ISBN, idGenre) VALUES(6497677380327, 22);
INSERT INTO BookGenre(ISBN, idGenre) VALUES(6497677380327, 7);
INSERT INTO Book(ISBN, name, publication, edition, idPublisher) VALUES(5772340994091, 'Three Men in a Boat', '1953-9-26', 14, 2);
INSERT INTO Person(name, birth) VALUES('Jerome K. Jerome', '1850-7-13');
INSERT INTO BookWriter(idWriter, ISBN) VALUES(152, 5772340994091);
INSERT INTO BookLanguage(ISBN, codeLanguage) VALUES(5772340994091, 'DE');
INSERT INTO BookLanguage(ISBN, codeLanguage) VALUES(5772340994091, 'PL');
INSERT INTO BookGenre(ISBN, idGenre) VALUES(5772340994091, 11);
INSERT INTO BookGenre(ISBN, idGenre) VALUES(5772340994091, 17);
INSERT INTO BookGenre(ISBN, idGenre) VALUES(5772340994091, 23);
INSERT INTO Book(ISBN, name, publication, edition, idPublisher) VALUES(2513311805933, 'Small Gods', '1857-13-20', 12, 7);
INSERT INTO Person(name, birth) VALUES('Terry Pratchett', '1976-6-23');
INSERT INTO BookWriter(idWriter, ISBN) VALUES(153, 2513311805933);
INSERT INTO BookLanguage(ISBN, codeLanguage) VALUES(2513311805933, 'CZ');
INSERT INTO BookLanguage(ISBN, codeLanguage) VALUES(2513311805933, 'FR');
INSERT INTO BookGenre(ISBN, idGenre) VALUES(2513311805933, 17);
INSERT INTO BookGenre(ISBN, idGenre) VALUES(2513311805933, 13);
INSERT INTO BookGenre(ISBN, idGenre) VALUES(2513311805933, 3);
INSERT INTO Book(ISBN, name, publication, edition, idPublisher) VALUES(1036087314012, 'The Beach', '1857-1-16', 13, 10);
INSERT INTO Person(name, birth) VALUES('Alex Garland', '1846-8-16');
INSERT INTO BookWriter(idWriter, ISBN) VALUES(154, 1036087314012);
INSERT INTO BookLanguage(ISBN, codeLanguage) VALUES(1036087314012, 'ES');
INSERT INTO BookLanguage(ISBN, codeLanguage) VALUES(1036087314012, 'DE');
INSERT INTO BookGenre(ISBN, idGenre) VALUES(1036087314012, 23);
INSERT INTO BookGenre(ISBN, idGenre) VALUES(1036087314012, 28);
INSERT INTO BookGenre(ISBN, idGenre) VALUES(1036087314012, 17);
INSERT INTO Book(ISBN, name, publication, edition, idPublisher) VALUES(1545271412560, 'Dracula', '2000-1-14', 3, 2);
INSERT INTO Person(name, birth) VALUES('Bram Stoker', '1803-7-1');
INSERT INTO BookWriter(idWriter, ISBN) VALUES(155, 1545271412560);
INSERT INTO BookLanguage(ISBN, codeLanguage) VALUES(1545271412560, 'PT');
INSERT INTO BookLanguage(ISBN, codeLanguage) VALUES(1545271412560, 'FR');
INSERT INTO BookGenre(ISBN, idGenre) VALUES(1545271412560, 19);
INSERT INTO BookGenre(ISBN, idGenre) VALUES(1545271412560, 4);
INSERT INTO BookGenre(ISBN, idGenre) VALUES(1545271412560, 28);
INSERT INTO Book(ISBN, name, publication, edition, idPublisher) VALUES(7919544480865, 'Point Blanc', '2017-9-26', 6, 9);
INSERT INTO Person(name, birth) VALUES('Anthony Horowitz', '1717-3-24');
INSERT INTO BookWriter(idWriter, ISBN) VALUES(156, 7919544480865);
INSERT INTO BookLanguage(ISBN, codeLanguage) VALUES(7919544480865, 'DE');
INSERT INTO BookLanguage(ISBN, codeLanguage) VALUES(7919544480865, 'PT');
INSERT INTO BookGenre(ISBN, idGenre) VALUES(7919544480865, 22);
INSERT INTO BookGenre(ISBN, idGenre) VALUES(7919544480865, 7);
INSERT INTO BookGenre(ISBN, idGenre) VALUES(7919544480865, 20);
INSERT INTO Book(ISBN, name, publication, edition, idPublisher) VALUES(7194498784871, 'The Pickwick Papers', '1749-2-5', 1, 9);
INSERT INTO Person(name, birth) VALUES('Charles Dickens', '1845-13-15');
INSERT INTO BookWriter(idWriter, ISBN) VALUES(157, 7194498784871);
INSERT INTO BookLanguage(ISBN, codeLanguage) VALUES(7194498784871, 'NL');
INSERT INTO BookLanguage(ISBN, codeLanguage) VALUES(7194498784871, 'HU');
INSERT INTO BookGenre(ISBN, idGenre) VALUES(7194498784871, 12);
INSERT INTO BookGenre(ISBN, idGenre) VALUES(7194498784871, 10);
INSERT INTO BookGenre(ISBN, idGenre) VALUES(7194498784871, 7);
INSERT INTO Book(ISBN, name, publication, edition, idPublisher) VALUES(8019072371530, 'Stormbreaker', '1802-11-10', 12, 3);
INSERT INTO Person(name, birth) VALUES('Anthony Horowitz', '1944-11-9');
INSERT INTO BookWriter(idWriter, ISBN) VALUES(158, 8019072371530);
INSERT INTO BookLanguage(ISBN, codeLanguage) VALUES(8019072371530, 'SV');
INSERT INTO BookLanguage(ISBN, codeLanguage) VALUES(8019072371530, 'RO');
INSERT INTO BookGenre(ISBN, idGenre) VALUES(8019072371530, 26);
INSERT INTO BookGenre(ISBN, idGenre) VALUES(8019072371530, 24);
INSERT INTO BookGenre(ISBN, idGenre) VALUES(8019072371530, 19);
INSERT INTO Book(ISBN, name, publication, edition, idPublisher) VALUES(3783809011645, 'The Wasp Factory', '1778-2-21', 3, 6);
INSERT INTO Person(name, birth) VALUES('Iain Banks', '1869-9-24');
INSERT INTO BookWriter(idWriter, ISBN) VALUES(159, 3783809011645);
INSERT INTO BookLanguage(ISBN, codeLanguage) VALUES(3783809011645, 'EN');
INSERT INTO BookLanguage(ISBN, codeLanguage) VALUES(3783809011645, 'HU');
INSERT INTO BookGenre(ISBN, idGenre) VALUES(3783809011645, 11);
INSERT INTO BookGenre(ISBN, idGenre) VALUES(3783809011645, 10);
INSERT INTO BookGenre(ISBN, idGenre) VALUES(3783809011645, 15);
INSERT INTO Book(ISBN, name, publication, edition, idPublisher) VALUES(1432098878481, 'The Day of the Jackal', '1729-13-28', 1, 3);
INSERT INTO Person(name, birth) VALUES('Frederick Forsyth', '1981-11-23');
INSERT INTO BookWriter(idWriter, ISBN) VALUES(160, 1432098878481);
INSERT INTO BookLanguage(ISBN, codeLanguage) VALUES(1432098878481, 'PT');
INSERT INTO BookLanguage(ISBN, codeLanguage) VALUES(1432098878481, 'NL');
INSERT INTO BookGenre(ISBN, idGenre) VALUES(1432098878481, 22);
INSERT INTO BookGenre(ISBN, idGenre) VALUES(1432098878481, 3);
INSERT INTO BookGenre(ISBN, idGenre) VALUES(1432098878481, 13);
INSERT INTO Book(ISBN, name, publication, edition, idPublisher) VALUES(3490047096515, 'The Illustrated Mum', '1969-11-12', 11, 7);
INSERT INTO Person(name, birth) VALUES('Jacqueline Wilson', '1837-5-22');
INSERT INTO BookWriter(idWriter, ISBN) VALUES(161, 3490047096515);
INSERT INTO BookLanguage(ISBN, codeLanguage) VALUES(3490047096515, 'RO');
INSERT INTO BookLanguage(ISBN, codeLanguage) VALUES(3490047096515, 'PL');
INSERT INTO BookGenre(ISBN, idGenre) VALUES(3490047096515, 5);
INSERT INTO BookGenre(ISBN, idGenre) VALUES(3490047096515, 10);
INSERT INTO BookGenre(ISBN, idGenre) VALUES(3490047096515, 23);
INSERT INTO Book(ISBN, name, publication, edition, idPublisher) VALUES(8240733167220, 'Jude the Obscure', '1905-4-4', 3, 6);
INSERT INTO Person(name, birth) VALUES('Thomas Hardy', '1759-2-10');
INSERT INTO BookWriter(idWriter, ISBN) VALUES(162, 8240733167220);
INSERT INTO BookLanguage(ISBN, codeLanguage) VALUES(8240733167220, 'ES');
INSERT INTO BookLanguage(ISBN, codeLanguage) VALUES(8240733167220, 'SV');
INSERT INTO BookGenre(ISBN, idGenre) VALUES(8240733167220, 16);
INSERT INTO BookGenre(ISBN, idGenre) VALUES(8240733167220, 29);
INSERT INTO BookGenre(ISBN, idGenre) VALUES(8240733167220, 11);
INSERT INTO Book(ISBN, name, publication, edition, idPublisher) VALUES(9679667787281, 'The Secret Diary of Adrian Mole, Aged 13¾', '1828-6-21', 10, 8);
INSERT INTO Person(name, birth) VALUES('Sue Townsend', '1974-3-14');
INSERT INTO BookWriter(idWriter, ISBN) VALUES(163, 9679667787281);
INSERT INTO BookLanguage(ISBN, codeLanguage) VALUES(9679667787281, 'IT');
INSERT INTO BookLanguage(ISBN, codeLanguage) VALUES(9679667787281, 'SV');
INSERT INTO BookGenre(ISBN, idGenre) VALUES(9679667787281, 24);
INSERT INTO BookGenre(ISBN, idGenre) VALUES(9679667787281, 23);
INSERT INTO BookGenre(ISBN, idGenre) VALUES(9679667787281, 22);
INSERT INTO Book(ISBN, name, publication, edition, idPublisher) VALUES(5920076022721, 'The Cruel Sea', '1822-4-3', 12, 10);
INSERT INTO Person(name, birth) VALUES('Nicholas Monsarrat', '1761-6-22');
INSERT INTO BookWriter(idWriter, ISBN) VALUES(164, 5920076022721);
INSERT INTO BookLanguage(ISBN, codeLanguage) VALUES(5920076022721, 'EN');
INSERT INTO BookLanguage(ISBN, codeLanguage) VALUES(5920076022721, 'FR');
INSERT INTO BookGenre(ISBN, idGenre) VALUES(5920076022721, 4);
INSERT INTO BookGenre(ISBN, idGenre) VALUES(5920076022721, 20);
INSERT INTO BookGenre(ISBN, idGenre) VALUES(5920076022721, 13);
INSERT INTO Book(ISBN, name, publication, edition, idPublisher) VALUES(8780876953587, 'Les Misérables', '1987-7-7', 12, 3);
INSERT INTO Person(name, birth) VALUES('Victor Hugo', '1807-4-27');
INSERT INTO BookWriter(idWriter, ISBN) VALUES(165, 8780876953587);
INSERT INTO BookLanguage(ISBN, codeLanguage) VALUES(8780876953587, 'CZ');
INSERT INTO BookLanguage(ISBN, codeLanguage) VALUES(8780876953587, 'NL');
INSERT INTO BookGenre(ISBN, idGenre) VALUES(8780876953587, 21);
INSERT INTO BookGenre(ISBN, idGenre) VALUES(8780876953587, 9);
INSERT INTO BookGenre(ISBN, idGenre) VALUES(8780876953587, 17);
INSERT INTO Book(ISBN, name, publication, edition, idPublisher) VALUES(3260706807623, 'The Mayor of Casterbridge', '1853-3-27', 4, 10);
INSERT INTO Person(name, birth) VALUES('Thomas Hardy', '1738-6-7');
INSERT INTO BookWriter(idWriter, ISBN) VALUES(166, 3260706807623);
INSERT INTO BookLanguage(ISBN, codeLanguage) VALUES(3260706807623, 'NL');
INSERT INTO BookLanguage(ISBN, codeLanguage) VALUES(3260706807623, 'PT');
INSERT INTO BookGenre(ISBN, idGenre) VALUES(3260706807623, 5);
INSERT INTO BookGenre(ISBN, idGenre) VALUES(3260706807623, 11);
INSERT INTO BookGenre(ISBN, idGenre) VALUES(3260706807623, 21);
INSERT INTO Book(ISBN, name, publication, edition, idPublisher) VALUES(9970691046754, 'The Dare Game', '1866-5-3', 3, 6);
INSERT INTO Person(name, birth) VALUES('Jacqueline Wilson', '1959-2-1');
INSERT INTO BookWriter(idWriter, ISBN) VALUES(167, 9970691046754);
INSERT INTO BookLanguage(ISBN, codeLanguage) VALUES(9970691046754, 'RO');
INSERT INTO BookLanguage(ISBN, codeLanguage) VALUES(9970691046754, 'CZ');
INSERT INTO BookGenre(ISBN, idGenre) VALUES(9970691046754, 21);
INSERT INTO BookGenre(ISBN, idGenre) VALUES(9970691046754, 16);
INSERT INTO BookGenre(ISBN, idGenre) VALUES(9970691046754, 25);
INSERT INTO Book(ISBN, name, publication, edition, idPublisher) VALUES(4900575378342, 'Bad Girls', '1986-6-12', 15, 2);
INSERT INTO Person(name, birth) VALUES('Jacqueline Wilson', '1758-9-18');
INSERT INTO BookWriter(idWriter, ISBN) VALUES(168, 4900575378342);
INSERT INTO BookLanguage(ISBN, codeLanguage) VALUES(4900575378342, 'RO');
INSERT INTO BookLanguage(ISBN, codeLanguage) VALUES(4900575378342, 'IT');
INSERT INTO BookGenre(ISBN, idGenre) VALUES(4900575378342, 29);
INSERT INTO BookGenre(ISBN, idGenre) VALUES(4900575378342, 0);
INSERT INTO BookGenre(ISBN, idGenre) VALUES(4900575378342, 25);
INSERT INTO Book(ISBN, name, publication, edition, idPublisher) VALUES(6939378513247, 'The Picture of Dorian Gray', '1878-5-25', 10, 5);
INSERT INTO Person(name, birth) VALUES('Oscar Wilde', '1939-5-29');
INSERT INTO BookWriter(idWriter, ISBN) VALUES(169, 6939378513247);
INSERT INTO BookLanguage(ISBN, codeLanguage) VALUES(6939378513247, 'CZ');
INSERT INTO BookLanguage(ISBN, codeLanguage) VALUES(6939378513247, 'NL');
INSERT INTO BookGenre(ISBN, idGenre) VALUES(6939378513247, 1);
INSERT INTO BookGenre(ISBN, idGenre) VALUES(6939378513247, 28);
INSERT INTO BookGenre(ISBN, idGenre) VALUES(6939378513247, 28);
INSERT INTO Book(ISBN, name, publication, edition, idPublisher) VALUES(6327249298447, 'Shōgun', '1900-13-13', 12, 8);
INSERT INTO Person(name, birth) VALUES('James Clavell', '1798-12-28');
INSERT INTO BookWriter(idWriter, ISBN) VALUES(170, 6327249298447);
INSERT INTO BookLanguage(ISBN, codeLanguage) VALUES(6327249298447, 'RO');
INSERT INTO BookLanguage(ISBN, codeLanguage) VALUES(6327249298447, 'DE');
INSERT INTO BookGenre(ISBN, idGenre) VALUES(6327249298447, 24);
INSERT INTO BookGenre(ISBN, idGenre) VALUES(6327249298447, 26);
INSERT INTO BookGenre(ISBN, idGenre) VALUES(6327249298447, 10);
INSERT INTO Book(ISBN, name, publication, edition, idPublisher) VALUES(7960311511192, 'The Day of the Triffids', '1780-5-3', 4, 8);
INSERT INTO Person(name, birth) VALUES('John Wyndham', '1837-2-23');
INSERT INTO BookWriter(idWriter, ISBN) VALUES(171, 7960311511192);
INSERT INTO BookLanguage(ISBN, codeLanguage) VALUES(7960311511192, 'IT');
INSERT INTO BookLanguage(ISBN, codeLanguage) VALUES(7960311511192, 'FR');
INSERT INTO BookGenre(ISBN, idGenre) VALUES(7960311511192, 7);
INSERT INTO BookGenre(ISBN, idGenre) VALUES(7960311511192, 20);
INSERT INTO BookGenre(ISBN, idGenre) VALUES(7960311511192, 19);
INSERT INTO Book(ISBN, name, publication, edition, idPublisher) VALUES(1869564021602, 'Lola Rose', '1752-11-10', 13, 2);
INSERT INTO Person(name, birth) VALUES('Jacqueline Wilson', '1829-3-21');
INSERT INTO BookWriter(idWriter, ISBN) VALUES(172, 1869564021602);
INSERT INTO BookLanguage(ISBN, codeLanguage) VALUES(1869564021602, 'IT');
INSERT INTO BookLanguage(ISBN, codeLanguage) VALUES(1869564021602, 'DE');
INSERT INTO BookGenre(ISBN, idGenre) VALUES(1869564021602, 13);
INSERT INTO BookGenre(ISBN, idGenre) VALUES(1869564021602, 12);
INSERT INTO BookGenre(ISBN, idGenre) VALUES(1869564021602, 14);
INSERT INTO Book(ISBN, name, publication, edition, idPublisher) VALUES(7947175080294, 'Vanity Fair', '1999-1-11', 3, 8);
INSERT INTO Person(name, birth) VALUES('William Makepeace Thackeray', '1752-6-10');
INSERT INTO BookWriter(idWriter, ISBN) VALUES(173, 7947175080294);
INSERT INTO BookLanguage(ISBN, codeLanguage) VALUES(7947175080294, 'FR');
INSERT INTO BookLanguage(ISBN, codeLanguage) VALUES(7947175080294, 'CZ');
INSERT INTO BookGenre(ISBN, idGenre) VALUES(7947175080294, 21);
INSERT INTO BookGenre(ISBN, idGenre) VALUES(7947175080294, 4);
INSERT INTO BookGenre(ISBN, idGenre) VALUES(7947175080294, 8);
INSERT INTO Book(ISBN, name, publication, edition, idPublisher) VALUES(1571886645785, 'The Forsyte Saga', '1808-8-7', 9, 6);
INSERT INTO Person(name, birth) VALUES('John Galsworthy', '1873-6-20');
INSERT INTO BookWriter(idWriter, ISBN) VALUES(174, 1571886645785);
INSERT INTO BookLanguage(ISBN, codeLanguage) VALUES(1571886645785, 'DE');
INSERT INTO BookLanguage(ISBN, codeLanguage) VALUES(1571886645785, 'DE');
INSERT INTO BookGenre(ISBN, idGenre) VALUES(1571886645785, 1);
INSERT INTO BookGenre(ISBN, idGenre) VALUES(1571886645785, 0);
INSERT INTO BookGenre(ISBN, idGenre) VALUES(1571886645785, 13);
INSERT INTO Book(ISBN, name, publication, edition, idPublisher) VALUES(7040407244139, 'House of Leaves', '1913-2-15', 12, 1);
INSERT INTO Person(name, birth) VALUES('Mark Z. Danielewski', '1840-12-7');
INSERT INTO BookWriter(idWriter, ISBN) VALUES(175, 7040407244139);
INSERT INTO BookLanguage(ISBN, codeLanguage) VALUES(7040407244139, 'RO');
INSERT INTO BookLanguage(ISBN, codeLanguage) VALUES(7040407244139, 'PL');
INSERT INTO BookGenre(ISBN, idGenre) VALUES(7040407244139, 24);
INSERT INTO BookGenre(ISBN, idGenre) VALUES(7040407244139, 22);
INSERT INTO BookGenre(ISBN, idGenre) VALUES(7040407244139, 0);
INSERT INTO Book(ISBN, name, publication, edition, idPublisher) VALUES(8177720439953, 'The Poisonwood Bible', '1808-13-8', 8, 4);
INSERT INTO Person(name, birth) VALUES('Barbara Kingsolver', '1898-8-2');
INSERT INTO BookWriter(idWriter, ISBN) VALUES(176, 8177720439953);
INSERT INTO BookLanguage(ISBN, codeLanguage) VALUES(8177720439953, 'CZ');
INSERT INTO BookLanguage(ISBN, codeLanguage) VALUES(8177720439953, 'ES');
INSERT INTO BookGenre(ISBN, idGenre) VALUES(8177720439953, 9);
INSERT INTO BookGenre(ISBN, idGenre) VALUES(8177720439953, 22);
INSERT INTO BookGenre(ISBN, idGenre) VALUES(8177720439953, 15);
INSERT INTO Book(ISBN, name, publication, edition, idPublisher) VALUES(5519424898151, 'Reaper Man', '1724-3-3', 6, 5);
INSERT INTO Person(name, birth) VALUES('Terry Pratchett', '1990-4-21');
INSERT INTO BookWriter(idWriter, ISBN) VALUES(177, 5519424898151);
INSERT INTO BookLanguage(ISBN, codeLanguage) VALUES(5519424898151, 'SV');
INSERT INTO BookLanguage(ISBN, codeLanguage) VALUES(5519424898151, 'CZ');
INSERT INTO BookGenre(ISBN, idGenre) VALUES(5519424898151, 27);
INSERT INTO BookGenre(ISBN, idGenre) VALUES(5519424898151, 20);
INSERT INTO BookGenre(ISBN, idGenre) VALUES(5519424898151, 2);
INSERT INTO Book(ISBN, name, publication, edition, idPublisher) VALUES(5803001141323, 'Angus, Thongs and Full-Frontal Snogging', '1872-2-7', 9, 10);
INSERT INTO Person(name, birth) VALUES('Louise Rennison', '1768-9-9');
INSERT INTO BookWriter(idWriter, ISBN) VALUES(178, 5803001141323);
INSERT INTO BookLanguage(ISBN, codeLanguage) VALUES(5803001141323, 'IT');
INSERT INTO BookLanguage(ISBN, codeLanguage) VALUES(5803001141323, 'PL');
INSERT INTO BookGenre(ISBN, idGenre) VALUES(5803001141323, 17);
INSERT INTO BookGenre(ISBN, idGenre) VALUES(5803001141323, 20);
INSERT INTO BookGenre(ISBN, idGenre) VALUES(5803001141323, 1);
INSERT INTO Book(ISBN, name, publication, edition, idPublisher) VALUES(7480956546668, 'The Hound of the Baskervilles', '1988-4-14', 1, 4);
INSERT INTO Person(name, birth) VALUES('Arthur Conan Doyle', '1851-1-14');
INSERT INTO BookWriter(idWriter, ISBN) VALUES(179, 7480956546668);
INSERT INTO BookLanguage(ISBN, codeLanguage) VALUES(7480956546668, 'FR');
INSERT INTO BookLanguage(ISBN, codeLanguage) VALUES(7480956546668, 'ES');
INSERT INTO BookGenre(ISBN, idGenre) VALUES(7480956546668, 8);
INSERT INTO BookGenre(ISBN, idGenre) VALUES(7480956546668, 28);
INSERT INTO BookGenre(ISBN, idGenre) VALUES(7480956546668, 25);
INSERT INTO Book(ISBN, name, publication, edition, idPublisher) VALUES(8776876877303, 'Possession: A Romance', '1726-1-27', 1, 8);
INSERT INTO Person(name, birth) VALUES('A. S. Byatt', '2001-5-1');
INSERT INTO BookWriter(idWriter, ISBN) VALUES(180, 8776876877303);
INSERT INTO BookLanguage(ISBN, codeLanguage) VALUES(8776876877303, 'IT');
INSERT INTO BookLanguage(ISBN, codeLanguage) VALUES(8776876877303, 'IT');
INSERT INTO BookGenre(ISBN, idGenre) VALUES(8776876877303, 1);
INSERT INTO BookGenre(ISBN, idGenre) VALUES(8776876877303, 27);
INSERT INTO BookGenre(ISBN, idGenre) VALUES(8776876877303, 22);
INSERT INTO Book(ISBN, name, publication, edition, idPublisher) VALUES(3016010441207, 'The Master and Margarita', '1871-7-12', 8, 1);
INSERT INTO Person(name, birth) VALUES('Mikhail Bulgakov', '1942-3-23');
INSERT INTO BookWriter(idWriter, ISBN) VALUES(181, 3016010441207);
INSERT INTO BookLanguage(ISBN, codeLanguage) VALUES(3016010441207, 'FR');
INSERT INTO BookLanguage(ISBN, codeLanguage) VALUES(3016010441207, 'SV');
INSERT INTO BookGenre(ISBN, idGenre) VALUES(3016010441207, 11);
INSERT INTO BookGenre(ISBN, idGenre) VALUES(3016010441207, 26);
INSERT INTO BookGenre(ISBN, idGenre) VALUES(3016010441207, 12);
INSERT INTO Book(ISBN, name, publication, edition, idPublisher) VALUES(8533086416344, 'The Handmaids Tale', '2009-2-27', 4, 4);
INSERT INTO Person(name, birth) VALUES('Margaret Atwood', '1984-5-28');
INSERT INTO BookWriter(idWriter, ISBN) VALUES(182, 8533086416344);
INSERT INTO BookLanguage(ISBN, codeLanguage) VALUES(8533086416344, 'DE');
INSERT INTO BookLanguage(ISBN, codeLanguage) VALUES(8533086416344, 'NL');
INSERT INTO BookGenre(ISBN, idGenre) VALUES(8533086416344, 7);
INSERT INTO BookGenre(ISBN, idGenre) VALUES(8533086416344, 21);
INSERT INTO BookGenre(ISBN, idGenre) VALUES(8533086416344, 18);
INSERT INTO Book(ISBN, name, publication, edition, idPublisher) VALUES(3438030117938, 'Danny, the Champion of the World', '1972-1-12', 10, 7);
INSERT INTO Person(name, birth) VALUES('Roald Dahl', '1912-7-18');
INSERT INTO BookWriter(idWriter, ISBN) VALUES(183, 3438030117938);
INSERT INTO BookLanguage(ISBN, codeLanguage) VALUES(3438030117938, 'SV');
INSERT INTO BookLanguage(ISBN, codeLanguage) VALUES(3438030117938, 'RO');
INSERT INTO BookGenre(ISBN, idGenre) VALUES(3438030117938, 18);
INSERT INTO BookGenre(ISBN, idGenre) VALUES(3438030117938, 1);
INSERT INTO BookGenre(ISBN, idGenre) VALUES(3438030117938, 12);
INSERT INTO Book(ISBN, name, publication, edition, idPublisher) VALUES(8764869753033, 'East of Eden', '1842-2-27', 6, 2);
INSERT INTO Person(name, birth) VALUES('John Steinbeck', '1831-12-7');
INSERT INTO BookWriter(idWriter, ISBN) VALUES(184, 8764869753033);
INSERT INTO BookLanguage(ISBN, codeLanguage) VALUES(8764869753033, 'CZ');
INSERT INTO BookLanguage(ISBN, codeLanguage) VALUES(8764869753033, 'RO');
INSERT INTO BookGenre(ISBN, idGenre) VALUES(8764869753033, 24);
INSERT INTO BookGenre(ISBN, idGenre) VALUES(8764869753033, 17);
INSERT INTO BookGenre(ISBN, idGenre) VALUES(8764869753033, 13);
INSERT INTO Book(ISBN, name, publication, edition, idPublisher) VALUES(1769349639030, 'Georges Marvellous Medicine', '1866-6-13', 15, 3);
INSERT INTO Person(name, birth) VALUES('Roald Dahl', '1707-10-28');
INSERT INTO BookWriter(idWriter, ISBN) VALUES(185, 1769349639030);
INSERT INTO BookLanguage(ISBN, codeLanguage) VALUES(1769349639030, 'NL');
INSERT INTO BookLanguage(ISBN, codeLanguage) VALUES(1769349639030, 'CZ');
INSERT INTO BookGenre(ISBN, idGenre) VALUES(1769349639030, 15);
INSERT INTO BookGenre(ISBN, idGenre) VALUES(1769349639030, 2);
INSERT INTO BookGenre(ISBN, idGenre) VALUES(1769349639030, 7);
INSERT INTO Book(ISBN, name, publication, edition, idPublisher) VALUES(5505233680326, 'Wyrd Sisters', '1868-3-16', 3, 1);
INSERT INTO Person(name, birth) VALUES('Terry Pratchett', '1923-5-5');
INSERT INTO BookWriter(idWriter, ISBN) VALUES(186, 5505233680326);
INSERT INTO BookLanguage(ISBN, codeLanguage) VALUES(5505233680326, 'NL');
INSERT INTO BookLanguage(ISBN, codeLanguage) VALUES(5505233680326, 'ES');
INSERT INTO BookGenre(ISBN, idGenre) VALUES(5505233680326, 1);
INSERT INTO BookGenre(ISBN, idGenre) VALUES(5505233680326, 16);
INSERT INTO BookGenre(ISBN, idGenre) VALUES(5505233680326, 23);
INSERT INTO Book(ISBN, name, publication, edition, idPublisher) VALUES(4372205783610, 'The Color Purple', '1969-1-1', 1, 5);
INSERT INTO Person(name, birth) VALUES('Alice Walker', '1807-7-16');
INSERT INTO BookWriter(idWriter, ISBN) VALUES(187, 4372205783610);
INSERT INTO BookLanguage(ISBN, codeLanguage) VALUES(4372205783610, 'PL');
INSERT INTO BookLanguage(ISBN, codeLanguage) VALUES(4372205783610, 'EN');
INSERT INTO BookGenre(ISBN, idGenre) VALUES(4372205783610, 29);
INSERT INTO BookGenre(ISBN, idGenre) VALUES(4372205783610, 20);
INSERT INTO BookGenre(ISBN, idGenre) VALUES(4372205783610, 10);
INSERT INTO Book(ISBN, name, publication, edition, idPublisher) VALUES(1364549841062, 'Hogfather', '1817-4-20', 11, 1);
INSERT INTO Person(name, birth) VALUES('Terry Pratchett', '1751-13-3');
INSERT INTO BookWriter(idWriter, ISBN) VALUES(188, 1364549841062);
INSERT INTO BookLanguage(ISBN, codeLanguage) VALUES(1364549841062, 'EN');
INSERT INTO BookLanguage(ISBN, codeLanguage) VALUES(1364549841062, 'FR');
INSERT INTO BookGenre(ISBN, idGenre) VALUES(1364549841062, 0);
INSERT INTO BookGenre(ISBN, idGenre) VALUES(1364549841062, 3);
INSERT INTO BookGenre(ISBN, idGenre) VALUES(1364549841062, 27);
INSERT INTO Book(ISBN, name, publication, edition, idPublisher) VALUES(7187904459377, 'The Thirty-Nine Steps', '1939-5-17', 4, 10);
INSERT INTO Person(name, birth) VALUES('John Buchan', '1858-13-9');
INSERT INTO BookWriter(idWriter, ISBN) VALUES(189, 7187904459377);
INSERT INTO BookLanguage(ISBN, codeLanguage) VALUES(7187904459377, 'ES');
INSERT INTO BookLanguage(ISBN, codeLanguage) VALUES(7187904459377, 'FR');
INSERT INTO BookGenre(ISBN, idGenre) VALUES(7187904459377, 21);
INSERT INTO BookGenre(ISBN, idGenre) VALUES(7187904459377, 16);
INSERT INTO BookGenre(ISBN, idGenre) VALUES(7187904459377, 25);
INSERT INTO Book(ISBN, name, publication, edition, idPublisher) VALUES(9878339059543, 'Girls in Tears', '1967-1-26', 6, 7);
INSERT INTO Person(name, birth) VALUES('Jacqueline Wilson', '1931-8-28');
INSERT INTO BookWriter(idWriter, ISBN) VALUES(190, 9878339059543);
INSERT INTO BookLanguage(ISBN, codeLanguage) VALUES(9878339059543, 'IT');
INSERT INTO BookLanguage(ISBN, codeLanguage) VALUES(9878339059543, 'FR');
INSERT INTO BookGenre(ISBN, idGenre) VALUES(9878339059543, 1);
INSERT INTO BookGenre(ISBN, idGenre) VALUES(9878339059543, 10);
INSERT INTO BookGenre(ISBN, idGenre) VALUES(9878339059543, 13);
INSERT INTO Book(ISBN, name, publication, edition, idPublisher) VALUES(9268979748959, 'Sleepovers', '1855-10-20', 1, 10);
INSERT INTO Person(name, birth) VALUES('Jacqueline Wilson', '1801-13-4');
INSERT INTO BookWriter(idWriter, ISBN) VALUES(191, 9268979748959);
INSERT INTO BookLanguage(ISBN, codeLanguage) VALUES(9268979748959, 'IT');
INSERT INTO BookLanguage(ISBN, codeLanguage) VALUES(9268979748959, 'CZ');
INSERT INTO BookGenre(ISBN, idGenre) VALUES(9268979748959, 18);
INSERT INTO BookGenre(ISBN, idGenre) VALUES(9268979748959, 27);
INSERT INTO BookGenre(ISBN, idGenre) VALUES(9268979748959, 20);
INSERT INTO Book(ISBN, name, publication, edition, idPublisher) VALUES(2329838408865, 'All Quiet on the Western Front', '1862-13-7', 14, 3);
INSERT INTO Person(name, birth) VALUES('Erich Maria Remarque', '1727-2-23');
INSERT INTO BookWriter(idWriter, ISBN) VALUES(192, 2329838408865);
INSERT INTO BookLanguage(ISBN, codeLanguage) VALUES(2329838408865, 'NL');
INSERT INTO BookLanguage(ISBN, codeLanguage) VALUES(2329838408865, 'EN');
INSERT INTO BookGenre(ISBN, idGenre) VALUES(2329838408865, 9);
INSERT INTO BookGenre(ISBN, idGenre) VALUES(2329838408865, 4);
INSERT INTO BookGenre(ISBN, idGenre) VALUES(2329838408865, 3);
INSERT INTO Book(ISBN, name, publication, edition, idPublisher) VALUES(4696176909896, 'Behind the Scenes at the Museum', '1906-2-24', 8, 3);
INSERT INTO Person(name, birth) VALUES('Kate Atkinson', '1996-4-8');
INSERT INTO BookWriter(idWriter, ISBN) VALUES(193, 4696176909896);
INSERT INTO BookLanguage(ISBN, codeLanguage) VALUES(4696176909896, 'RO');
INSERT INTO BookLanguage(ISBN, codeLanguage) VALUES(4696176909896, 'PL');
INSERT INTO BookGenre(ISBN, idGenre) VALUES(4696176909896, 19);
INSERT INTO BookGenre(ISBN, idGenre) VALUES(4696176909896, 5);
INSERT INTO BookGenre(ISBN, idGenre) VALUES(4696176909896, 3);
INSERT INTO Book(ISBN, name, publication, edition, idPublisher) VALUES(6665016041305, 'High Fidelity', '1915-7-16', 7, 9);
INSERT INTO Person(name, birth) VALUES('Nick Hornby', '1746-2-29');
INSERT INTO BookWriter(idWriter, ISBN) VALUES(194, 6665016041305);
INSERT INTO BookLanguage(ISBN, codeLanguage) VALUES(6665016041305, 'IT');
INSERT INTO BookLanguage(ISBN, codeLanguage) VALUES(6665016041305, 'RO');
INSERT INTO BookGenre(ISBN, idGenre) VALUES(6665016041305, 12);
INSERT INTO BookGenre(ISBN, idGenre) VALUES(6665016041305, 16);
INSERT INTO BookGenre(ISBN, idGenre) VALUES(6665016041305, 22);
INSERT INTO Book(ISBN, name, publication, edition, idPublisher) VALUES(1179366341571, 'It', '1886-8-9', 7, 8);
INSERT INTO Person(name, birth) VALUES('Stephen King', '1919-13-12');
INSERT INTO BookWriter(idWriter, ISBN) VALUES(195, 1179366341571);
INSERT INTO BookLanguage(ISBN, codeLanguage) VALUES(1179366341571, 'EN');
INSERT INTO BookLanguage(ISBN, codeLanguage) VALUES(1179366341571, 'HU');
INSERT INTO BookGenre(ISBN, idGenre) VALUES(1179366341571, 18);
INSERT INTO BookGenre(ISBN, idGenre) VALUES(1179366341571, 22);
INSERT INTO BookGenre(ISBN, idGenre) VALUES(1179366341571, 10);
INSERT INTO Book(ISBN, name, publication, edition, idPublisher) VALUES(9500274959264, 'James and the Giant Peach', '1953-6-6', 13, 6);
INSERT INTO Person(name, birth) VALUES('Roald Dahl', '1939-2-19');
INSERT INTO BookWriter(idWriter, ISBN) VALUES(196, 9500274959264);
INSERT INTO BookLanguage(ISBN, codeLanguage) VALUES(9500274959264, 'NL');
INSERT INTO BookLanguage(ISBN, codeLanguage) VALUES(9500274959264, 'SV');
INSERT INTO BookGenre(ISBN, idGenre) VALUES(9500274959264, 9);
INSERT INTO BookGenre(ISBN, idGenre) VALUES(9500274959264, 19);
INSERT INTO BookGenre(ISBN, idGenre) VALUES(9500274959264, 22);
INSERT INTO Book(ISBN, name, publication, edition, idPublisher) VALUES(1513042768193, 'The Green Mile', '1989-13-12', 6, 9);
INSERT INTO Person(name, birth) VALUES('Stephen King', '1801-1-7');
INSERT INTO BookWriter(idWriter, ISBN) VALUES(197, 1513042768193);
INSERT INTO BookLanguage(ISBN, codeLanguage) VALUES(1513042768193, 'DE');
INSERT INTO BookLanguage(ISBN, codeLanguage) VALUES(1513042768193, 'PL');
INSERT INTO BookGenre(ISBN, idGenre) VALUES(1513042768193, 26);
INSERT INTO BookGenre(ISBN, idGenre) VALUES(1513042768193, 9);
INSERT INTO BookGenre(ISBN, idGenre) VALUES(1513042768193, 21);
INSERT INTO Book(ISBN, name, publication, edition, idPublisher) VALUES(8711476632811, 'Papillon', '1871-7-25', 9, 7);
INSERT INTO Person(name, birth) VALUES('Henri Charrière', '1973-7-22');
INSERT INTO BookWriter(idWriter, ISBN) VALUES(198, 8711476632811);
INSERT INTO BookLanguage(ISBN, codeLanguage) VALUES(8711476632811, 'FR');
INSERT INTO BookLanguage(ISBN, codeLanguage) VALUES(8711476632811, 'NL');
INSERT INTO BookGenre(ISBN, idGenre) VALUES(8711476632811, 4);
INSERT INTO BookGenre(ISBN, idGenre) VALUES(8711476632811, 17);
INSERT INTO BookGenre(ISBN, idGenre) VALUES(8711476632811, 24);
INSERT INTO Book(ISBN, name, publication, edition, idPublisher) VALUES(6973010671866, 'Men at Arms', '1883-2-5', 15, 4);
INSERT INTO Person(name, birth) VALUES('Terry Pratchett', '1708-7-8');
INSERT INTO BookWriter(idWriter, ISBN) VALUES(199, 6973010671866);
INSERT INTO BookLanguage(ISBN, codeLanguage) VALUES(6973010671866, 'PL');
INSERT INTO BookLanguage(ISBN, codeLanguage) VALUES(6973010671866, 'ES');
INSERT INTO BookGenre(ISBN, idGenre) VALUES(6973010671866, 4);
INSERT INTO BookGenre(ISBN, idGenre) VALUES(6973010671866, 0);
INSERT INTO BookGenre(ISBN, idGenre) VALUES(6973010671866, 28);
INSERT INTO Book(ISBN, name, publication, edition, idPublisher) VALUES(2488756036149, 'Master and Commander', '1890-12-26', 2, 6);
INSERT INTO Person(name, birth) VALUES('Patrick OBrian', '1778-9-17');
INSERT INTO BookWriter(idWriter, ISBN) VALUES(200, 2488756036149);
INSERT INTO BookLanguage(ISBN, codeLanguage) VALUES(2488756036149, 'CZ');
INSERT INTO BookLanguage(ISBN, codeLanguage) VALUES(2488756036149, 'CZ');
INSERT INTO BookGenre(ISBN, idGenre) VALUES(2488756036149, 29);
INSERT INTO BookGenre(ISBN, idGenre) VALUES(2488756036149, 14);
INSERT INTO BookGenre(ISBN, idGenre) VALUES(2488756036149, 6);
INSERT INTO Book(ISBN, name, publication, edition, idPublisher) VALUES(4820770111066, 'Skeleton Key', '1790-1-24', 13, 4);
INSERT INTO Person(name, birth) VALUES('Anthony Horowitz', '1827-10-16');
INSERT INTO BookWriter(idWriter, ISBN) VALUES(201, 4820770111066);
INSERT INTO BookLanguage(ISBN, codeLanguage) VALUES(4820770111066, 'HU');
INSERT INTO BookLanguage(ISBN, codeLanguage) VALUES(4820770111066, 'ES');
INSERT INTO BookGenre(ISBN, idGenre) VALUES(4820770111066, 23);
INSERT INTO BookGenre(ISBN, idGenre) VALUES(4820770111066, 12);
INSERT INTO BookGenre(ISBN, idGenre) VALUES(4820770111066, 6);
INSERT INTO Book(ISBN, name, publication, edition, idPublisher) VALUES(8874775341565, 'Soul Music', '1867-5-20', 8, 9);
INSERT INTO Person(name, birth) VALUES('Terry Pratchett', '1905-2-22');
INSERT INTO BookWriter(idWriter, ISBN) VALUES(202, 8874775341565);
INSERT INTO BookLanguage(ISBN, codeLanguage) VALUES(8874775341565, 'IT');
INSERT INTO BookLanguage(ISBN, codeLanguage) VALUES(8874775341565, 'SV');
INSERT INTO BookGenre(ISBN, idGenre) VALUES(8874775341565, 14);
INSERT INTO BookGenre(ISBN, idGenre) VALUES(8874775341565, 20);
INSERT INTO BookGenre(ISBN, idGenre) VALUES(8874775341565, 16);
INSERT INTO Book(ISBN, name, publication, edition, idPublisher) VALUES(9278652130255, 'Thief of Time', '1859-9-19', 11, 4);
INSERT INTO Person(name, birth) VALUES('Terry Pratchett', '1732-10-25');
INSERT INTO BookWriter(idWriter, ISBN) VALUES(203, 9278652130255);
INSERT INTO BookLanguage(ISBN, codeLanguage) VALUES(9278652130255, 'PT');
INSERT INTO BookLanguage(ISBN, codeLanguage) VALUES(9278652130255, 'ES');
INSERT INTO BookGenre(ISBN, idGenre) VALUES(9278652130255, 12);
INSERT INTO BookGenre(ISBN, idGenre) VALUES(9278652130255, 17);
INSERT INTO BookGenre(ISBN, idGenre) VALUES(9278652130255, 2);
INSERT INTO Book(ISBN, name, publication, edition, idPublisher) VALUES(3398660267992, 'The Fifth Elephant', '1857-5-19', 5, 5);
INSERT INTO Person(name, birth) VALUES('Terry Pratchett', '1842-12-4');
INSERT INTO BookWriter(idWriter, ISBN) VALUES(204, 3398660267992);
INSERT INTO BookLanguage(ISBN, codeLanguage) VALUES(3398660267992, 'FR');
INSERT INTO BookLanguage(ISBN, codeLanguage) VALUES(3398660267992, 'PL');
INSERT INTO BookGenre(ISBN, idGenre) VALUES(3398660267992, 23);
INSERT INTO BookGenre(ISBN, idGenre) VALUES(3398660267992, 28);
INSERT INTO BookGenre(ISBN, idGenre) VALUES(3398660267992, 2);
INSERT INTO Book(ISBN, name, publication, edition, idPublisher) VALUES(3012418144327, 'Atonement', '1986-8-6', 4, 6);
INSERT INTO Person(name, birth) VALUES('Ian McEwan', '1930-13-12');
INSERT INTO BookWriter(idWriter, ISBN) VALUES(205, 3012418144327);
INSERT INTO BookLanguage(ISBN, codeLanguage) VALUES(3012418144327, 'NL');
INSERT INTO BookLanguage(ISBN, codeLanguage) VALUES(3012418144327, 'SV');
INSERT INTO BookGenre(ISBN, idGenre) VALUES(3012418144327, 1);
INSERT INTO BookGenre(ISBN, idGenre) VALUES(3012418144327, 19);
INSERT INTO BookGenre(ISBN, idGenre) VALUES(3012418144327, 25);
INSERT INTO Book(ISBN, name, publication, edition, idPublisher) VALUES(1006834184539, 'Secrets', '1794-1-4', 3, 7);
INSERT INTO Person(name, birth) VALUES('Jacqueline Wilson', '1935-10-29');
INSERT INTO BookWriter(idWriter, ISBN) VALUES(206, 1006834184539);
INSERT INTO BookLanguage(ISBN, codeLanguage) VALUES(1006834184539, 'FR');
INSERT INTO BookLanguage(ISBN, codeLanguage) VALUES(1006834184539, 'PT');
INSERT INTO BookGenre(ISBN, idGenre) VALUES(1006834184539, 25);
INSERT INTO BookGenre(ISBN, idGenre) VALUES(1006834184539, 19);
INSERT INTO BookGenre(ISBN, idGenre) VALUES(1006834184539, 20);
INSERT INTO Book(ISBN, name, publication, edition, idPublisher) VALUES(6415450913692, 'The Silver Sword', '1888-5-10', 4, 4);
INSERT INTO Person(name, birth) VALUES('Ian Serraillier', '1747-13-18');
INSERT INTO BookWriter(idWriter, ISBN) VALUES(207, 6415450913692);
INSERT INTO BookLanguage(ISBN, codeLanguage) VALUES(6415450913692, 'RO');
INSERT INTO BookLanguage(ISBN, codeLanguage) VALUES(6415450913692, 'DE');
INSERT INTO BookGenre(ISBN, idGenre) VALUES(6415450913692, 28);
INSERT INTO BookGenre(ISBN, idGenre) VALUES(6415450913692, 10);
INSERT INTO BookGenre(ISBN, idGenre) VALUES(6415450913692, 1);
INSERT INTO Book(ISBN, name, publication, edition, idPublisher) VALUES(3944572236661, 'One Flew Over the Cuckoos Nest', '1924-13-5', 5, 6);
INSERT INTO Person(name, birth) VALUES('Ken Kesey', '1933-9-11');
INSERT INTO BookWriter(idWriter, ISBN) VALUES(208, 3944572236661);
INSERT INTO BookLanguage(ISBN, codeLanguage) VALUES(3944572236661, 'FR');
INSERT INTO BookLanguage(ISBN, codeLanguage) VALUES(3944572236661, 'DE');
INSERT INTO BookGenre(ISBN, idGenre) VALUES(3944572236661, 16);
INSERT INTO BookGenre(ISBN, idGenre) VALUES(3944572236661, 5);
INSERT INTO BookGenre(ISBN, idGenre) VALUES(3944572236661, 11);
INSERT INTO Book(ISBN, name, publication, edition, idPublisher) VALUES(3782809730330, 'Heart of Darkness', '1830-7-19', 2, 2);
INSERT INTO Person(name, birth) VALUES('Joseph Conrad', '1808-12-7');
INSERT INTO BookWriter(idWriter, ISBN) VALUES(209, 3782809730330);
INSERT INTO BookLanguage(ISBN, codeLanguage) VALUES(3782809730330, 'RO');
INSERT INTO BookLanguage(ISBN, codeLanguage) VALUES(3782809730330, 'IT');
INSERT INTO BookGenre(ISBN, idGenre) VALUES(3782809730330, 16);
INSERT INTO BookGenre(ISBN, idGenre) VALUES(3782809730330, 3);
INSERT INTO BookGenre(ISBN, idGenre) VALUES(3782809730330, 17);
INSERT INTO Book(ISBN, name, publication, edition, idPublisher) VALUES(7244245151789, 'Kim', '1858-12-2', 9, 8);
INSERT INTO Person(name, birth) VALUES('Rudyard Kipling', '1872-7-10');
INSERT INTO BookWriter(idWriter, ISBN) VALUES(210, 7244245151789);
INSERT INTO BookLanguage(ISBN, codeLanguage) VALUES(7244245151789, 'PL');
INSERT INTO BookLanguage(ISBN, codeLanguage) VALUES(7244245151789, 'IT');
INSERT INTO BookGenre(ISBN, idGenre) VALUES(7244245151789, 14);
INSERT INTO BookGenre(ISBN, idGenre) VALUES(7244245151789, 27);
INSERT INTO BookGenre(ISBN, idGenre) VALUES(7244245151789, 14);
INSERT INTO Book(ISBN, name, publication, edition, idPublisher) VALUES(6968868418897, 'Cross Stitch', '1898-7-15', 11, 5);
INSERT INTO Person(name, birth) VALUES('Diana Gabaldon', '1828-3-15');
INSERT INTO BookWriter(idWriter, ISBN) VALUES(211, 6968868418897);
INSERT INTO BookLanguage(ISBN, codeLanguage) VALUES(6968868418897, 'RO');
INSERT INTO BookLanguage(ISBN, codeLanguage) VALUES(6968868418897, 'IT');
INSERT INTO BookGenre(ISBN, idGenre) VALUES(6968868418897, 6);
INSERT INTO BookGenre(ISBN, idGenre) VALUES(6968868418897, 21);
INSERT INTO BookGenre(ISBN, idGenre) VALUES(6968868418897, 6);
INSERT INTO Book(ISBN, name, publication, edition, idPublisher) VALUES(2798773154255, 'River God', '1850-9-3', 1, 2);
INSERT INTO Person(name, birth) VALUES('Wilbur Smith', '1985-6-27');
INSERT INTO BookWriter(idWriter, ISBN) VALUES(212, 2798773154255);
INSERT INTO BookLanguage(ISBN, codeLanguage) VALUES(2798773154255, 'NL');
INSERT INTO BookLanguage(ISBN, codeLanguage) VALUES(2798773154255, 'IT');
INSERT INTO BookGenre(ISBN, idGenre) VALUES(2798773154255, 25);
INSERT INTO BookGenre(ISBN, idGenre) VALUES(2798773154255, 17);
INSERT INTO BookGenre(ISBN, idGenre) VALUES(2798773154255, 6);
INSERT INTO Book(ISBN, name, publication, edition, idPublisher) VALUES(8369275477570, 'Sunset Song', '1977-13-19', 6, 3);
INSERT INTO Person(name, birth) VALUES('Lewis Grassic Gibbon', '1725-11-7');
INSERT INTO BookWriter(idWriter, ISBN) VALUES(213, 8369275477570);
INSERT INTO BookLanguage(ISBN, codeLanguage) VALUES(8369275477570, 'PT');
INSERT INTO BookLanguage(ISBN, codeLanguage) VALUES(8369275477570, 'NL');
INSERT INTO BookGenre(ISBN, idGenre) VALUES(8369275477570, 10);
INSERT INTO BookGenre(ISBN, idGenre) VALUES(8369275477570, 19);
INSERT INTO BookGenre(ISBN, idGenre) VALUES(8369275477570, 10);
INSERT INTO Book(ISBN, name, publication, edition, idPublisher) VALUES(4526753844585, 'The Shipping News', '1894-7-18', 1, 8);
INSERT INTO Person(name, birth) VALUES('E. Annie Proulx', '1799-8-16');
INSERT INTO BookWriter(idWriter, ISBN) VALUES(214, 4526753844585);
INSERT INTO BookLanguage(ISBN, codeLanguage) VALUES(4526753844585, 'IT');
INSERT INTO BookLanguage(ISBN, codeLanguage) VALUES(4526753844585, 'HU');
INSERT INTO BookGenre(ISBN, idGenre) VALUES(4526753844585, 27);
INSERT INTO BookGenre(ISBN, idGenre) VALUES(4526753844585, 19);
INSERT INTO BookGenre(ISBN, idGenre) VALUES(4526753844585, 12);
INSERT INTO Book(ISBN, name, publication, edition, idPublisher) VALUES(2325184472571, 'The World According to Garp', '1863-5-27', 11, 5);
INSERT INTO Person(name, birth) VALUES('John Irving', '1936-9-17');
INSERT INTO BookWriter(idWriter, ISBN) VALUES(215, 2325184472571);
INSERT INTO BookLanguage(ISBN, codeLanguage) VALUES(2325184472571, 'IT');
INSERT INTO BookLanguage(ISBN, codeLanguage) VALUES(2325184472571, 'FR');
INSERT INTO BookGenre(ISBN, idGenre) VALUES(2325184472571, 7);
INSERT INTO BookGenre(ISBN, idGenre) VALUES(2325184472571, 24);
INSERT INTO BookGenre(ISBN, idGenre) VALUES(2325184472571, 22);
INSERT INTO Book(ISBN, name, publication, edition, idPublisher) VALUES(3975493167782, 'Lorna Doone', '1811-4-3', 15, 2);
INSERT INTO Person(name, birth) VALUES('R. D. Blackmore', '1781-13-24');
INSERT INTO BookWriter(idWriter, ISBN) VALUES(216, 3975493167782);
INSERT INTO BookLanguage(ISBN, codeLanguage) VALUES(3975493167782, 'NL');
INSERT INTO BookLanguage(ISBN, codeLanguage) VALUES(3975493167782, 'SV');
INSERT INTO BookGenre(ISBN, idGenre) VALUES(3975493167782, 29);
INSERT INTO BookGenre(ISBN, idGenre) VALUES(3975493167782, 17);
INSERT INTO BookGenre(ISBN, idGenre) VALUES(3975493167782, 15);
INSERT INTO Book(ISBN, name, publication, edition, idPublisher) VALUES(3706357714132, 'Girls Out Late', '1907-9-10', 12, 3);
INSERT INTO Person(name, birth) VALUES('Jacqueline Wilson', '1884-8-14');
INSERT INTO BookWriter(idWriter, ISBN) VALUES(217, 3706357714132);
INSERT INTO BookLanguage(ISBN, codeLanguage) VALUES(3706357714132, 'FR');
INSERT INTO BookLanguage(ISBN, codeLanguage) VALUES(3706357714132, 'HU');
INSERT INTO BookGenre(ISBN, idGenre) VALUES(3706357714132, 3);
INSERT INTO BookGenre(ISBN, idGenre) VALUES(3706357714132, 0);
INSERT INTO BookGenre(ISBN, idGenre) VALUES(3706357714132, 2);
INSERT INTO Book(ISBN, name, publication, edition, idPublisher) VALUES(9474731186367, 'The Far Pavilions', '1868-3-20', 6, 10);
INSERT INTO Person(name, birth) VALUES('M. M. Kaye', '1702-10-8');
INSERT INTO BookWriter(idWriter, ISBN) VALUES(218, 9474731186367);
INSERT INTO BookLanguage(ISBN, codeLanguage) VALUES(9474731186367, 'PT');
INSERT INTO BookLanguage(ISBN, codeLanguage) VALUES(9474731186367, 'IT');
INSERT INTO BookGenre(ISBN, idGenre) VALUES(9474731186367, 14);
INSERT INTO BookGenre(ISBN, idGenre) VALUES(9474731186367, 11);
INSERT INTO BookGenre(ISBN, idGenre) VALUES(9474731186367, 19);
INSERT INTO Book(ISBN, name, publication, edition, idPublisher) VALUES(1923596182899, 'The Witches', '1946-7-23', 12, 7);
INSERT INTO Person(name, birth) VALUES('Roald Dahl', '1890-12-20');
INSERT INTO BookWriter(idWriter, ISBN) VALUES(219, 1923596182899);
INSERT INTO BookLanguage(ISBN, codeLanguage) VALUES(1923596182899, 'NL');
INSERT INTO BookLanguage(ISBN, codeLanguage) VALUES(1923596182899, 'DE');
INSERT INTO BookGenre(ISBN, idGenre) VALUES(1923596182899, 14);
INSERT INTO BookGenre(ISBN, idGenre) VALUES(1923596182899, 29);
INSERT INTO BookGenre(ISBN, idGenre) VALUES(1923596182899, 26);
INSERT INTO Book(ISBN, name, publication, edition, idPublisher) VALUES(3719232647150, 'Charlottes Web', '1987-6-21', 14, 8);
INSERT INTO Person(name, birth) VALUES('E. B. White', '1736-5-1');
INSERT INTO BookWriter(idWriter, ISBN) VALUES(220, 3719232647150);
INSERT INTO BookLanguage(ISBN, codeLanguage) VALUES(3719232647150, 'DE');
INSERT INTO BookLanguage(ISBN, codeLanguage) VALUES(3719232647150, 'RO');
INSERT INTO BookGenre(ISBN, idGenre) VALUES(3719232647150, 19);
INSERT INTO BookGenre(ISBN, idGenre) VALUES(3719232647150, 1);
INSERT INTO BookGenre(ISBN, idGenre) VALUES(3719232647150, 21);
INSERT INTO Book(ISBN, name, publication, edition, idPublisher) VALUES(8845174722611, 'Frankenstein', '1754-11-18', 10, 10);
INSERT INTO Person(name, birth) VALUES('Mary Shelley', '1987-5-28');
INSERT INTO BookWriter(idWriter, ISBN) VALUES(221, 8845174722611);
INSERT INTO BookLanguage(ISBN, codeLanguage) VALUES(8845174722611, 'NL');
INSERT INTO BookLanguage(ISBN, codeLanguage) VALUES(8845174722611, 'HU');
INSERT INTO BookGenre(ISBN, idGenre) VALUES(8845174722611, 3);
INSERT INTO BookGenre(ISBN, idGenre) VALUES(8845174722611, 22);
INSERT INTO BookGenre(ISBN, idGenre) VALUES(8845174722611, 12);
INSERT INTO Book(ISBN, name, publication, edition, idPublisher) VALUES(9387212058056, 'They Used to Play on Grass', '1949-1-9', 8, 3);
INSERT INTO Person(name, birth) VALUES('Terry Venables', '1987-13-29');
INSERT INTO BookWriter(idWriter, ISBN) VALUES(222, 9387212058056);
INSERT INTO Person(name, birth) VALUES('Gordon Williams', '1822-5-24');
INSERT INTO BookWriter(idWriter, ISBN) VALUES(223, 9387212058056);
INSERT INTO BookLanguage(ISBN, codeLanguage) VALUES(9387212058056, 'HU');
INSERT INTO BookLanguage(ISBN, codeLanguage) VALUES(9387212058056, 'IT');
INSERT INTO BookGenre(ISBN, idGenre) VALUES(9387212058056, 4);
INSERT INTO BookGenre(ISBN, idGenre) VALUES(9387212058056, 12);
INSERT INTO BookGenre(ISBN, idGenre) VALUES(9387212058056, 22);
INSERT INTO Book(ISBN, name, publication, edition, idPublisher) VALUES(3734659155064, 'The Old Man and the Sea', '1870-11-2', 4, 1);
INSERT INTO Person(name, birth) VALUES('Ernest Hemingway', '1799-8-4');
INSERT INTO BookWriter(idWriter, ISBN) VALUES(224, 3734659155064);
INSERT INTO BookLanguage(ISBN, codeLanguage) VALUES(3734659155064, 'PT');
INSERT INTO BookLanguage(ISBN, codeLanguage) VALUES(3734659155064, 'DE');
INSERT INTO BookGenre(ISBN, idGenre) VALUES(3734659155064, 3);
INSERT INTO BookGenre(ISBN, idGenre) VALUES(3734659155064, 8);
INSERT INTO BookGenre(ISBN, idGenre) VALUES(3734659155064, 21);
INSERT INTO Book(ISBN, name, publication, edition, idPublisher) VALUES(8799024025976, 'The Name of the Rose', '1911-6-29', 8, 4);
INSERT INTO Person(name, birth) VALUES('Umberto Eco', '1746-12-23');
INSERT INTO BookWriter(idWriter, ISBN) VALUES(225, 8799024025976);
INSERT INTO BookLanguage(ISBN, codeLanguage) VALUES(8799024025976, 'NL');
INSERT INTO BookLanguage(ISBN, codeLanguage) VALUES(8799024025976, 'RO');
INSERT INTO BookGenre(ISBN, idGenre) VALUES(8799024025976, 8);
INSERT INTO BookGenre(ISBN, idGenre) VALUES(8799024025976, 25);
INSERT INTO BookGenre(ISBN, idGenre) VALUES(8799024025976, 17);
INSERT INTO Book(ISBN, name, publication, edition, idPublisher) VALUES(3102797345105, 'Sophies World', '1766-3-24', 11, 4);
INSERT INTO Person(name, birth) VALUES('Jostein Gaarder', '1714-1-18');
INSERT INTO BookWriter(idWriter, ISBN) VALUES(226, 3102797345105);
INSERT INTO BookLanguage(ISBN, codeLanguage) VALUES(3102797345105, 'PL');
INSERT INTO BookLanguage(ISBN, codeLanguage) VALUES(3102797345105, 'HU');
INSERT INTO BookGenre(ISBN, idGenre) VALUES(3102797345105, 24);
INSERT INTO BookGenre(ISBN, idGenre) VALUES(3102797345105, 3);
INSERT INTO BookGenre(ISBN, idGenre) VALUES(3102797345105, 26);
INSERT INTO Book(ISBN, name, publication, edition, idPublisher) VALUES(3531823619422, 'Dustbin Baby', '1891-11-18', 13, 5);
INSERT INTO Person(name, birth) VALUES('Jacqueline Wilson', '1729-4-29');
INSERT INTO BookWriter(idWriter, ISBN) VALUES(227, 3531823619422);
INSERT INTO BookLanguage(ISBN, codeLanguage) VALUES(3531823619422, 'SV');
INSERT INTO BookLanguage(ISBN, codeLanguage) VALUES(3531823619422, 'ES');
INSERT INTO BookGenre(ISBN, idGenre) VALUES(3531823619422, 22);
INSERT INTO BookGenre(ISBN, idGenre) VALUES(3531823619422, 6);
INSERT INTO BookGenre(ISBN, idGenre) VALUES(3531823619422, 11);
INSERT INTO Book(ISBN, name, publication, edition, idPublisher) VALUES(5330851098610, 'Fantastic Mr Fox', '1771-12-4', 3, 2);
INSERT INTO Person(name, birth) VALUES('Roald Dahl', '1990-5-6');
INSERT INTO BookWriter(idWriter, ISBN) VALUES(228, 5330851098610);
INSERT INTO BookLanguage(ISBN, codeLanguage) VALUES(5330851098610, 'CZ');
INSERT INTO BookLanguage(ISBN, codeLanguage) VALUES(5330851098610, 'NL');
INSERT INTO BookGenre(ISBN, idGenre) VALUES(5330851098610, 22);
INSERT INTO BookGenre(ISBN, idGenre) VALUES(5330851098610, 16);
INSERT INTO BookGenre(ISBN, idGenre) VALUES(5330851098610, 12);
INSERT INTO Book(ISBN, name, publication, edition, idPublisher) VALUES(4640528024242, 'Lolita', '1993-9-19', 13, 9);
INSERT INTO Person(name, birth) VALUES('Vladimir Nabokov', '1814-11-15');
INSERT INTO BookWriter(idWriter, ISBN) VALUES(229, 4640528024242);
INSERT INTO BookLanguage(ISBN, codeLanguage) VALUES(4640528024242, 'IT');
INSERT INTO BookLanguage(ISBN, codeLanguage) VALUES(4640528024242, 'EN');
INSERT INTO BookGenre(ISBN, idGenre) VALUES(4640528024242, 26);
INSERT INTO BookGenre(ISBN, idGenre) VALUES(4640528024242, 1);
INSERT INTO BookGenre(ISBN, idGenre) VALUES(4640528024242, 26);
INSERT INTO Book(ISBN, name, publication, edition, idPublisher) VALUES(3554111763601, 'Jonathan Livingston Seagull', '1961-8-25', 6, 7);
INSERT INTO Person(name, birth) VALUES('Richard Bach', '1851-1-26');
INSERT INTO BookWriter(idWriter, ISBN) VALUES(230, 3554111763601);
INSERT INTO BookLanguage(ISBN, codeLanguage) VALUES(3554111763601, 'ES');
INSERT INTO BookLanguage(ISBN, codeLanguage) VALUES(3554111763601, 'PL');
INSERT INTO BookGenre(ISBN, idGenre) VALUES(3554111763601, 25);
INSERT INTO BookGenre(ISBN, idGenre) VALUES(3554111763601, 15);
INSERT INTO BookGenre(ISBN, idGenre) VALUES(3554111763601, 17);
INSERT INTO Book(ISBN, name, publication, edition, idPublisher) VALUES(9473887045477, 'The Little Prince', '1841-13-19', 14, 4);
INSERT INTO Person(name, birth) VALUES('Antoine de Saint-Exupéry', '1936-13-22');
INSERT INTO BookWriter(idWriter, ISBN) VALUES(231, 9473887045477);
INSERT INTO BookLanguage(ISBN, codeLanguage) VALUES(9473887045477, 'PL');
INSERT INTO BookLanguage(ISBN, codeLanguage) VALUES(9473887045477, 'IT');
INSERT INTO BookGenre(ISBN, idGenre) VALUES(9473887045477, 25);
INSERT INTO BookGenre(ISBN, idGenre) VALUES(9473887045477, 22);
INSERT INTO BookGenre(ISBN, idGenre) VALUES(9473887045477, 20);
INSERT INTO Book(ISBN, name, publication, edition, idPublisher) VALUES(8608809552745, 'The Suitcase Kid', '1746-3-3', 7, 5);
INSERT INTO Person(name, birth) VALUES('Jacqueline Wilson', '1847-4-22');
INSERT INTO BookWriter(idWriter, ISBN) VALUES(232, 8608809552745);
INSERT INTO BookLanguage(ISBN, codeLanguage) VALUES(8608809552745, 'PL');
INSERT INTO BookLanguage(ISBN, codeLanguage) VALUES(8608809552745, 'SV');
INSERT INTO BookGenre(ISBN, idGenre) VALUES(8608809552745, 3);
INSERT INTO BookGenre(ISBN, idGenre) VALUES(8608809552745, 7);
INSERT INTO BookGenre(ISBN, idGenre) VALUES(8608809552745, 19);
INSERT INTO Book(ISBN, name, publication, edition, idPublisher) VALUES(9986572032144, 'Oliver Twist', '1752-11-27', 1, 1);
INSERT INTO Person(name, birth) VALUES('Charles Dickens', '1931-4-1');
INSERT INTO BookWriter(idWriter, ISBN) VALUES(233, 9986572032144);
INSERT INTO BookLanguage(ISBN, codeLanguage) VALUES(9986572032144, 'ES');
INSERT INTO BookLanguage(ISBN, codeLanguage) VALUES(9986572032144, 'NL');
INSERT INTO BookGenre(ISBN, idGenre) VALUES(9986572032144, 15);
INSERT INTO BookGenre(ISBN, idGenre) VALUES(9986572032144, 11);
INSERT INTO BookGenre(ISBN, idGenre) VALUES(9986572032144, 23);
INSERT INTO Book(ISBN, name, publication, edition, idPublisher) VALUES(8307933935151, 'The Power of One', '1791-6-23', 6, 6);
INSERT INTO Person(name, birth) VALUES('Bryce Courtenay', '1747-5-12');
INSERT INTO BookWriter(idWriter, ISBN) VALUES(234, 8307933935151);
INSERT INTO BookLanguage(ISBN, codeLanguage) VALUES(8307933935151, 'EN');
INSERT INTO BookLanguage(ISBN, codeLanguage) VALUES(8307933935151, 'SV');
INSERT INTO BookGenre(ISBN, idGenre) VALUES(8307933935151, 8);
INSERT INTO BookGenre(ISBN, idGenre) VALUES(8307933935151, 22);
INSERT INTO BookGenre(ISBN, idGenre) VALUES(8307933935151, 21);
INSERT INTO Book(ISBN, name, publication, edition, idPublisher) VALUES(7911998317569, 'Silas Marner', '1893-2-27', 2, 4);
INSERT INTO Person(name, birth) VALUES('George Eliot', '1931-3-28');
INSERT INTO BookWriter(idWriter, ISBN) VALUES(235, 7911998317569);
INSERT INTO BookLanguage(ISBN, codeLanguage) VALUES(7911998317569, 'NL');
INSERT INTO BookLanguage(ISBN, codeLanguage) VALUES(7911998317569, 'PT');
INSERT INTO BookGenre(ISBN, idGenre) VALUES(7911998317569, 10);
INSERT INTO BookGenre(ISBN, idGenre) VALUES(7911998317569, 11);
INSERT INTO BookGenre(ISBN, idGenre) VALUES(7911998317569, 17);
INSERT INTO Book(ISBN, name, publication, edition, idPublisher) VALUES(5992934066857, 'American Psycho', '1818-11-11', 10, 9);
INSERT INTO Person(name, birth) VALUES('Bret Easton Ellis', '1717-11-2');
INSERT INTO BookWriter(idWriter, ISBN) VALUES(236, 5992934066857);
INSERT INTO BookLanguage(ISBN, codeLanguage) VALUES(5992934066857, 'ES');
INSERT INTO BookLanguage(ISBN, codeLanguage) VALUES(5992934066857, 'DE');
INSERT INTO BookGenre(ISBN, idGenre) VALUES(5992934066857, 9);
INSERT INTO BookGenre(ISBN, idGenre) VALUES(5992934066857, 2);
INSERT INTO BookGenre(ISBN, idGenre) VALUES(5992934066857, 1);
INSERT INTO Book(ISBN, name, publication, edition, idPublisher) VALUES(5822515248045, 'The Diary of a Nobody', '1817-1-26', 8, 2);
INSERT INTO Person(name, birth) VALUES('George Grossmith', '1945-3-29');
INSERT INTO BookWriter(idWriter, ISBN) VALUES(237, 5822515248045);
INSERT INTO Person(name, birth) VALUES('Weedon Grossmith', '1897-4-1');
INSERT INTO BookWriter(idWriter, ISBN) VALUES(238, 5822515248045);
INSERT INTO BookLanguage(ISBN, codeLanguage) VALUES(5822515248045, 'CZ');
INSERT INTO BookLanguage(ISBN, codeLanguage) VALUES(5822515248045, 'PT');
INSERT INTO BookGenre(ISBN, idGenre) VALUES(5822515248045, 15);
INSERT INTO BookGenre(ISBN, idGenre) VALUES(5822515248045, 0);
INSERT INTO BookGenre(ISBN, idGenre) VALUES(5822515248045, 8);
INSERT INTO Book(ISBN, name, publication, edition, idPublisher) VALUES(8750109334086, 'Trainspotting', '1954-3-27', 8, 3);
INSERT INTO Person(name, birth) VALUES('Irvine Welsh', '1956-8-11');
INSERT INTO BookWriter(idWriter, ISBN) VALUES(239, 8750109334086);
INSERT INTO BookLanguage(ISBN, codeLanguage) VALUES(8750109334086, 'PL');
INSERT INTO BookLanguage(ISBN, codeLanguage) VALUES(8750109334086, 'NL');
INSERT INTO BookGenre(ISBN, idGenre) VALUES(8750109334086, 19);
INSERT INTO BookGenre(ISBN, idGenre) VALUES(8750109334086, 0);
INSERT INTO BookGenre(ISBN, idGenre) VALUES(8750109334086, 4);
INSERT INTO Book(ISBN, name, publication, edition, idPublisher) VALUES(9451182598508, 'Goosebumps', '1861-11-20', 12, 9);
INSERT INTO Person(name, birth) VALUES('R. L. Stine', '1814-7-5');
INSERT INTO BookWriter(idWriter, ISBN) VALUES(240, 9451182598508);
INSERT INTO BookLanguage(ISBN, codeLanguage) VALUES(9451182598508, 'DE');
INSERT INTO BookLanguage(ISBN, codeLanguage) VALUES(9451182598508, 'NL');
INSERT INTO BookGenre(ISBN, idGenre) VALUES(9451182598508, 2);
INSERT INTO BookGenre(ISBN, idGenre) VALUES(9451182598508, 8);
INSERT INTO BookGenre(ISBN, idGenre) VALUES(9451182598508, 27);
INSERT INTO Book(ISBN, name, publication, edition, idPublisher) VALUES(7847126265999, 'Heidi', '1965-12-21', 10, 4);
INSERT INTO Person(name, birth) VALUES('Johanna Spyri', '1854-1-6');
INSERT INTO BookWriter(idWriter, ISBN) VALUES(241, 7847126265999);
INSERT INTO BookLanguage(ISBN, codeLanguage) VALUES(7847126265999, 'HU');
INSERT INTO BookLanguage(ISBN, codeLanguage) VALUES(7847126265999, 'SV');
INSERT INTO BookGenre(ISBN, idGenre) VALUES(7847126265999, 19);
INSERT INTO BookGenre(ISBN, idGenre) VALUES(7847126265999, 28);
INSERT INTO BookGenre(ISBN, idGenre) VALUES(7847126265999, 21);
INSERT INTO Book(ISBN, name, publication, edition, idPublisher) VALUES(7928833149909, 'Sons and Lovers', '1843-8-26', 1, 3);
INSERT INTO Person(name, birth) VALUES('D. H. Lawrence', '1841-5-15');
INSERT INTO BookWriter(idWriter, ISBN) VALUES(242, 7928833149909);
INSERT INTO BookLanguage(ISBN, codeLanguage) VALUES(7928833149909, 'IT');
INSERT INTO BookLanguage(ISBN, codeLanguage) VALUES(7928833149909, 'FR');
INSERT INTO BookGenre(ISBN, idGenre) VALUES(7928833149909, 7);
INSERT INTO BookGenre(ISBN, idGenre) VALUES(7928833149909, 1);
INSERT INTO BookGenre(ISBN, idGenre) VALUES(7928833149909, 14);
INSERT INTO Book(ISBN, name, publication, edition, idPublisher) VALUES(2208119688401, 'The Unbearable Lightness of Being', '1947-5-18', 8, 8);
INSERT INTO Person(name, birth) VALUES('Milan Kundera', '1752-13-28');
INSERT INTO BookWriter(idWriter, ISBN) VALUES(243, 2208119688401);
INSERT INTO BookLanguage(ISBN, codeLanguage) VALUES(2208119688401, 'PT');
INSERT INTO BookLanguage(ISBN, codeLanguage) VALUES(2208119688401, 'NL');
INSERT INTO BookGenre(ISBN, idGenre) VALUES(2208119688401, 12);
INSERT INTO BookGenre(ISBN, idGenre) VALUES(2208119688401, 14);
INSERT INTO BookGenre(ISBN, idGenre) VALUES(2208119688401, 9);
INSERT INTO Book(ISBN, name, publication, edition, idPublisher) VALUES(6044730806044, 'Man and Boy', '1826-13-2', 7, 6);
INSERT INTO Person(name, birth) VALUES('Tony Parsons', '1876-5-17');
INSERT INTO BookWriter(idWriter, ISBN) VALUES(244, 6044730806044);
INSERT INTO BookLanguage(ISBN, codeLanguage) VALUES(6044730806044, 'IT');
INSERT INTO BookLanguage(ISBN, codeLanguage) VALUES(6044730806044, 'SV');
INSERT INTO BookGenre(ISBN, idGenre) VALUES(6044730806044, 16);
INSERT INTO BookGenre(ISBN, idGenre) VALUES(6044730806044, 6);
INSERT INTO BookGenre(ISBN, idGenre) VALUES(6044730806044, 18);
INSERT INTO Book(ISBN, name, publication, edition, idPublisher) VALUES(5632545089964, 'The Truth', '1984-11-3', 2, 6);
INSERT INTO Person(name, birth) VALUES('Terry Pratchett', '1988-10-8');
INSERT INTO BookWriter(idWriter, ISBN) VALUES(245, 5632545089964);
INSERT INTO BookLanguage(ISBN, codeLanguage) VALUES(5632545089964, 'IT');
INSERT INTO BookLanguage(ISBN, codeLanguage) VALUES(5632545089964, 'CZ');
INSERT INTO BookGenre(ISBN, idGenre) VALUES(5632545089964, 4);
INSERT INTO BookGenre(ISBN, idGenre) VALUES(5632545089964, 5);
INSERT INTO BookGenre(ISBN, idGenre) VALUES(5632545089964, 11);
INSERT INTO Book(ISBN, name, publication, edition, idPublisher) VALUES(4508504508435, 'The War of the Worlds', '2018-12-8', 9, 10);
INSERT INTO Person(name, birth) VALUES('H. G. Wells', '1794-7-19');
INSERT INTO BookWriter(idWriter, ISBN) VALUES(246, 4508504508435);
INSERT INTO BookLanguage(ISBN, codeLanguage) VALUES(4508504508435, 'PT');
INSERT INTO BookLanguage(ISBN, codeLanguage) VALUES(4508504508435, 'PT');
INSERT INTO BookGenre(ISBN, idGenre) VALUES(4508504508435, 25);
INSERT INTO BookGenre(ISBN, idGenre) VALUES(4508504508435, 16);
INSERT INTO BookGenre(ISBN, idGenre) VALUES(4508504508435, 19);
INSERT INTO Book(ISBN, name, publication, edition, idPublisher) VALUES(1718920025001, 'The Horse Whisperer', '2014-6-9', 6, 4);
INSERT INTO Person(name, birth) VALUES('Nicholas Evans', '1700-10-12');
INSERT INTO BookWriter(idWriter, ISBN) VALUES(247, 1718920025001);
INSERT INTO BookLanguage(ISBN, codeLanguage) VALUES(1718920025001, 'IT');
INSERT INTO BookLanguage(ISBN, codeLanguage) VALUES(1718920025001, 'CZ');
INSERT INTO BookGenre(ISBN, idGenre) VALUES(1718920025001, 14);
INSERT INTO BookGenre(ISBN, idGenre) VALUES(1718920025001, 18);
INSERT INTO BookGenre(ISBN, idGenre) VALUES(1718920025001, 0);
INSERT INTO Book(ISBN, name, publication, edition, idPublisher) VALUES(5920456491753, 'A Fine Balance', '1874-8-24', 3, 1);
INSERT INTO Person(name, birth) VALUES('Rohinton Mistry', '1945-3-29');
INSERT INTO BookWriter(idWriter, ISBN) VALUES(248, 5920456491753);
INSERT INTO BookLanguage(ISBN, codeLanguage) VALUES(5920456491753, 'SV');
INSERT INTO BookLanguage(ISBN, codeLanguage) VALUES(5920456491753, 'ES');
INSERT INTO BookGenre(ISBN, idGenre) VALUES(5920456491753, 6);
INSERT INTO BookGenre(ISBN, idGenre) VALUES(5920456491753, 26);
INSERT INTO BookGenre(ISBN, idGenre) VALUES(5920456491753, 5);
INSERT INTO Book(ISBN, name, publication, edition, idPublisher) VALUES(5391878400436, 'Witches Abroad', '1796-3-5', 9, 6);
INSERT INTO Person(name, birth) VALUES('Terry Pratchett', '1740-6-27');
INSERT INTO BookWriter(idWriter, ISBN) VALUES(249, 5391878400436);
INSERT INTO BookLanguage(ISBN, codeLanguage) VALUES(5391878400436, 'FR');
INSERT INTO BookLanguage(ISBN, codeLanguage) VALUES(5391878400436, 'RO');
INSERT INTO BookGenre(ISBN, idGenre) VALUES(5391878400436, 21);
INSERT INTO BookGenre(ISBN, idGenre) VALUES(5391878400436, 17);
INSERT INTO BookGenre(ISBN, idGenre) VALUES(5391878400436, 7);
INSERT INTO Book(ISBN, name, publication, edition, idPublisher) VALUES(7021689927912, 'The Once and Future King', '2013-4-29', 3, 7);
INSERT INTO Person(name, birth) VALUES('T. H. White', '1993-6-4');
INSERT INTO BookWriter(idWriter, ISBN) VALUES(250, 7021689927912);
INSERT INTO BookLanguage(ISBN, codeLanguage) VALUES(7021689927912, 'DE');
INSERT INTO BookLanguage(ISBN, codeLanguage) VALUES(7021689927912, 'CZ');
INSERT INTO BookGenre(ISBN, idGenre) VALUES(7021689927912, 5);
INSERT INTO BookGenre(ISBN, idGenre) VALUES(7021689927912, 24);
INSERT INTO BookGenre(ISBN, idGenre) VALUES(7021689927912, 9);
INSERT INTO Book(ISBN, name, publication, edition, idPublisher) VALUES(4526782623321, 'The Very Hungry Caterpillar', '1970-11-12', 12, 5);
INSERT INTO Person(name, birth) VALUES('Eric Carle', '1907-6-15');
INSERT INTO BookWriter(idWriter, ISBN) VALUES(251, 4526782623321);
INSERT INTO BookLanguage(ISBN, codeLanguage) VALUES(4526782623321, 'SV');
INSERT INTO BookLanguage(ISBN, codeLanguage) VALUES(4526782623321, 'EN');
INSERT INTO BookGenre(ISBN, idGenre) VALUES(4526782623321, 1);
INSERT INTO BookGenre(ISBN, idGenre) VALUES(4526782623321, 19);
INSERT INTO BookGenre(ISBN, idGenre) VALUES(4526782623321, 29);
INSERT INTO Book(ISBN, name, publication, edition, idPublisher) VALUES(8757945940673, 'Flowers in the Attic', '1831-8-9', 1, 6);
INSERT INTO Person(name, birth) VALUES('V. C. Andrews', '1775-12-4');
INSERT INTO BookWriter(idWriter, ISBN) VALUES(252, 8757945940673);
INSERT INTO BookLanguage(ISBN, codeLanguage) VALUES(8757945940673, 'ES');
INSERT INTO BookLanguage(ISBN, codeLanguage) VALUES(8757945940673, 'ES');
INSERT INTO BookGenre(ISBN, idGenre) VALUES(8757945940673, 18);
INSERT INTO BookGenre(ISBN, idGenre) VALUES(8757945940673, 3);
INSERT INTO BookGenre(ISBN, idGenre) VALUES(8757945940673, 24);
INSERT INTO Book(ISBN, name, publication, edition, idPublisher) VALUES(2373901073384, 'For Whom the Bell Tolls', '1941-13-2', 5, 1);
INSERT INTO Person(name, birth) VALUES('Ernest Hemingway', '1974-6-25');
INSERT INTO BookWriter(idWriter, ISBN) VALUES(253, 2373901073384);
INSERT INTO BookLanguage(ISBN, codeLanguage) VALUES(2373901073384, 'IT');
INSERT INTO BookLanguage(ISBN, codeLanguage) VALUES(2373901073384, 'PT');
INSERT INTO BookGenre(ISBN, idGenre) VALUES(2373901073384, 15);
INSERT INTO BookGenre(ISBN, idGenre) VALUES(2373901073384, 24);
INSERT INTO BookGenre(ISBN, idGenre) VALUES(2373901073384, 21);
