INSERT INTO Country VALUES('PT', 'Portugal');
INSERT INTO Country VALUES('UK', 'United Kingdom');
INSERT INTO Country VALUES('DE', 'Germany');
INSERT INTO Country VALUES('ES', 'Spain');
INSERT INTO Country VALUES('IT', 'Italy');
INSERT INTO Country VALUES('CZ', 'Czech Republic');
INSERT INTO Country VALUES('FR', 'France');
INSERT INTO Country VALUES('RO', 'Romania');
INSERT INTO Country VALUES('AT', 'Austria');
INSERT INTO Country VALUES('PL', 'Poland');
INSERT INTO Country VALUES('HU', 'Hungary');
INSERT INTO Country VALUES('SE', 'Sweden');
INSERT INTO Country VALUES('NL', 'Netherlands');
INSERT INTO Publisher(name) VALUES('Hachette Livre');
INSERT INTO Publisher(name) VALUES('Random House');
INSERT INTO Publisher(name) VALUES('Penguin Books');
INSERT INTO Publisher(name) VALUES('HarperCollins');
INSERT INTO Publisher(name) VALUES('Pan Macmillan');
INSERT INTO Publisher(name) VALUES('Pearson Education');
INSERT INTO Publisher(name) VALUES('Bloomsbury');
INSERT INTO Publisher(name) VALUES('Oxford University Press');
INSERT INTO Publisher(name) VALUES('Simon & Schuster');
INSERT INTO Publisher(name) VALUES('John Wiley & Sons');
INSERT INTO PaymentMethod(name) VALUES('credit card');
INSERT INTO PaymentMethod(name) VALUES('PayPal');
INSERT INTO PaymentMethod(name) VALUES('Mercado Pago');
INSERT INTO PaymentMethod(name) VALUES('Western Union');
INSERT INTO PaymentMethod(name) VALUES('Bank transfer');
INSERT INTO PaymentMethod(name) VALUES('Other');
INSERT INTO Genre(name) VALUES('Action and adventure');
INSERT INTO Genre(name) VALUES('Art');
INSERT INTO Genre(name) VALUES('Biography');
INSERT INTO Genre(name) VALUES('Children');
INSERT INTO Genre(name) VALUES('Cookbook');
INSERT INTO Genre(name) VALUES('Comic book');
INSERT INTO Genre(name) VALUES('Diary');
INSERT INTO Genre(name) VALUES('Dictionary');
INSERT INTO Genre(name) VALUES('Crime');
INSERT INTO Genre(name) VALUES('Encyclopedia');
INSERT INTO Genre(name) VALUES('Drama');
INSERT INTO Genre(name) VALUES('Health');
INSERT INTO Genre(name) VALUES('Fantasy');
INSERT INTO Genre(name) VALUES('History');
INSERT INTO Genre(name) VALUES('Graphic novel');
INSERT INTO Genre(name) VALUES('Journal');
INSERT INTO Genre(name) VALUES('Math');
INSERT INTO Genre(name) VALUES('Horror');
INSERT INTO Genre(name) VALUES('Mystery');
INSERT INTO Genre(name) VALUES('Prayer');
INSERT INTO Genre(name) VALUES('Poetry');
INSERT INTO Genre(name) VALUES('Science');
INSERT INTO Genre(name) VALUES('Romance');
INSERT INTO Genre(name) VALUES('Self help');
INSERT INTO Genre(name) VALUES('Satire');
INSERT INTO Genre(name) VALUES('Travel');
INSERT INTO Genre(name) VALUES('Science fiction');
INSERT INTO Genre(name) VALUES('Short story');
INSERT INTO Genre(name) VALUES('Suspense');
INSERT INTO Genre(name) VALUES('Thriller');
INSERT INTO Language VALUES('PT', 'Portuguese');
INSERT INTO Language VALUES('EN', 'English');
INSERT INTO Language VALUES('DE', 'German');
INSERT INTO Language VALUES('ES', 'Spanish');
INSERT INTO Language VALUES('IT', 'Italian');
INSERT INTO Language VALUES('CZ', 'Czech');
INSERT INTO Language VALUES('FR', 'French');
INSERT INTO Language VALUES('RO', 'Romanian');
INSERT INTO Language VALUES('PL', 'Polish');
INSERT INTO Language VALUES('HU', 'Hungarian');
INSERT INTO Language VALUES('SV', 'Swedish');
INSERT INTO Language VALUES('NL', 'Dutch');
INSERT INTO Locality VALUES(6983, 'Lisbon', 'PT');
INSERT INTO Locality VALUES(4984, 'Sintra', 'PT');
INSERT INTO Locality VALUES(1410, 'Porto', 'PT');
INSERT INTO Locality VALUES(2398, 'Cascais', 'PT');
INSERT INTO Locality VALUES(5923, 'Loures', 'PT');
INSERT INTO Locality VALUES(3406, 'Braga', 'PT');
INSERT INTO Locality VALUES(1478, 'Matosinhos', 'PT');
INSERT INTO Locality VALUES(1490, 'Amadora', 'PT');
INSERT INTO Locality VALUES(8734, 'Almada', 'PT');
INSERT INTO Locality VALUES(8044, 'Oeiras', 'PT');
INSERT INTO Locality VALUES(8299, 'Gondomar', 'PT');
INSERT INTO Locality VALUES(8812, 'Seixal', 'PT');
INSERT INTO Locality VALUES(8760, 'Guimarães', 'PT');
INSERT INTO Locality VALUES(5479, 'Odivelas', 'PT');
INSERT INTO Locality VALUES(9325, 'Coimbra', 'PT');
INSERT INTO Locality VALUES(9000, 'Maia', 'PT');
INSERT INTO Locality VALUES(7258, 'Leiria', 'PT');
INSERT INTO Locality VALUES(2939, 'Setúbal', 'PT');
INSERT INTO Locality VALUES(5075, 'Barcelos', 'PT');
INSERT INTO Locality VALUES(7567, 'Funchal', 'PT');
INSERT INTO Locality VALUES(9430, 'Ermesinde', 'PT');
INSERT INTO Locality VALUES(7127, 'Vila Real', 'PT');
INSERT INTO Locality VALUES(6531, 'London', 'UK');
INSERT INTO Locality VALUES(7620, 'Berlin', 'DE');
INSERT INTO Locality VALUES(4963, 'Madrid', 'ES');
INSERT INTO Locality VALUES(9296, 'Roma', 'IT');
INSERT INTO Locality VALUES(7163, 'Paris', 'FR');
INSERT INTO Locality VALUES(1264, 'Bucharest', 'RO');
INSERT INTO Locality VALUES(5095, 'Vienna', 'AT');
INSERT INTO Locality VALUES(7268, 'Hamburg', 'DE');
INSERT INTO Locality VALUES(6799, 'Warsaw', 'PL');
INSERT INTO Locality VALUES(7427, 'Budapest', 'HU');
INSERT INTO Locality VALUES(1720, 'Barcelona', 'ES');
INSERT INTO Locality VALUES(3332, 'Munich', 'DE');
INSERT INTO Locality VALUES(3752, 'Milan', 'IT');
INSERT INTO Locality VALUES(1401, 'Prague', 'CZ');
INSERT INTO Locality VALUES(3549, 'Cologne', 'DE');
INSERT INTO Locality VALUES(1162, 'Stockholm', 'SE');
INSERT INTO Locality VALUES(3155, 'Naples', 'IT');
INSERT INTO Locality VALUES(3531, 'Turin', 'IT');
INSERT INTO Locality VALUES(2187, 'Amsterdam', 'NL');
INSERT INTO Locality VALUES(5677, 'Marseille', 'FR');
INSERT INTO Locality VALUES(3167, 'Valencia', 'ES');
INSERT INTO Locality VALUES(8423, 'Cracow', 'PL');
INSERT INTO Locality VALUES(7401, 'Frankfurt', 'DE');
INSERT INTO Locality VALUES(9517, 'Seville', 'ES');
INSERT INTO Locality VALUES(5782, 'Łódź', 'PL');
INSERT INTO Locality VALUES(2316, 'Zaragoza', 'ES');
INSERT INTO Locality VALUES(7165, 'Palermo', 'IT');
INSERT INTO Locality VALUES(7805, 'Rotterdam', 'NL');
INSERT INTO Person(name, birth) VALUES('Donita Dombrowski', '1943-6-17');
INSERT INTO User(idPerson, contact, email, account, address, streetCode, localityCode) VALUES(1, 930827050, 'ValkonX11@gmail.com', 94631101299296, '107, Stanley Road, Lisbon PT', 424, 6983);
INSERT INTO Person(name, birth) VALUES('Sirena Swoboda', '1928-3-20');
INSERT INTO User(idPerson, contact, email, account, address, streetCode, localityCode) VALUES(2, 908622023, 'LilPuppyDog@gmail.com', 38431576774874, '703, Highfield Road, Sintra PT', 186, 4984);
INSERT INTO Person(name, birth) VALUES('Kaye Krell', '1964-12-6');
INSERT INTO User(idPerson, contact, email, account, address, streetCode, localityCode) VALUES(3, 924631135, 'AngelDoll@gmail.com', 62308330154688, '694, Park Road, Coimbra PT', 300, 9325);
INSERT INTO Person(name, birth) VALUES('Cheryll Consolini', '1926-9-10');
INSERT INTO User(idPerson, contact, email, account, address, streetCode, localityCode) VALUES(4, 900788106, 'KralIII@gmail.com', 83533101183867, '376, Green Lane, Leiria PT', 444, 7258);
INSERT INTO Person(name, birth) VALUES('Britney Blunk', '1969-11-28');
INSERT INTO User(idPerson, contact, email, account, address, streetCode, localityCode) VALUES(5, 966949794, 'Blossom@gmail.com', 94718582467814, '938, Church Lane, Matosinhos PT', 299, 1478);
INSERT INTO Person(name, birth) VALUES('Janeen Jacks', '1997-9-25');
INSERT INTO User(idPerson, contact, email, account, address, streetCode, localityCode) VALUES(6, 958459024, 'GreenCore@gmail.com', 36004893988454, '389, George Street, Lisbon PT', 639, 6983);
INSERT INTO Person(name, birth) VALUES('Lacy Linzy', '1920-12-1');
INSERT INTO User(idPerson, contact, email, account, address, streetCode, localityCode) VALUES(7, 916397955, 'copilot@gmail.com', 74039071356491, '722, Green Lane, Hamburg DE', 451, 7268);
INSERT INTO Person(name, birth) VALUES('Selena Strohmeyer', '1985-4-8');
INSERT INTO User(idPerson, contact, email, account, address, streetCode, localityCode) VALUES(8, 995591937, 'DailyPunch@gmail.com', 1585429889127, '809, St. John’s Road, Ermesinde PT', 751, 9430);
INSERT INTO Person(name, birth) VALUES('Linn Laporte', '1925-9-1');
INSERT INTO User(idPerson, contact, email, account, address, streetCode, localityCode) VALUES(9, 917299183, 'crazyvibes@gmail.com', 6772795188580, '996, West Street, Setúbal PT', 313, 2939);
INSERT INTO Person(name, birth) VALUES('Noelia Neil', '1921-3-24');
INSERT INTO User(idPerson, contact, email, account, address, streetCode, localityCode) VALUES(10, 958987584, 'MississippiTribe@gmail.com', 87503655466260, '360, Kings Road, Bucharest RO', 247, 1264);
INSERT INTO Person(name, birth) VALUES('Elwood Eggers', '1946-5-3');
INSERT INTO User(idPerson, contact, email, account, address, streetCode, localityCode) VALUES(11, 909660427, 'CouldntFindGoodName@gmail.com', 77346618098487, '537, Mill Road, Porto PT', 685, 1410);
INSERT INTO Person(name, birth) VALUES('Chi Cloe', '1969-9-26');
INSERT INTO User(idPerson, contact, email, account, address, streetCode, localityCode) VALUES(12, 975895741, 'CandyRaid@gmail.com', 47918731678793, '837, Richmond Road, Sintra PT', 447, 4984);
INSERT INTO Person(name, birth) VALUES('Williemae Walkes', '1980-9-3');
INSERT INTO User(idPerson, contact, email, account, address, streetCode, localityCode) VALUES(13, 967012929, 'BelovedAngle@gmail.com', 73101654976763, '341, Park Avenue, Budapest HU', 756, 7427);
INSERT INTO Person(name, birth) VALUES('Helena Hunnicutt', '2000-9-27');
INSERT INTO User(idPerson, contact, email, account, address, streetCode, localityCode) VALUES(14, 995395613, 'EverNext@gmail.com', 87216770217058, '967, Windsor Road, Amsterdam NL', 940, 2187);
INSERT INTO Person(name, birth) VALUES('Kiersten Keiser', '1995-10-10');
INSERT INTO User(idPerson, contact, email, account, address, streetCode, localityCode) VALUES(15, 937907243, 'OperaOfDreams@gmail.com', 74216958829620, '232, Queen Street, Stockholm SE', 321, 1162);
INSERT INTO Person(name, birth) VALUES('Ok Ortez', '1984-9-29');
INSERT INTO User(idPerson, contact, email, account, address, streetCode, localityCode) VALUES(16, 990209720, 'CutiePieShop@gmail.com', 96878826571580, '660, Manor Road, Ermesinde PT', 473, 9430);
INSERT INTO Person(name, birth) VALUES('Hazel Hinnenkamp', '1932-9-16');
INSERT INTO User(idPerson, contact, email, account, address, streetCode, localityCode) VALUES(17, 992359772, 'DollyDangerous@gmail.com', 32768551541888, '10, Stanley Road, Budapest HU', 304, 7427);
INSERT INTO Person(name, birth) VALUES('Vincent Villalta', '2003-4-21');
INSERT INTO User(idPerson, contact, email, account, address, streetCode, localityCode) VALUES(18, 953866914, 'HoneyCake@gmail.com', 42442791099967, '928, The Drive, Coimbra PT', 310, 9325);
INSERT INTO Person(name, birth) VALUES('Lynette Luken', '1923-9-27');
INSERT INTO User(idPerson, contact, email, account, address, streetCode, localityCode) VALUES(19, 934315575, 'Twinbutterfly@gmail.com', 84531551600751, '584, Main Street, Odivelas PT', 808, 5479);
INSERT INTO Person(name, birth) VALUES('Stephan Steigerwald', '1953-11-21');
INSERT INTO User(idPerson, contact, email, account, address, streetCode, localityCode) VALUES(20, 972757647, 'PlantedBrain@gmail.com', 75953027176258, '348, Church Lane, Funchal PT', 973, 7567);
INSERT INTO Person(name, birth) VALUES('Bernice Brabant', '1974-4-27');
INSERT INTO User(idPerson, contact, email, account, address, streetCode, localityCode) VALUES(21, 991987947, 'JustAsPlanned@gmail.com', 32342619456624, '484, King Street, Bucharest RO', 239, 1264);
INSERT INTO Person(name, birth) VALUES('Bobby Bible', '1947-1-5');
INSERT INTO User(idPerson, contact, email, account, address, streetCode, localityCode) VALUES(22, 947007056, 'SillyNinja@gmail.com', 18839566395874, '239, The Grove, Setúbal PT', 186, 2939);
INSERT INTO Person(name, birth) VALUES('Sonja Stufflebeam', '1922-7-11');
INSERT INTO User(idPerson, contact, email, account, address, streetCode, localityCode) VALUES(23, 937535342, 'Iloveyouyesterday@gmail.com', 66284602392869, '431, Mill Road, Gondomar PT', 958, 8299);
INSERT INTO Person(name, birth) VALUES('Carma Carrico', '1934-5-13');
INSERT INTO User(idPerson, contact, email, account, address, streetCode, localityCode) VALUES(24, 936136257, 'HelloGoodbye@gmail.com', 69262440319711, '39, Manchester Road, London UK', 814, 6531);
INSERT INTO Person(name, birth) VALUES('Gregoria Guerrera', '2001-8-5');
INSERT INTO User(idPerson, contact, email, account, address, streetCode, localityCode) VALUES(25, 923704887, 'FarRacer@gmail.com', 46541131115227, '754, New Street, Paris FR', 433, 7163);
INSERT INTO Person(name, birth) VALUES('Marian Millan', '1984-6-28');
INSERT INTO User(idPerson, contact, email, account, address, streetCode, localityCode) VALUES(26, 916395783, 'MrLucky@gmail.com', 26929619686636, '875, North Road, Seville ES', 111, 9517);
INSERT INTO Person(name, birth) VALUES('Otelia Orloff', '1959-6-14');
INSERT INTO User(idPerson, contact, email, account, address, streetCode, localityCode) VALUES(27, 912453639, 'WarriorInPain@gmail.com', 20552820482538, '213, York Road, Munich DE', 835, 3332);
INSERT INTO Person(name, birth) VALUES('Joye Janusz', '1942-13-24');
INSERT INTO User(idPerson, contact, email, account, address, streetCode, localityCode) VALUES(28, 902345995, 'Maryjane@gmail.com', 60190805169732, '55, The Grove, Cracow PL', 942, 8423);
INSERT INTO Person(name, birth) VALUES('Florine Funderburke', '1989-12-3');
INSERT INTO User(idPerson, contact, email, account, address, streetCode, localityCode) VALUES(29, 981792296, 'alwayssbeyou@gmail.com', 30220023928048, '725, Broadway, Lisbon PT', 265, 6983);
INSERT INTO Person(name, birth) VALUES('Lennie Lynd', '1935-3-20');
INSERT INTO User(idPerson, contact, email, account, address, streetCode, localityCode) VALUES(30, 934797074, 'neveroldenough@gmail.com', 42407137494594, '425, Manor Road, Loures PT', 637, 5923);
INSERT INTO Person(name, birth) VALUES('Corliss Carlberg', '1922-5-14');
INSERT INTO User(idPerson, contact, email, account, address, streetCode, localityCode) VALUES(31, 919611075, 'HiBuggy@gmail.com', 55498171852939, '655, Main Street, Braga PT', 487, 3406);
INSERT INTO Person(name, birth) VALUES('Homer Hirst', '1966-1-11');
INSERT INTO User(idPerson, contact, email, account, address, streetCode, localityCode) VALUES(32, 978802729, 'CheesyNible@gmail.com', 33420198036064, '170, The Crescent, Almada PT', 168, 8734);
INSERT INTO Person(name, birth) VALUES('Adrian Anding', '1975-9-5');
INSERT INTO User(idPerson, contact, email, account, address, streetCode, localityCode) VALUES(33, 921803844, 'MistakeManager@gmail.com', 27846968979427, '391, Windsor Road, Matosinhos PT', 933, 1478);
INSERT INTO Person(name, birth) VALUES('Christopher Cogdell', '1943-4-10');
INSERT INTO User(idPerson, contact, email, account, address, streetCode, localityCode) VALUES(34, 911781091, 'InfinitySkylines@gmail.com', 34995616026366, '685, Main Road, Turin IT', 268, 3531);
INSERT INTO Person(name, birth) VALUES('Kurt Kemplin', '1979-13-12');
INSERT INTO User(idPerson, contact, email, account, address, streetCode, localityCode) VALUES(35, 927571922, 'ImaCompleteCyclePath@gmail.com', 44483486401305, '246, New Road, Milan IT', 398, 3752);
INSERT INTO Person(name, birth) VALUES('Alfredia Akers', '1963-12-27');
INSERT INTO User(idPerson, contact, email, account, address, streetCode, localityCode) VALUES(36, 958030767, 'CuteScientist@gmail.com', 29015774168410, '713, Station Road, Braga PT', 309, 3406);
INSERT INTO Person(name, birth) VALUES('Tereasa Tompson', '1921-7-3');
INSERT INTO User(idPerson, contact, email, account, address, streetCode, localityCode) VALUES(37, 914540308, 'Dazzles@gmail.com', 61202320695431, '268, The Grove, London UK', 864, 6531);
INSERT INTO Person(name, birth) VALUES('Leonore Lemasters', '1973-9-15');
INSERT INTO User(idPerson, contact, email, account, address, streetCode, localityCode) VALUES(38, 934884799, 'GorgeousWweetie@gmail.com', 79712063896048, '466, Grove Road, Cascais PT', 258, 2398);
INSERT INTO Person(name, birth) VALUES('Marcie Morfin', '1928-7-10');
INSERT INTO User(idPerson, contact, email, account, address, streetCode, localityCode) VALUES(39, 950491627, 'TeenTouch@gmail.com', 66103844034204, '324, The Crescent, Guimarães PT', 137, 8760);
INSERT INTO Person(name, birth) VALUES('Loma Lisi', '1943-4-15');
INSERT INTO User(idPerson, contact, email, account, address, streetCode, localityCode) VALUES(40, 948362416, 'DraculaNurse@gmail.com', 99298280856791, '446, Stanley Road, Cracow PL', 625, 8423);
INSERT INTO Person(name, birth) VALUES('Rosella Ruhland', '1938-13-22');
INSERT INTO User(idPerson, contact, email, account, address, streetCode, localityCode) VALUES(41, 986605334, 'BarberCut@gmail.com', 60316390159668, '544, Church Road, Seville ES', 995, 9517);
INSERT INTO Person(name, birth) VALUES('Ricky Ratti', '1971-3-2');
INSERT INTO User(idPerson, contact, email, account, address, streetCode, localityCode) VALUES(42, 910147834, 'LoveSpeeder@gmail.com', 95355004100688, '820, School Lane, Sintra PT', 263, 4984);
INSERT INTO Person(name, birth) VALUES('Hye Huskey', '1943-9-8');
INSERT INTO User(idPerson, contact, email, account, address, streetCode, localityCode) VALUES(43, 991008587, 'GuillotineJaycee@gmail.com', 21834846619783, '252, Richmond Road, Cracow PL', 146, 8423);
INSERT INTO Person(name, birth) VALUES('Kareem Klem', '1953-9-5');
INSERT INTO User(idPerson, contact, email, account, address, streetCode, localityCode) VALUES(44, 913754261, 'Dimples@gmail.com', 98466141286120, '531, Chester Road, Milan IT', 937, 3752);
INSERT INTO Person(name, birth) VALUES('Clementina Callery', '1931-7-21');
INSERT INTO User(idPerson, contact, email, account, address, streetCode, localityCode) VALUES(45, 910172407, 'unic0rnsTaking0ver@gmail.com', 68523971414302, '220, York Road, Matosinhos PT', 814, 1478);
INSERT INTO Person(name, birth) VALUES('Josette Jiggetts', '1928-8-24');
INSERT INTO User(idPerson, contact, email, account, address, streetCode, localityCode) VALUES(46, 997508246, 'goodatthis123@gmail.com', 33119218514618, '497, Chester Road, Munich DE', 973, 3332);
INSERT INTO Person(name, birth) VALUES('Berniece Bricker', '1954-4-29');
INSERT INTO User(idPerson, contact, email, account, address, streetCode, localityCode) VALUES(47, 997474727, 'NONAME@gmail.com', 77076096402759, '317, South Street, Funchal PT', 677, 7567);
INSERT INTO Person(name, birth) VALUES('Kimi Kimber', '1985-5-1');
INSERT INTO User(idPerson, contact, email, account, address, streetCode, localityCode) VALUES(48, 918188492, 'WorkOfholly@gmail.com', 75370826772844, '94, North Road, Odivelas PT', 210, 5479);
INSERT INTO Person(name, birth) VALUES('Reiko Rabago', '1968-7-11');
INSERT INTO User(idPerson, contact, email, account, address, streetCode, localityCode) VALUES(49, 950116185, 'StoryOfMe@gmail.com', 62018598441729, '584, Victoria Street, Paris FR', 809, 7163);
INSERT INTO Person(name, birth) VALUES('Joshua Jasso', '1985-4-24');
INSERT INTO User(idPerson, contact, email, account, address, streetCode, localityCode) VALUES(50, 936153513, 'PeaceHug@gmail.com', 87989711840342, '437, York Road, Matosinhos PT', 523, 1478);
INSERT INTO Book(ISBN, name, publication, edition, idPublisher) VALUES(7900979592120, 'The Lord of the Rings', '1962-5-15', 5, 6);
INSERT INTO Person(name, birth) VALUES('J. R. R. Tolkien', '1852-10-11');
INSERT INTO BookWriter(idWriter, ISBN) VALUES(51, 7900979592120);
INSERT INTO BookGenre(ISBN, idGenre) VALUES(7900979592120, 10);
INSERT INTO Book(ISBN, name, publication, edition, idPublisher) VALUES(5265338294715, 'Pride and Prejudice', '1948-11-8', 7, 1);
INSERT INTO Person(name, birth) VALUES('Jane Austen', '1783-5-12');
INSERT INTO BookWriter(idWriter, ISBN) VALUES(52, 5265338294715);
INSERT INTO BookGenre(ISBN, idGenre) VALUES(5265338294715, 4);
INSERT INTO BookGenre(ISBN, idGenre) VALUES(5265338294715, 17);
INSERT INTO Book(ISBN, name, publication, edition, idPublisher) VALUES(3113272595824, 'His Dark Materials', '1927-9-1', 11, 2);
INSERT INTO Person(name, birth) VALUES('Philip Pullman', '1803-3-14');
INSERT INTO BookWriter(idWriter, ISBN) VALUES(53, 3113272595824);
INSERT INTO Book(ISBN, name, publication, edition, idPublisher) VALUES(5123939633687, 'The Hitchhikers Guide to the Galaxy', '1749-1-1', 10, 3);
INSERT INTO Person(name, birth) VALUES('Douglas Adams', '1956-5-1');
INSERT INTO BookWriter(idWriter, ISBN) VALUES(54, 5123939633687);
INSERT INTO BookGenre(ISBN, idGenre) VALUES(5123939633687, 6);
INSERT INTO BookGenre(ISBN, idGenre) VALUES(5123939633687, 7);
INSERT INTO Book(ISBN, name, publication, edition, idPublisher) VALUES(4987551565709, 'Harry Potter and the Goblet of Fire', '1758-7-2', 7, 8);
INSERT INTO Person(name, birth) VALUES('J. K. Rowling', '1713-3-4');
INSERT INTO BookWriter(idWriter, ISBN) VALUES(55, 4987551565709);
INSERT INTO Book(ISBN, name, publication, edition, idPublisher) VALUES(3489416860353, 'To Kill a Mockingbird', '1721-3-2', 15, 9);
INSERT INTO Person(name, birth) VALUES('Harper Lee', '1933-2-14');
INSERT INTO BookWriter(idWriter, ISBN) VALUES(56, 3489416860353);
INSERT INTO BookGenre(ISBN, idGenre) VALUES(3489416860353, 10);
INSERT INTO Book(ISBN, name, publication, edition, idPublisher) VALUES(4914416466691, 'Winnie-the-Pooh', '1924-3-20', 6, 9);
INSERT INTO Person(name, birth) VALUES('A. A. Milne', '1928-5-24');
INSERT INTO BookWriter(idWriter, ISBN) VALUES(57, 4914416466691);
INSERT INTO BookGenre(ISBN, idGenre) VALUES(4914416466691, 24);
INSERT INTO Book(ISBN, name, publication, edition, idPublisher) VALUES(3109885900389, 'Nineteen Eighty-Four', '1735-10-9', 5, 10);
INSERT INTO Person(name, birth) VALUES('George Orwell', '1718-4-22');
INSERT INTO BookWriter(idWriter, ISBN) VALUES(58, 3109885900389);
INSERT INTO Book(ISBN, name, publication, edition, idPublisher) VALUES(7283711338201, 'The Lion, the Witch and the Wardrobe', '1925-1-26', 12, 3);
INSERT INTO Person(name, birth) VALUES('C. S. Lewis', '1910-8-19');
INSERT INTO BookWriter(idWriter, ISBN) VALUES(59, 7283711338201);
INSERT INTO BookGenre(ISBN, idGenre) VALUES(7283711338201, 14);
INSERT INTO Book(ISBN, name, publication, edition, idPublisher) VALUES(9343915336280, 'Jane Eyre', '1763-12-25', 3, 2);
INSERT INTO Person(name, birth) VALUES('Charlotte Brontë', '1978-4-28');
INSERT INTO BookWriter(idWriter, ISBN) VALUES(60, 9343915336280);
INSERT INTO BookGenre(ISBN, idGenre) VALUES(9343915336280, 1);
INSERT INTO Book(ISBN, name, publication, edition, idPublisher) VALUES(9454758715015, 'Catch-22', '1853-1-2', 1, 1);
INSERT INTO Person(name, birth) VALUES('Joseph Heller', '1795-3-19');
INSERT INTO BookWriter(idWriter, ISBN) VALUES(61, 9454758715015);
INSERT INTO BookGenre(ISBN, idGenre) VALUES(9454758715015, 8);
INSERT INTO BookGenre(ISBN, idGenre) VALUES(9454758715015, 26);
INSERT INTO Book(ISBN, name, publication, edition, idPublisher) VALUES(1984473972736, 'Wuthering Heights', '1869-2-16', 3, 3);
INSERT INTO Person(name, birth) VALUES('Emily Brontë', '1846-9-16');
INSERT INTO BookWriter(idWriter, ISBN) VALUES(62, 1984473972736);
INSERT INTO BookGenre(ISBN, idGenre) VALUES(1984473972736, 22);
INSERT INTO Book(ISBN, name, publication, edition, idPublisher) VALUES(6886333137289, 'Birdsong', '1861-9-2', 12, 7);
INSERT INTO Person(name, birth) VALUES('Sebastian Faulks', '1868-10-25');
INSERT INTO BookWriter(idWriter, ISBN) VALUES(63, 6886333137289);
INSERT INTO BookGenre(ISBN, idGenre) VALUES(6886333137289, 19);
INSERT INTO Book(ISBN, name, publication, edition, idPublisher) VALUES(9418959895168, 'Rebecca', '2014-12-25', 4, 5);
INSERT INTO Person(name, birth) VALUES('Daphne du Maurier', '1778-7-8');
INSERT INTO BookWriter(idWriter, ISBN) VALUES(64, 9418959895168);
INSERT INTO BookGenre(ISBN, idGenre) VALUES(9418959895168, 9);
INSERT INTO Book(ISBN, name, publication, edition, idPublisher) VALUES(3559603407015, 'The Catcher in the Rye', '1926-4-10', 6, 7);
INSERT INTO Person(name, birth) VALUES('J. D. Salinger', '1969-6-15');
INSERT INTO BookWriter(idWriter, ISBN) VALUES(65, 3559603407015);
INSERT INTO Book(ISBN, name, publication, edition, idPublisher) VALUES(1468774961727, 'The Wind in the Willows', '1895-13-29', 13, 7);
INSERT INTO Person(name, birth) VALUES('Kenneth Grahame', '1986-8-9');
INSERT INTO BookWriter(idWriter, ISBN) VALUES(66, 1468774961727);
INSERT INTO Book(ISBN, name, publication, edition, idPublisher) VALUES(9015796218139, 'Great Expectations', '1921-4-21', 11, 8);
INSERT INTO Person(name, birth) VALUES('Charles Dickens', '1810-3-26');
INSERT INTO BookWriter(idWriter, ISBN) VALUES(67, 9015796218139);
INSERT INTO BookGenre(ISBN, idGenre) VALUES(9015796218139, 8);
INSERT INTO Book(ISBN, name, publication, edition, idPublisher) VALUES(7202345892227, 'Little Women', '1840-4-12', 4, 6);
INSERT INTO Person(name, birth) VALUES('Louisa May Alcott', '1936-1-9');
INSERT INTO BookWriter(idWriter, ISBN) VALUES(68, 7202345892227);
INSERT INTO BookGenre(ISBN, idGenre) VALUES(7202345892227, 12);
INSERT INTO BookGenre(ISBN, idGenre) VALUES(7202345892227, 20);
INSERT INTO Book(ISBN, name, publication, edition, idPublisher) VALUES(2891979823004, 'Captain Corellis Mandolin', '1878-1-19', 2, 2);
INSERT INTO Person(name, birth) VALUES('Louis de Bernières', '1747-3-10');
INSERT INTO BookWriter(idWriter, ISBN) VALUES(69, 2891979823004);
INSERT INTO BookGenre(ISBN, idGenre) VALUES(2891979823004, 12);
INSERT INTO BookGenre(ISBN, idGenre) VALUES(2891979823004, 22);
INSERT INTO Book(ISBN, name, publication, edition, idPublisher) VALUES(5583946138903, 'War and Peace', '1948-5-1', 8, 5);
INSERT INTO Person(name, birth) VALUES('Leo Tolstoy', '1810-4-27');
INSERT INTO BookWriter(idWriter, ISBN) VALUES(70, 5583946138903);
INSERT INTO Book(ISBN, name, publication, edition, idPublisher) VALUES(8873600041078, 'Gone with the Wind', '1861-10-6', 2, 2);
INSERT INTO Person(name, birth) VALUES('Margaret Mitchell', '1907-13-18');
INSERT INTO BookWriter(idWriter, ISBN) VALUES(71, 8873600041078);
INSERT INTO BookGenre(ISBN, idGenre) VALUES(8873600041078, 9);
INSERT INTO Book(ISBN, name, publication, edition, idPublisher) VALUES(3146792261488, 'Harry Potter and the Philosophers Stone', '1885-10-5', 7, 7);
INSERT INTO Person(name, birth) VALUES('J. K. Rowling', '1742-9-26');
INSERT INTO BookWriter(idWriter, ISBN) VALUES(72, 3146792261488);
INSERT INTO BookGenre(ISBN, idGenre) VALUES(3146792261488, 29);
INSERT INTO Book(ISBN, name, publication, edition, idPublisher) VALUES(9494750005787, 'Harry Potter and the Chamber of Secrets', '1773-13-18', 8, 4);
INSERT INTO Person(name, birth) VALUES('J. K. Rowling', '1801-13-23');
INSERT INTO BookWriter(idWriter, ISBN) VALUES(73, 9494750005787);
INSERT INTO BookGenre(ISBN, idGenre) VALUES(9494750005787, 12);
INSERT INTO Book(ISBN, name, publication, edition, idPublisher) VALUES(4278451608429, 'Harry Potter and the Prisoner of Azkaban', '1910-5-17', 12, 4);
INSERT INTO Person(name, birth) VALUES('J. K. Rowling', '2003-4-13');
INSERT INTO BookWriter(idWriter, ISBN) VALUES(74, 4278451608429);
INSERT INTO BookGenre(ISBN, idGenre) VALUES(4278451608429, 20);
INSERT INTO BookGenre(ISBN, idGenre) VALUES(4278451608429, 8);
INSERT INTO Book(ISBN, name, publication, edition, idPublisher) VALUES(6150981831880, 'The Hobbit', '1836-13-5', 2, 4);
INSERT INTO Person(name, birth) VALUES('J. R. R. Tolkien', '1891-12-4');
INSERT INTO BookWriter(idWriter, ISBN) VALUES(75, 6150981831880);
INSERT INTO BookGenre(ISBN, idGenre) VALUES(6150981831880, 20);
INSERT INTO BookGenre(ISBN, idGenre) VALUES(6150981831880, 10);
INSERT INTO Book(ISBN, name, publication, edition, idPublisher) VALUES(3900942753557, 'Tess of the dUrbervilles', '1783-2-12', 10, 1);
INSERT INTO Person(name, birth) VALUES('Thomas Hardy', '1922-8-4');
INSERT INTO BookWriter(idWriter, ISBN) VALUES(76, 3900942753557);
INSERT INTO Book(ISBN, name, publication, edition, idPublisher) VALUES(3255222394702, 'Middlemarch', '1771-8-26', 7, 10);
INSERT INTO Person(name, birth) VALUES('George Eliot', '1861-11-4');
INSERT INTO BookWriter(idWriter, ISBN) VALUES(77, 3255222394702);
INSERT INTO Book(ISBN, name, publication, edition, idPublisher) VALUES(7407103483658, 'A Prayer for Owen Meany', '1780-1-12', 10, 9);
INSERT INTO Person(name, birth) VALUES('John Irving', '1830-13-25');
INSERT INTO BookWriter(idWriter, ISBN) VALUES(78, 7407103483658);
INSERT INTO BookGenre(ISBN, idGenre) VALUES(7407103483658, 25);
INSERT INTO BookGenre(ISBN, idGenre) VALUES(7407103483658, 9);
INSERT INTO Book(ISBN, name, publication, edition, idPublisher) VALUES(1095344429652, 'The Grapes of Wrath', '1975-12-21', 8, 10);
INSERT INTO Person(name, birth) VALUES('John Steinbeck', '1857-9-17');
INSERT INTO BookWriter(idWriter, ISBN) VALUES(79, 1095344429652);
INSERT INTO BookGenre(ISBN, idGenre) VALUES(1095344429652, 0);
INSERT INTO Book(ISBN, name, publication, edition, idPublisher) VALUES(7704179881289, 'Alices Adventures in Wonderland', '2017-11-8', 10, 3);
INSERT INTO Person(name, birth) VALUES('Lewis Carroll', '1828-10-24');
INSERT INTO BookWriter(idWriter, ISBN) VALUES(80, 7704179881289);
INSERT INTO Book(ISBN, name, publication, edition, idPublisher) VALUES(8893978166724, 'The Story of Tracy Beaker', '1759-4-21', 15, 2);
INSERT INTO Person(name, birth) VALUES('Jacqueline Wilson', '2003-6-24');
INSERT INTO BookWriter(idWriter, ISBN) VALUES(81, 8893978166724);
INSERT INTO BookGenre(ISBN, idGenre) VALUES(8893978166724, 15);
INSERT INTO Book(ISBN, name, publication, edition, idPublisher) VALUES(4247521505986, 'One Hundred Years of Solitude', '1805-5-26', 12, 10);
INSERT INTO Person(name, birth) VALUES('Gabriel García Márquez', '1779-9-18');
INSERT INTO BookWriter(idWriter, ISBN) VALUES(82, 4247521505986);
INSERT INTO Book(ISBN, name, publication, edition, idPublisher) VALUES(4896783439249, 'The Pillars of the Earth', '1897-10-20', 8, 6);
INSERT INTO Person(name, birth) VALUES('Ken Follett', '1756-12-15');
INSERT INTO BookWriter(idWriter, ISBN) VALUES(83, 4896783439249);
INSERT INTO BookGenre(ISBN, idGenre) VALUES(4896783439249, 4);
INSERT INTO BookGenre(ISBN, idGenre) VALUES(4896783439249, 12);
INSERT INTO Book(ISBN, name, publication, edition, idPublisher) VALUES(1804797987596, 'David Copperfield', '2010-13-29', 11, 1);
INSERT INTO Person(name, birth) VALUES('Charles Dickens', '1851-2-12');
INSERT INTO BookWriter(idWriter, ISBN) VALUES(84, 1804797987596);
INSERT INTO Book(ISBN, name, publication, edition, idPublisher) VALUES(3094446190872, 'Charlie and the Chocolate Factory', '1728-11-10', 11, 10);
INSERT INTO Person(name, birth) VALUES('Roald Dahl', '1873-11-20');
INSERT INTO BookWriter(idWriter, ISBN) VALUES(85, 3094446190872);
INSERT INTO Book(ISBN, name, publication, edition, idPublisher) VALUES(2909451683133, 'Treasure Island', '1737-5-25', 10, 9);
INSERT INTO Person(name, birth) VALUES('Robert Louis Stevenson', '1939-10-8');
INSERT INTO BookWriter(idWriter, ISBN) VALUES(86, 2909451683133);
INSERT INTO BookGenre(ISBN, idGenre) VALUES(2909451683133, 13);
INSERT INTO Book(ISBN, name, publication, edition, idPublisher) VALUES(6150316383597, 'A Town Like Alice', '1934-12-9', 5, 9);
INSERT INTO Person(name, birth) VALUES('Nevil Shute', '1902-5-12');
INSERT INTO BookWriter(idWriter, ISBN) VALUES(87, 6150316383597);
INSERT INTO BookGenre(ISBN, idGenre) VALUES(6150316383597, 7);
INSERT INTO BookGenre(ISBN, idGenre) VALUES(6150316383597, 13);
INSERT INTO Book(ISBN, name, publication, edition, idPublisher) VALUES(6209615195221, 'Persuasion', '1986-10-11', 10, 5);
INSERT INTO Person(name, birth) VALUES('Jane Austen', '1801-5-3');
INSERT INTO BookWriter(idWriter, ISBN) VALUES(88, 6209615195221);
INSERT INTO Book(ISBN, name, publication, edition, idPublisher) VALUES(7895314028128, 'Dune', '1920-9-29', 14, 6);
INSERT INTO Person(name, birth) VALUES('Frank Herbert', '1846-6-27');
INSERT INTO BookWriter(idWriter, ISBN) VALUES(89, 7895314028128);
INSERT INTO Book(ISBN, name, publication, edition, idPublisher) VALUES(8384323370922, 'Emma', '1958-2-9', 5, 3);
INSERT INTO Person(name, birth) VALUES('Jane Austen', '1867-5-14');
INSERT INTO BookWriter(idWriter, ISBN) VALUES(90, 8384323370922);
INSERT INTO Book(ISBN, name, publication, edition, idPublisher) VALUES(7305698014743, 'Anne of Green Gables', '1732-5-25', 13, 1);
INSERT INTO Person(name, birth) VALUES('Lucy Maud Montgomery', '1757-3-7');
INSERT INTO BookWriter(idWriter, ISBN) VALUES(91, 7305698014743);
INSERT INTO BookGenre(ISBN, idGenre) VALUES(7305698014743, 4);
INSERT INTO Book(ISBN, name, publication, edition, idPublisher) VALUES(9284921051599, 'Watership Down', '1804-4-29', 13, 3);
INSERT INTO Person(name, birth) VALUES('Richard Adams', '1921-1-7');
INSERT INTO BookWriter(idWriter, ISBN) VALUES(92, 9284921051599);
INSERT INTO BookGenre(ISBN, idGenre) VALUES(9284921051599, 0);
INSERT INTO BookGenre(ISBN, idGenre) VALUES(9284921051599, 25);
INSERT INTO Book(ISBN, name, publication, edition, idPublisher) VALUES(3896132187192, 'The Great Gatsby', '1810-3-20', 6, 10);
INSERT INTO Person(name, birth) VALUES('F. Scott Fitzgerald', '1780-7-4');
INSERT INTO BookWriter(idWriter, ISBN) VALUES(93, 3896132187192);
INSERT INTO BookGenre(ISBN, idGenre) VALUES(3896132187192, 3);
INSERT INTO Book(ISBN, name, publication, edition, idPublisher) VALUES(2366292977711, 'The Count of Monte Cristo', '1723-8-27', 8, 8);
INSERT INTO Person(name, birth) VALUES('Alexandre Dumas', '1926-13-12');
INSERT INTO BookWriter(idWriter, ISBN) VALUES(94, 2366292977711);
INSERT INTO Book(ISBN, name, publication, edition, idPublisher) VALUES(1865739457755, 'Brideshead Revisited', '1858-11-17', 13, 4);
INSERT INTO Person(name, birth) VALUES('Evelyn Waugh', '1887-6-27');
INSERT INTO BookWriter(idWriter, ISBN) VALUES(95, 1865739457755);
INSERT INTO Book(ISBN, name, publication, edition, idPublisher) VALUES(7710491635738, 'Animal Farm', '2005-3-13', 10, 4);
INSERT INTO Person(name, birth) VALUES('George Orwell', '1745-3-29');
INSERT INTO BookWriter(idWriter, ISBN) VALUES(96, 7710491635738);
INSERT INTO BookGenre(ISBN, idGenre) VALUES(7710491635738, 14);
INSERT INTO Book(ISBN, name, publication, edition, idPublisher) VALUES(3502813698991, 'A Christmas Carol', '1994-12-2', 13, 5);
INSERT INTO Person(name, birth) VALUES('Charles Dickens', '1852-1-26');
INSERT INTO BookWriter(idWriter, ISBN) VALUES(97, 3502813698991);
INSERT INTO Book(ISBN, name, publication, edition, idPublisher) VALUES(6017001129639, 'Far from the Madding Crowd', '1733-12-28', 2, 4);
INSERT INTO Person(name, birth) VALUES('Thomas Hardy', '1921-3-5');
INSERT INTO BookWriter(idWriter, ISBN) VALUES(98, 6017001129639);
INSERT INTO BookGenre(ISBN, idGenre) VALUES(6017001129639, 18);
INSERT INTO Book(ISBN, name, publication, edition, idPublisher) VALUES(3438475078887, 'Goodnight Mister Tom', '1879-8-3', 7, 9);
INSERT INTO Person(name, birth) VALUES('Michelle Magorian', '1821-13-11');
INSERT INTO BookWriter(idWriter, ISBN) VALUES(99, 3438475078887);
INSERT INTO Book(ISBN, name, publication, edition, idPublisher) VALUES(3454170146660, 'The Shell Seekers', '1818-10-23', 2, 8);
INSERT INTO Person(name, birth) VALUES('Rosamunde Pilcher', '1778-1-27');
INSERT INTO BookWriter(idWriter, ISBN) VALUES(100, 3454170146660);
INSERT INTO Book(ISBN, name, publication, edition, idPublisher) VALUES(3619432904699, 'The Secret Garden', '1963-5-10', 3, 7);
INSERT INTO Person(name, birth) VALUES('Frances Hodgson Burnett', '1982-9-3');
INSERT INTO BookWriter(idWriter, ISBN) VALUES(101, 3619432904699);
INSERT INTO Book(ISBN, name, publication, edition, idPublisher) VALUES(8939869242527, 'Of Mice and Men', '1823-4-1', 2, 7);
INSERT INTO Person(name, birth) VALUES('John Steinbeck', '1767-10-6');
INSERT INTO BookWriter(idWriter, ISBN) VALUES(102, 8939869242527);
INSERT INTO BookGenre(ISBN, idGenre) VALUES(8939869242527, 13);
INSERT INTO BookGenre(ISBN, idGenre) VALUES(8939869242527, 12);
INSERT INTO Book(ISBN, name, publication, edition, idPublisher) VALUES(3203864413679, 'The Stand', '1830-10-23', 13, 8);
INSERT INTO Person(name, birth) VALUES('Stephen King', '1933-10-24');
INSERT INTO BookWriter(idWriter, ISBN) VALUES(103, 3203864413679);
INSERT INTO BookGenre(ISBN, idGenre) VALUES(3203864413679, 24);
INSERT INTO BookGenre(ISBN, idGenre) VALUES(3203864413679, 8);
INSERT INTO Book(ISBN, name, publication, edition, idPublisher) VALUES(8805710143177, 'Anna Karenina', '1841-3-20', 2, 8);
INSERT INTO Person(name, birth) VALUES('Leo Tolstoy', '1803-11-24');
INSERT INTO BookWriter(idWriter, ISBN) VALUES(104, 8805710143177);
INSERT INTO BookGenre(ISBN, idGenre) VALUES(8805710143177, 1);
INSERT INTO BookGenre(ISBN, idGenre) VALUES(8805710143177, 23);
INSERT INTO Book(ISBN, name, publication, edition, idPublisher) VALUES(3522735259676, 'A Suitable Boy', '1843-13-8', 7, 9);
INSERT INTO Person(name, birth) VALUES('Vikram Seth', '1832-6-4');
INSERT INTO BookWriter(idWriter, ISBN) VALUES(105, 3522735259676);
INSERT INTO BookGenre(ISBN, idGenre) VALUES(3522735259676, 8);
INSERT INTO Book(ISBN, name, publication, edition, idPublisher) VALUES(7033279946061, 'The BFG', '1864-10-28', 4, 10);
INSERT INTO Person(name, birth) VALUES('Roald Dahl', '1937-1-9');
INSERT INTO BookWriter(idWriter, ISBN) VALUES(106, 7033279946061);
INSERT INTO BookGenre(ISBN, idGenre) VALUES(7033279946061, 27);
INSERT INTO BookGenre(ISBN, idGenre) VALUES(7033279946061, 4);
INSERT INTO Book(ISBN, name, publication, edition, idPublisher) VALUES(8001836802551, 'Swallows and Amazons', '1838-8-14', 1, 5);
INSERT INTO Person(name, birth) VALUES('Arthur Ransome', '1786-2-8');
INSERT INTO BookWriter(idWriter, ISBN) VALUES(107, 8001836802551);
INSERT INTO Book(ISBN, name, publication, edition, idPublisher) VALUES(8463398511484, 'Black Beauty', '1854-13-21', 6, 9);
INSERT INTO Person(name, birth) VALUES('Anna Sewell', '1985-7-13');
INSERT INTO BookWriter(idWriter, ISBN) VALUES(108, 8463398511484);
INSERT INTO BookGenre(ISBN, idGenre) VALUES(8463398511484, 27);
INSERT INTO Book(ISBN, name, publication, edition, idPublisher) VALUES(4299249167228, 'Artemis Fowl', '1745-7-14', 4, 3);
INSERT INTO Person(name, birth) VALUES('Eoin Colfer', '1984-6-10');
INSERT INTO BookWriter(idWriter, ISBN) VALUES(109, 4299249167228);
INSERT INTO Book(ISBN, name, publication, edition, idPublisher) VALUES(1035267456091, 'Crime and Punishment', '1733-11-20', 15, 5);
INSERT INTO Person(name, birth) VALUES('Fyodor Dostoyevsky', '2000-3-3');
INSERT INTO BookWriter(idWriter, ISBN) VALUES(110, 1035267456091);
INSERT INTO BookGenre(ISBN, idGenre) VALUES(1035267456091, 13);
INSERT INTO BookGenre(ISBN, idGenre) VALUES(1035267456091, 6);
INSERT INTO Book(ISBN, name, publication, edition, idPublisher) VALUES(8227997145891, 'Noughts & Crosses', '1896-5-18', 7, 1);
INSERT INTO Person(name, birth) VALUES('Malorie Blackman', '1897-4-23');
INSERT INTO BookWriter(idWriter, ISBN) VALUES(111, 8227997145891);
INSERT INTO BookGenre(ISBN, idGenre) VALUES(8227997145891, 5);
INSERT INTO Book(ISBN, name, publication, edition, idPublisher) VALUES(8400070953615, 'Memoirs of a Geisha', '1913-2-18', 15, 7);
INSERT INTO Person(name, birth) VALUES('Arthur Golden', '1895-9-15');
INSERT INTO BookWriter(idWriter, ISBN) VALUES(112, 8400070953615);
INSERT INTO Book(ISBN, name, publication, edition, idPublisher) VALUES(9375770497830, 'A Tale of Two Cities', '1940-13-5', 14, 6);
INSERT INTO Person(name, birth) VALUES('Charles Dickens', '1817-7-2');
INSERT INTO BookWriter(idWriter, ISBN) VALUES(113, 9375770497830);
INSERT INTO BookGenre(ISBN, idGenre) VALUES(9375770497830, 29);
INSERT INTO BookGenre(ISBN, idGenre) VALUES(9375770497830, 13);
INSERT INTO Book(ISBN, name, publication, edition, idPublisher) VALUES(2829851290911, 'The Thorn Birds', '1793-9-14', 7, 6);
INSERT INTO Person(name, birth) VALUES('Colleen McCullough', '1702-11-16');
INSERT INTO BookWriter(idWriter, ISBN) VALUES(114, 2829851290911);
INSERT INTO Book(ISBN, name, publication, edition, idPublisher) VALUES(8968586492734, 'Mort', '2001-13-2', 1, 1);
INSERT INTO Person(name, birth) VALUES('Terry Pratchett', '1888-7-20');
INSERT INTO BookWriter(idWriter, ISBN) VALUES(115, 8968586492734);
INSERT INTO BookGenre(ISBN, idGenre) VALUES(8968586492734, 10);
INSERT INTO Book(ISBN, name, publication, edition, idPublisher) VALUES(7976206359482, 'The Magic Faraway Tree', '1841-8-14', 10, 2);
INSERT INTO Person(name, birth) VALUES('Enid Blyton', '1733-5-26');
INSERT INTO BookWriter(idWriter, ISBN) VALUES(116, 7976206359482);
INSERT INTO BookGenre(ISBN, idGenre) VALUES(7976206359482, 0);
INSERT INTO Book(ISBN, name, publication, edition, idPublisher) VALUES(3303103662835, 'The Magus', '1832-7-15', 8, 7);
INSERT INTO Person(name, birth) VALUES('John Fowles', '1821-5-7');
INSERT INTO BookWriter(idWriter, ISBN) VALUES(117, 3303103662835);
INSERT INTO BookGenre(ISBN, idGenre) VALUES(3303103662835, 17);
INSERT INTO Book(ISBN, name, publication, edition, idPublisher) VALUES(7089221854088, 'Good Omens', '2012-1-21', 2, 7);
INSERT INTO Person(name, birth) VALUES('Neil Gaiman Pratchett', '1702-8-15');
INSERT INTO BookWriter(idWriter, ISBN) VALUES(118, 7089221854088);
INSERT INTO Person(name, birth) VALUES('Terry Pratchett', '1725-7-5');
INSERT INTO BookWriter(idWriter, ISBN) VALUES(119, 7089221854088);
INSERT INTO Book(ISBN, name, publication, edition, idPublisher) VALUES(6064364013112, 'Guards! Guards!', '1952-10-4', 5, 10);
INSERT INTO Person(name, birth) VALUES('Terry Pratchett', '1917-9-13');
INSERT INTO BookWriter(idWriter, ISBN) VALUES(120, 6064364013112);
INSERT INTO BookGenre(ISBN, idGenre) VALUES(6064364013112, 10);
INSERT INTO BookGenre(ISBN, idGenre) VALUES(6064364013112, 9);
INSERT INTO Book(ISBN, name, publication, edition, idPublisher) VALUES(1355390091574, 'Lord of the Flies', '1993-7-6', 6, 1);
INSERT INTO Person(name, birth) VALUES('William Golding', '1831-11-3');
INSERT INTO BookWriter(idWriter, ISBN) VALUES(121, 1355390091574);
INSERT INTO BookGenre(ISBN, idGenre) VALUES(1355390091574, 5);
INSERT INTO BookGenre(ISBN, idGenre) VALUES(1355390091574, 2);
INSERT INTO Book(ISBN, name, publication, edition, idPublisher) VALUES(6070127079001, 'Perfume', '1936-13-10', 2, 2);
INSERT INTO Person(name, birth) VALUES('Patrick Süskind', '1773-10-2');
INSERT INTO BookWriter(idWriter, ISBN) VALUES(122, 6070127079001);
INSERT INTO BookGenre(ISBN, idGenre) VALUES(6070127079001, 0);
INSERT INTO BookGenre(ISBN, idGenre) VALUES(6070127079001, 25);
INSERT INTO Book(ISBN, name, publication, edition, idPublisher) VALUES(2789706051210, 'The Ragged-Trousered Philanthropists', '1843-6-18', 10, 6);
INSERT INTO Person(name, birth) VALUES('Robert Tressell', '1897-12-15');
INSERT INTO BookWriter(idWriter, ISBN) VALUES(123, 2789706051210);
INSERT INTO BookGenre(ISBN, idGenre) VALUES(2789706051210, 7);
INSERT INTO BookGenre(ISBN, idGenre) VALUES(2789706051210, 27);
INSERT INTO Book(ISBN, name, publication, edition, idPublisher) VALUES(8255123597274, 'Night Watch', '1734-3-15', 1, 7);
INSERT INTO Person(name, birth) VALUES('Terry Pratchett', '1838-8-2');
INSERT INTO BookWriter(idWriter, ISBN) VALUES(124, 8255123597274);
INSERT INTO BookGenre(ISBN, idGenre) VALUES(8255123597274, 3);
INSERT INTO Book(ISBN, name, publication, edition, idPublisher) VALUES(9189994451767, 'Matilda', '1913-10-6', 1, 9);
INSERT INTO Person(name, birth) VALUES('Roald Dahl', '1741-3-11');
INSERT INTO BookWriter(idWriter, ISBN) VALUES(125, 9189994451767);
INSERT INTO BookGenre(ISBN, idGenre) VALUES(9189994451767, 2);
INSERT INTO Book(ISBN, name, publication, edition, idPublisher) VALUES(1652674429865, 'Bridget Joness Diary', '1995-2-2', 8, 10);
INSERT INTO Person(name, birth) VALUES('Helen Fielding', '1764-2-29');
INSERT INTO BookWriter(idWriter, ISBN) VALUES(126, 1652674429865);
INSERT INTO Book(ISBN, name, publication, edition, idPublisher) VALUES(2986243968508, 'The Secret History', '1755-12-28', 2, 6);
INSERT INTO Person(name, birth) VALUES('Donna Tartt', '1709-4-10');
INSERT INTO BookWriter(idWriter, ISBN) VALUES(127, 2986243968508);
INSERT INTO BookGenre(ISBN, idGenre) VALUES(2986243968508, 28);
INSERT INTO Book(ISBN, name, publication, edition, idPublisher) VALUES(6617687232609, 'The Woman in White', '1903-2-6', 8, 10);
INSERT INTO Person(name, birth) VALUES('Wilkie Collins', '1751-6-11');
INSERT INTO BookWriter(idWriter, ISBN) VALUES(128, 6617687232609);
INSERT INTO BookGenre(ISBN, idGenre) VALUES(6617687232609, 22);
INSERT INTO BookGenre(ISBN, idGenre) VALUES(6617687232609, 2);
INSERT INTO Book(ISBN, name, publication, edition, idPublisher) VALUES(6189049122206, 'Ulysses', '1829-9-11', 4, 10);
INSERT INTO Person(name, birth) VALUES('James Joyce', '1757-6-19');
INSERT INTO BookWriter(idWriter, ISBN) VALUES(129, 6189049122206);
INSERT INTO BookGenre(ISBN, idGenre) VALUES(6189049122206, 9);
INSERT INTO BookGenre(ISBN, idGenre) VALUES(6189049122206, 22);
INSERT INTO Book(ISBN, name, publication, edition, idPublisher) VALUES(8807982611508, 'Bleak House', '1734-1-20', 13, 7);
INSERT INTO Person(name, birth) VALUES('Charles Dickens', '1954-8-23');
INSERT INTO BookWriter(idWriter, ISBN) VALUES(130, 8807982611508);
INSERT INTO Book(ISBN, name, publication, edition, idPublisher) VALUES(7576842463658, 'Double Act', '1732-6-25', 2, 8);
INSERT INTO Person(name, birth) VALUES('Jacqueline Wilson', '1816-4-24');
INSERT INTO BookWriter(idWriter, ISBN) VALUES(131, 7576842463658);
INSERT INTO Book(ISBN, name, publication, edition, idPublisher) VALUES(6577704518920, 'The Twits', '2016-13-14', 1, 5);
INSERT INTO Person(name, birth) VALUES('Roald Dahl', '1702-2-27');
INSERT INTO BookWriter(idWriter, ISBN) VALUES(132, 6577704518920);
INSERT INTO BookGenre(ISBN, idGenre) VALUES(6577704518920, 3);
INSERT INTO Book(ISBN, name, publication, edition, idPublisher) VALUES(1272040836449, 'I Capture the Castle', '1750-5-13', 13, 9);
INSERT INTO Person(name, birth) VALUES('Dodie Smith', '1728-8-8');
INSERT INTO BookWriter(idWriter, ISBN) VALUES(133, 1272040836449);
INSERT INTO BookGenre(ISBN, idGenre) VALUES(1272040836449, 14);
INSERT INTO Book(ISBN, name, publication, edition, idPublisher) VALUES(5539697476912, 'Holes', '1955-8-17', 1, 9);
INSERT INTO Person(name, birth) VALUES('Louis Sachar', '1963-13-8');
INSERT INTO BookWriter(idWriter, ISBN) VALUES(134, 5539697476912);
INSERT INTO BookGenre(ISBN, idGenre) VALUES(5539697476912, 10);
INSERT INTO BookGenre(ISBN, idGenre) VALUES(5539697476912, 3);
INSERT INTO Book(ISBN, name, publication, edition, idPublisher) VALUES(9693899810494, 'Gormenghast', '1789-7-15', 10, 6);
INSERT INTO Person(name, birth) VALUES('Mervyn Peake', '1998-6-29');
INSERT INTO BookWriter(idWriter, ISBN) VALUES(135, 9693899810494);
INSERT INTO BookGenre(ISBN, idGenre) VALUES(9693899810494, 24);
INSERT INTO Book(ISBN, name, publication, edition, idPublisher) VALUES(7847538284812, 'The God of Small Things', '2000-12-3', 12, 4);
INSERT INTO Person(name, birth) VALUES('Arundhati Roy', '1840-6-10');
INSERT INTO BookWriter(idWriter, ISBN) VALUES(136, 7847538284812);
INSERT INTO Book(ISBN, name, publication, edition, idPublisher) VALUES(2890584036665, 'Vicky Angel', '1744-1-23', 2, 1);
INSERT INTO Person(name, birth) VALUES('Jacqueline Wilson', '1726-12-12');
INSERT INTO BookWriter(idWriter, ISBN) VALUES(137, 2890584036665);
INSERT INTO BookGenre(ISBN, idGenre) VALUES(2890584036665, 27);
INSERT INTO Book(ISBN, name, publication, edition, idPublisher) VALUES(6481942850619, 'Brave New World', '1896-6-16', 8, 10);
INSERT INTO Person(name, birth) VALUES('Aldous Huxley', '1700-11-24');
INSERT INTO BookWriter(idWriter, ISBN) VALUES(138, 6481942850619);
INSERT INTO Book(ISBN, name, publication, edition, idPublisher) VALUES(8119458466335, 'Cold Comfort Farm', '1973-7-13', 8, 1);
INSERT INTO Person(name, birth) VALUES('Stella Gibbons', '1710-7-7');
INSERT INTO BookWriter(idWriter, ISBN) VALUES(139, 8119458466335);
INSERT INTO BookGenre(ISBN, idGenre) VALUES(8119458466335, 9);
INSERT INTO BookGenre(ISBN, idGenre) VALUES(8119458466335, 29);
INSERT INTO Book(ISBN, name, publication, edition, idPublisher) VALUES(1480813162714, 'Magician', '1731-5-26', 10, 1);
INSERT INTO Person(name, birth) VALUES('Raymond E. Feist', '1895-9-5');
INSERT INTO BookWriter(idWriter, ISBN) VALUES(140, 1480813162714);
INSERT INTO BookGenre(ISBN, idGenre) VALUES(1480813162714, 10);
INSERT INTO BookGenre(ISBN, idGenre) VALUES(1480813162714, 23);
INSERT INTO Book(ISBN, name, publication, edition, idPublisher) VALUES(5401802571750, 'On the Road', '1970-8-13', 6, 5);
INSERT INTO Person(name, birth) VALUES('Jack Kerouac', '1739-11-1');
INSERT INTO BookWriter(idWriter, ISBN) VALUES(141, 5401802571750);
INSERT INTO BookGenre(ISBN, idGenre) VALUES(5401802571750, 26);
INSERT INTO Book(ISBN, name, publication, edition, idPublisher) VALUES(9577034626170, 'The Godfather', '1944-3-22', 7, 7);
INSERT INTO Person(name, birth) VALUES('Mario Puzo', '1758-3-25');
INSERT INTO BookWriter(idWriter, ISBN) VALUES(142, 9577034626170);
INSERT INTO Book(ISBN, name, publication, edition, idPublisher) VALUES(6326176462071, 'The Clan of the Cave Bear', '2020-7-12', 14, 1);
INSERT INTO Person(name, birth) VALUES('Jean M. Auel', '1847-2-2');
INSERT INTO BookWriter(idWriter, ISBN) VALUES(143, 6326176462071);
INSERT INTO BookGenre(ISBN, idGenre) VALUES(6326176462071, 23);
INSERT INTO Book(ISBN, name, publication, edition, idPublisher) VALUES(3375782773618, 'The Colour of Magic', '1730-8-21', 5, 3);
INSERT INTO Person(name, birth) VALUES('Terry Pratchett', '1748-12-27');
INSERT INTO BookWriter(idWriter, ISBN) VALUES(144, 3375782773618);
INSERT INTO Book(ISBN, name, publication, edition, idPublisher) VALUES(2063929745074, 'The Alchemist', '1795-1-26', 8, 2);
INSERT INTO Person(name, birth) VALUES('Paulo Coelho', '1809-1-10');
INSERT INTO BookWriter(idWriter, ISBN) VALUES(145, 2063929745074);
INSERT INTO Book(ISBN, name, publication, edition, idPublisher) VALUES(4430281708158, 'Katherine', '2019-13-20', 11, 1);
INSERT INTO Person(name, birth) VALUES('Anya Seton', '1783-8-9');
INSERT INTO BookWriter(idWriter, ISBN) VALUES(146, 4430281708158);
INSERT INTO BookGenre(ISBN, idGenre) VALUES(4430281708158, 11);
INSERT INTO BookGenre(ISBN, idGenre) VALUES(4430281708158, 6);
INSERT INTO Book(ISBN, name, publication, edition, idPublisher) VALUES(2366545981839, 'Kane and Abel', '2003-6-3', 3, 7);
INSERT INTO Person(name, birth) VALUES('Jeffrey Archer', '1995-4-5');
INSERT INTO BookWriter(idWriter, ISBN) VALUES(147, 2366545981839);
INSERT INTO BookGenre(ISBN, idGenre) VALUES(2366545981839, 17);
INSERT INTO BookGenre(ISBN, idGenre) VALUES(2366545981839, 4);
INSERT INTO Book(ISBN, name, publication, edition, idPublisher) VALUES(8277801826423, 'Love in the Time of Cholera', '1779-6-10', 6, 7);
INSERT INTO Person(name, birth) VALUES('Gabriel García Márquez', '1882-13-27');
INSERT INTO BookWriter(idWriter, ISBN) VALUES(148, 8277801826423);
INSERT INTO BookGenre(ISBN, idGenre) VALUES(8277801826423, 21);
INSERT INTO BookGenre(ISBN, idGenre) VALUES(8277801826423, 4);
INSERT INTO Book(ISBN, name, publication, edition, idPublisher) VALUES(3839756679454, 'Girls in Love', '1766-2-10', 6, 2);
INSERT INTO Person(name, birth) VALUES('Jacqueline Wilson', '1740-11-27');
INSERT INTO BookWriter(idWriter, ISBN) VALUES(149, 3839756679454);
INSERT INTO BookGenre(ISBN, idGenre) VALUES(3839756679454, 8);
INSERT INTO BookGenre(ISBN, idGenre) VALUES(3839756679454, 26);
INSERT INTO Book(ISBN, name, publication, edition, idPublisher) VALUES(6839278905530, 'The Princess Diaries', '1979-5-15', 5, 4);
INSERT INTO Person(name, birth) VALUES('Meg Cabot', '1890-7-29');
INSERT INTO BookWriter(idWriter, ISBN) VALUES(150, 6839278905530);
INSERT INTO Book(ISBN, name, publication, edition, idPublisher) VALUES(5313517174694, 'Midnights Children', '2018-13-14', 12, 2);
INSERT INTO Person(name, birth) VALUES('Salman Rushdie', '1795-1-17');
INSERT INTO BookWriter(idWriter, ISBN) VALUES(151, 5313517174694);
INSERT INTO Book(ISBN, name, publication, edition, idPublisher) VALUES(2216331910208, 'Three Men in a Boat', '1929-8-13', 6, 1);
INSERT INTO Person(name, birth) VALUES('Jerome K. Jerome', '1893-9-10');
INSERT INTO BookWriter(idWriter, ISBN) VALUES(152, 2216331910208);
INSERT INTO Book(ISBN, name, publication, edition, idPublisher) VALUES(5354547391096, 'Small Gods', '1935-10-10', 2, 8);
INSERT INTO Person(name, birth) VALUES('Terry Pratchett', '1945-5-21');
INSERT INTO BookWriter(idWriter, ISBN) VALUES(153, 5354547391096);
INSERT INTO Book(ISBN, name, publication, edition, idPublisher) VALUES(1727832884803, 'The Beach', '1813-12-29', 3, 5);
INSERT INTO Person(name, birth) VALUES('Alex Garland', '1870-4-10');
INSERT INTO BookWriter(idWriter, ISBN) VALUES(154, 1727832884803);
INSERT INTO Book(ISBN, name, publication, edition, idPublisher) VALUES(7732594211625, 'Dracula', '2019-11-24', 15, 10);
INSERT INTO Person(name, birth) VALUES('Bram Stoker', '1979-13-2');
INSERT INTO BookWriter(idWriter, ISBN) VALUES(155, 7732594211625);
INSERT INTO Book(ISBN, name, publication, edition, idPublisher) VALUES(4884106749980, 'Point Blanc', '1813-11-20', 11, 9);
INSERT INTO Person(name, birth) VALUES('Anthony Horowitz', '1776-7-26');
INSERT INTO BookWriter(idWriter, ISBN) VALUES(156, 4884106749980);
INSERT INTO BookGenre(ISBN, idGenre) VALUES(4884106749980, 8);
INSERT INTO Book(ISBN, name, publication, edition, idPublisher) VALUES(8955830074744, 'The Pickwick Papers', '1814-7-3', 9, 10);
INSERT INTO Person(name, birth) VALUES('Charles Dickens', '1724-8-10');
INSERT INTO BookWriter(idWriter, ISBN) VALUES(157, 8955830074744);
INSERT INTO Book(ISBN, name, publication, edition, idPublisher) VALUES(3705767081284, 'Stormbreaker', '1954-9-12', 13, 10);
INSERT INTO Person(name, birth) VALUES('Anthony Horowitz', '1969-13-8');
INSERT INTO BookWriter(idWriter, ISBN) VALUES(158, 3705767081284);
INSERT INTO Book(ISBN, name, publication, edition, idPublisher) VALUES(9664739766930, 'The Wasp Factory', '1891-1-10', 6, 5);
INSERT INTO Person(name, birth) VALUES('Iain Banks', '1726-2-15');
INSERT INTO BookWriter(idWriter, ISBN) VALUES(159, 9664739766930);
INSERT INTO Book(ISBN, name, publication, edition, idPublisher) VALUES(9760818237731, 'The Day of the Jackal', '1901-9-13', 9, 2);
INSERT INTO Person(name, birth) VALUES('Frederick Forsyth', '1761-2-29');
INSERT INTO BookWriter(idWriter, ISBN) VALUES(160, 9760818237731);
INSERT INTO Book(ISBN, name, publication, edition, idPublisher) VALUES(3829160521539, 'The Illustrated Mum', '1892-12-27', 7, 10);
INSERT INTO Person(name, birth) VALUES('Jacqueline Wilson', '1951-7-16');
INSERT INTO BookWriter(idWriter, ISBN) VALUES(161, 3829160521539);
INSERT INTO BookGenre(ISBN, idGenre) VALUES(3829160521539, 7);
INSERT INTO Book(ISBN, name, publication, edition, idPublisher) VALUES(9776227063190, 'Jude the Obscure', '1722-3-11', 2, 9);
INSERT INTO Person(name, birth) VALUES('Thomas Hardy', '1715-7-25');
INSERT INTO BookWriter(idWriter, ISBN) VALUES(162, 9776227063190);
INSERT INTO Book(ISBN, name, publication, edition, idPublisher) VALUES(3805771535965, 'The Secret Diary of Adrian Mole, Aged 13¾', '1992-3-15', 13, 10);
INSERT INTO Person(name, birth) VALUES('Sue Townsend', '1750-13-15');
INSERT INTO BookWriter(idWriter, ISBN) VALUES(163, 3805771535965);
INSERT INTO BookGenre(ISBN, idGenre) VALUES(3805771535965, 3);
INSERT INTO BookGenre(ISBN, idGenre) VALUES(3805771535965, 21);
INSERT INTO Book(ISBN, name, publication, edition, idPublisher) VALUES(3637195284162, 'The Cruel Sea', '1870-8-4', 6, 2);
INSERT INTO Person(name, birth) VALUES('Nicholas Monsarrat', '1722-9-1');
INSERT INTO BookWriter(idWriter, ISBN) VALUES(164, 3637195284162);
INSERT INTO BookGenre(ISBN, idGenre) VALUES(3637195284162, 5);
INSERT INTO Book(ISBN, name, publication, edition, idPublisher) VALUES(1508926972827, 'Les Misérables', '2007-5-7', 9, 8);
INSERT INTO Person(name, birth) VALUES('Victor Hugo', '1961-3-13');
INSERT INTO BookWriter(idWriter, ISBN) VALUES(165, 1508926972827);
INSERT INTO BookGenre(ISBN, idGenre) VALUES(1508926972827, 17);
INSERT INTO BookGenre(ISBN, idGenre) VALUES(1508926972827, 25);
INSERT INTO Book(ISBN, name, publication, edition, idPublisher) VALUES(6773036652160, 'The Mayor of Casterbridge', '1821-1-5', 12, 4);
INSERT INTO Person(name, birth) VALUES('Thomas Hardy', '1827-5-8');
INSERT INTO BookWriter(idWriter, ISBN) VALUES(166, 6773036652160);
INSERT INTO BookGenre(ISBN, idGenre) VALUES(6773036652160, 9);
INSERT INTO BookGenre(ISBN, idGenre) VALUES(6773036652160, 17);
INSERT INTO Book(ISBN, name, publication, edition, idPublisher) VALUES(2282028838499, 'The Dare Game', '1865-7-12', 9, 8);
INSERT INTO Person(name, birth) VALUES('Jacqueline Wilson', '1915-10-1');
INSERT INTO BookWriter(idWriter, ISBN) VALUES(167, 2282028838499);
INSERT INTO Book(ISBN, name, publication, edition, idPublisher) VALUES(7379084508062, 'Bad Girls', '1985-12-27', 13, 8);
INSERT INTO Person(name, birth) VALUES('Jacqueline Wilson', '1900-4-23');
INSERT INTO BookWriter(idWriter, ISBN) VALUES(168, 7379084508062);
INSERT INTO BookGenre(ISBN, idGenre) VALUES(7379084508062, 21);
INSERT INTO BookGenre(ISBN, idGenre) VALUES(7379084508062, 15);
INSERT INTO Book(ISBN, name, publication, edition, idPublisher) VALUES(4359499747446, 'The Picture of Dorian Gray', '1901-2-19', 8, 4);
INSERT INTO Person(name, birth) VALUES('Oscar Wilde', '1905-13-14');
INSERT INTO BookWriter(idWriter, ISBN) VALUES(169, 4359499747446);
INSERT INTO Book(ISBN, name, publication, edition, idPublisher) VALUES(9953727601674, 'Shōgun', '1856-6-29', 15, 8);
INSERT INTO Person(name, birth) VALUES('James Clavell', '1721-13-13');
INSERT INTO BookWriter(idWriter, ISBN) VALUES(170, 9953727601674);
INSERT INTO BookGenre(ISBN, idGenre) VALUES(9953727601674, 18);
INSERT INTO BookGenre(ISBN, idGenre) VALUES(9953727601674, 25);
INSERT INTO Book(ISBN, name, publication, edition, idPublisher) VALUES(8810772908685, 'The Day of the Triffids', '1988-6-8', 11, 1);
INSERT INTO Person(name, birth) VALUES('John Wyndham', '1756-7-9');
INSERT INTO BookWriter(idWriter, ISBN) VALUES(171, 8810772908685);
INSERT INTO BookGenre(ISBN, idGenre) VALUES(8810772908685, 6);
INSERT INTO BookGenre(ISBN, idGenre) VALUES(8810772908685, 15);
INSERT INTO Book(ISBN, name, publication, edition, idPublisher) VALUES(9077901955884, 'Lola Rose', '1828-13-24', 4, 2);
INSERT INTO Person(name, birth) VALUES('Jacqueline Wilson', '1922-7-2');
INSERT INTO BookWriter(idWriter, ISBN) VALUES(172, 9077901955884);
INSERT INTO BookGenre(ISBN, idGenre) VALUES(9077901955884, 0);
INSERT INTO BookGenre(ISBN, idGenre) VALUES(9077901955884, 24);
INSERT INTO Book(ISBN, name, publication, edition, idPublisher) VALUES(1469707605835, 'Vanity Fair', '1893-4-27', 6, 5);
INSERT INTO Person(name, birth) VALUES('William Makepeace Thackeray', '1812-9-23');
INSERT INTO BookWriter(idWriter, ISBN) VALUES(173, 1469707605835);
INSERT INTO BookGenre(ISBN, idGenre) VALUES(1469707605835, 18);
INSERT INTO BookGenre(ISBN, idGenre) VALUES(1469707605835, 2);
INSERT INTO Book(ISBN, name, publication, edition, idPublisher) VALUES(9491560830294, 'The Forsyte Saga', '1912-4-6', 10, 2);
INSERT INTO Person(name, birth) VALUES('John Galsworthy', '1712-9-28');
INSERT INTO BookWriter(idWriter, ISBN) VALUES(174, 9491560830294);
INSERT INTO BookGenre(ISBN, idGenre) VALUES(9491560830294, 28);
INSERT INTO Book(ISBN, name, publication, edition, idPublisher) VALUES(8793395360993, 'House of Leaves', '1881-2-5', 8, 6);
INSERT INTO Person(name, birth) VALUES('Mark Z. Danielewski', '1909-7-19');
INSERT INTO BookWriter(idWriter, ISBN) VALUES(175, 8793395360993);
INSERT INTO BookGenre(ISBN, idGenre) VALUES(8793395360993, 9);
INSERT INTO BookGenre(ISBN, idGenre) VALUES(8793395360993, 4);
INSERT INTO Book(ISBN, name, publication, edition, idPublisher) VALUES(5272205862832, 'The Poisonwood Bible', '1829-2-28', 9, 10);
INSERT INTO Person(name, birth) VALUES('Barbara Kingsolver', '1933-5-28');
INSERT INTO BookWriter(idWriter, ISBN) VALUES(176, 5272205862832);
INSERT INTO BookGenre(ISBN, idGenre) VALUES(5272205862832, 24);
INSERT INTO Book(ISBN, name, publication, edition, idPublisher) VALUES(8004388161665, 'Reaper Man', '1870-12-24', 11, 8);
INSERT INTO Person(name, birth) VALUES('Terry Pratchett', '1743-13-21');
INSERT INTO BookWriter(idWriter, ISBN) VALUES(177, 8004388161665);
INSERT INTO BookGenre(ISBN, idGenre) VALUES(8004388161665, 28);
INSERT INTO BookGenre(ISBN, idGenre) VALUES(8004388161665, 13);
INSERT INTO Book(ISBN, name, publication, edition, idPublisher) VALUES(9921167210626, 'Angus, Thongs and Full-Frontal Snogging', '1862-7-17', 8, 2);
INSERT INTO Person(name, birth) VALUES('Louise Rennison', '1729-5-10');
INSERT INTO BookWriter(idWriter, ISBN) VALUES(178, 9921167210626);
INSERT INTO Book(ISBN, name, publication, edition, idPublisher) VALUES(1000506555241, 'The Hound of the Baskervilles', '1816-12-1', 12, 6);
INSERT INTO Person(name, birth) VALUES('Arthur Conan Doyle', '1736-10-11');
INSERT INTO BookWriter(idWriter, ISBN) VALUES(179, 1000506555241);
INSERT INTO BookGenre(ISBN, idGenre) VALUES(1000506555241, 1);
INSERT INTO Book(ISBN, name, publication, edition, idPublisher) VALUES(5860672788346, 'Possession: A Romance', '1821-2-16', 13, 2);
INSERT INTO Person(name, birth) VALUES('A. S. Byatt', '1878-11-13');
INSERT INTO BookWriter(idWriter, ISBN) VALUES(180, 5860672788346);
INSERT INTO Book(ISBN, name, publication, edition, idPublisher) VALUES(2303385271930, 'The Master and Margarita', '1886-8-3', 9, 5);
INSERT INTO Person(name, birth) VALUES('Mikhail Bulgakov', '1723-8-18');
INSERT INTO BookWriter(idWriter, ISBN) VALUES(181, 2303385271930);
INSERT INTO BookGenre(ISBN, idGenre) VALUES(2303385271930, 19);
INSERT INTO BookGenre(ISBN, idGenre) VALUES(2303385271930, 11);
INSERT INTO Book(ISBN, name, publication, edition, idPublisher) VALUES(5670797270658, 'The Handmaids Tale', '2016-11-23', 5, 1);
INSERT INTO Person(name, birth) VALUES('Margaret Atwood', '1951-5-19');
INSERT INTO BookWriter(idWriter, ISBN) VALUES(182, 5670797270658);
INSERT INTO BookGenre(ISBN, idGenre) VALUES(5670797270658, 14);
INSERT INTO BookGenre(ISBN, idGenre) VALUES(5670797270658, 29);
INSERT INTO Book(ISBN, name, publication, edition, idPublisher) VALUES(4765144306177, 'Danny, the Champion of the World', '1870-2-9', 13, 4);
INSERT INTO Person(name, birth) VALUES('Roald Dahl', '1701-13-25');
INSERT INTO BookWriter(idWriter, ISBN) VALUES(183, 4765144306177);
INSERT INTO BookGenre(ISBN, idGenre) VALUES(4765144306177, 27);
INSERT INTO BookGenre(ISBN, idGenre) VALUES(4765144306177, 14);
INSERT INTO Book(ISBN, name, publication, edition, idPublisher) VALUES(1951420645423, 'East of Eden', '1732-6-19', 11, 6);
INSERT INTO Person(name, birth) VALUES('John Steinbeck', '1740-11-24');
INSERT INTO BookWriter(idWriter, ISBN) VALUES(184, 1951420645423);
INSERT INTO BookGenre(ISBN, idGenre) VALUES(1951420645423, 5);
INSERT INTO Book(ISBN, name, publication, edition, idPublisher) VALUES(3753763964150, 'Georges Marvellous Medicine', '1740-1-21', 2, 8);
INSERT INTO Person(name, birth) VALUES('Roald Dahl', '1825-9-16');
INSERT INTO BookWriter(idWriter, ISBN) VALUES(185, 3753763964150);
INSERT INTO BookGenre(ISBN, idGenre) VALUES(3753763964150, 0);
INSERT INTO BookGenre(ISBN, idGenre) VALUES(3753763964150, 27);
INSERT INTO Book(ISBN, name, publication, edition, idPublisher) VALUES(5979389474394, 'Wyrd Sisters', '2018-9-17', 12, 10);
INSERT INTO Person(name, birth) VALUES('Terry Pratchett', '1758-5-29');
INSERT INTO BookWriter(idWriter, ISBN) VALUES(186, 5979389474394);
INSERT INTO Book(ISBN, name, publication, edition, idPublisher) VALUES(6057446199556, 'The Color Purple', '1871-4-1', 15, 7);
INSERT INTO Person(name, birth) VALUES('Alice Walker', '1962-13-7');
INSERT INTO BookWriter(idWriter, ISBN) VALUES(187, 6057446199556);
INSERT INTO BookGenre(ISBN, idGenre) VALUES(6057446199556, 22);
INSERT INTO Book(ISBN, name, publication, edition, idPublisher) VALUES(5497592354940, 'Hogfather', '1942-4-28', 13, 2);
INSERT INTO Person(name, birth) VALUES('Terry Pratchett', '1848-8-23');
INSERT INTO BookWriter(idWriter, ISBN) VALUES(188, 5497592354940);
INSERT INTO Book(ISBN, name, publication, edition, idPublisher) VALUES(1592340496418, 'The Thirty-Nine Steps', '1981-9-8', 10, 9);
INSERT INTO Person(name, birth) VALUES('John Buchan', '1748-13-11');
INSERT INTO BookWriter(idWriter, ISBN) VALUES(189, 1592340496418);
INSERT INTO Book(ISBN, name, publication, edition, idPublisher) VALUES(4925546996938, 'Girls in Tears', '1999-11-20', 8, 5);
INSERT INTO Person(name, birth) VALUES('Jacqueline Wilson', '1829-13-28');
INSERT INTO BookWriter(idWriter, ISBN) VALUES(190, 4925546996938);
INSERT INTO BookGenre(ISBN, idGenre) VALUES(4925546996938, 6);
INSERT INTO Book(ISBN, name, publication, edition, idPublisher) VALUES(3102301808929, 'Sleepovers', '1928-11-6', 8, 8);
INSERT INTO Person(name, birth) VALUES('Jacqueline Wilson', '1857-7-23');
INSERT INTO BookWriter(idWriter, ISBN) VALUES(191, 3102301808929);
INSERT INTO Book(ISBN, name, publication, edition, idPublisher) VALUES(1928870085389, 'All Quiet on the Western Front', '1951-8-14', 3, 6);
INSERT INTO Person(name, birth) VALUES('Erich Maria Remarque', '1994-2-20');
INSERT INTO BookWriter(idWriter, ISBN) VALUES(192, 1928870085389);
INSERT INTO BookGenre(ISBN, idGenre) VALUES(1928870085389, 2);
INSERT INTO Book(ISBN, name, publication, edition, idPublisher) VALUES(5466485170056, 'Behind the Scenes at the Museum', '1881-10-9', 5, 4);
INSERT INTO Person(name, birth) VALUES('Kate Atkinson', '1806-2-22');
INSERT INTO BookWriter(idWriter, ISBN) VALUES(193, 5466485170056);
INSERT INTO Book(ISBN, name, publication, edition, idPublisher) VALUES(6121810463463, 'High Fidelity', '1954-6-16', 8, 1);
INSERT INTO Person(name, birth) VALUES('Nick Hornby', '1946-8-12');
INSERT INTO BookWriter(idWriter, ISBN) VALUES(194, 6121810463463);
INSERT INTO BookGenre(ISBN, idGenre) VALUES(6121810463463, 15);
INSERT INTO BookGenre(ISBN, idGenre) VALUES(6121810463463, 28);
INSERT INTO Book(ISBN, name, publication, edition, idPublisher) VALUES(1062605450149, 'It', '1927-2-28', 10, 8);
INSERT INTO Person(name, birth) VALUES('Stephen King', '1724-11-26');
INSERT INTO BookWriter(idWriter, ISBN) VALUES(195, 1062605450149);
INSERT INTO BookGenre(ISBN, idGenre) VALUES(1062605450149, 3);
INSERT INTO Book(ISBN, name, publication, edition, idPublisher) VALUES(7038965071405, 'James and the Giant Peach', '1903-8-23', 3, 10);
INSERT INTO Person(name, birth) VALUES('Roald Dahl', '1717-5-25');
INSERT INTO BookWriter(idWriter, ISBN) VALUES(196, 7038965071405);
INSERT INTO BookGenre(ISBN, idGenre) VALUES(7038965071405, 4);
INSERT INTO Book(ISBN, name, publication, edition, idPublisher) VALUES(3896244499391, 'The Green Mile', '1938-10-27', 2, 3);
INSERT INTO Person(name, birth) VALUES('Stephen King', '1970-7-12');
INSERT INTO BookWriter(idWriter, ISBN) VALUES(197, 3896244499391);
INSERT INTO BookGenre(ISBN, idGenre) VALUES(3896244499391, 2);
INSERT INTO BookGenre(ISBN, idGenre) VALUES(3896244499391, 14);
INSERT INTO Book(ISBN, name, publication, edition, idPublisher) VALUES(3243923327156, 'Papillon', '1729-4-24', 1, 9);
INSERT INTO Person(name, birth) VALUES('Henri Charrière', '2003-11-5');
INSERT INTO BookWriter(idWriter, ISBN) VALUES(198, 3243923327156);
INSERT INTO Book(ISBN, name, publication, edition, idPublisher) VALUES(9965678372443, 'Men at Arms', '1836-9-11', 2, 10);
INSERT INTO Person(name, birth) VALUES('Terry Pratchett', '1917-9-9');
INSERT INTO BookWriter(idWriter, ISBN) VALUES(199, 9965678372443);
INSERT INTO BookGenre(ISBN, idGenre) VALUES(9965678372443, 2);
INSERT INTO Book(ISBN, name, publication, edition, idPublisher) VALUES(6020945977646, 'Master and Commander', '1801-1-21', 7, 8);
INSERT INTO Person(name, birth) VALUES('Patrick OBrian', '1720-7-3');
INSERT INTO BookWriter(idWriter, ISBN) VALUES(200, 6020945977646);
INSERT INTO Book(ISBN, name, publication, edition, idPublisher) VALUES(5050238391122, 'Skeleton Key', '1863-8-10', 5, 4);
INSERT INTO Person(name, birth) VALUES('Anthony Horowitz', '1786-1-10');
INSERT INTO BookWriter(idWriter, ISBN) VALUES(201, 5050238391122);
INSERT INTO BookGenre(ISBN, idGenre) VALUES(5050238391122, 25);
INSERT INTO Book(ISBN, name, publication, edition, idPublisher) VALUES(6798855315300, 'Soul Music', '1804-13-3', 10, 6);
INSERT INTO Person(name, birth) VALUES('Terry Pratchett', '1750-2-19');
INSERT INTO BookWriter(idWriter, ISBN) VALUES(202, 6798855315300);
INSERT INTO Book(ISBN, name, publication, edition, idPublisher) VALUES(4781157984248, 'Thief of Time', '1877-7-28', 3, 3);
INSERT INTO Person(name, birth) VALUES('Terry Pratchett', '1710-3-3');
INSERT INTO BookWriter(idWriter, ISBN) VALUES(203, 4781157984248);
INSERT INTO BookGenre(ISBN, idGenre) VALUES(4781157984248, 2);
INSERT INTO Book(ISBN, name, publication, edition, idPublisher) VALUES(9732656550018, 'The Fifth Elephant', '1819-10-6', 11, 9);
INSERT INTO Person(name, birth) VALUES('Terry Pratchett', '1700-1-11');
INSERT INTO BookWriter(idWriter, ISBN) VALUES(204, 9732656550018);
INSERT INTO Book(ISBN, name, publication, edition, idPublisher) VALUES(8128771068025, 'Atonement', '1856-13-26', 2, 6);
INSERT INTO Person(name, birth) VALUES('Ian McEwan', '1700-6-18');
INSERT INTO BookWriter(idWriter, ISBN) VALUES(205, 8128771068025);
INSERT INTO BookGenre(ISBN, idGenre) VALUES(8128771068025, 7);
INSERT INTO Book(ISBN, name, publication, edition, idPublisher) VALUES(1584553468575, 'Secrets', '1798-1-9', 3, 8);
INSERT INTO Person(name, birth) VALUES('Jacqueline Wilson', '1717-6-22');
INSERT INTO BookWriter(idWriter, ISBN) VALUES(206, 1584553468575);
INSERT INTO BookGenre(ISBN, idGenre) VALUES(1584553468575, 1);
INSERT INTO Book(ISBN, name, publication, edition, idPublisher) VALUES(1973039667204, 'The Silver Sword', '1773-3-11', 5, 9);
INSERT INTO Person(name, birth) VALUES('Ian Serraillier', '1843-8-19');
INSERT INTO BookWriter(idWriter, ISBN) VALUES(207, 1973039667204);
INSERT INTO Book(ISBN, name, publication, edition, idPublisher) VALUES(4352122201137, 'One Flew Over the Cuckoos Nest', '1842-5-5', 3, 3);
INSERT INTO Person(name, birth) VALUES('Ken Kesey', '1976-8-25');
INSERT INTO BookWriter(idWriter, ISBN) VALUES(208, 4352122201137);
INSERT INTO BookGenre(ISBN, idGenre) VALUES(4352122201137, 17);
INSERT INTO Book(ISBN, name, publication, edition, idPublisher) VALUES(9253638070734, 'Heart of Darkness', '1834-4-16', 12, 6);
INSERT INTO Person(name, birth) VALUES('Joseph Conrad', '1768-9-6');
INSERT INTO BookWriter(idWriter, ISBN) VALUES(209, 9253638070734);
INSERT INTO Book(ISBN, name, publication, edition, idPublisher) VALUES(1936729339045, 'Kim', '2019-12-20', 5, 1);
INSERT INTO Person(name, birth) VALUES('Rudyard Kipling', '1716-3-4');
INSERT INTO BookWriter(idWriter, ISBN) VALUES(210, 1936729339045);
INSERT INTO BookGenre(ISBN, idGenre) VALUES(1936729339045, 17);
INSERT INTO Book(ISBN, name, publication, edition, idPublisher) VALUES(8271001785432, 'Cross Stitch', '1765-5-5', 13, 5);
INSERT INTO Person(name, birth) VALUES('Diana Gabaldon', '1859-8-21');
INSERT INTO BookWriter(idWriter, ISBN) VALUES(211, 8271001785432);
INSERT INTO BookLanguage(ISBN, codeLanguage) VALUES(8271001785432, 'NL');
INSERT INTO BookGenre(ISBN, idGenre) VALUES(8271001785432, 4);
INSERT INTO Book(ISBN, name, publication, edition, idPublisher) VALUES(8352527465003, 'River God', '1829-2-9', 8, 8);
INSERT INTO Person(name, birth) VALUES('Wilbur Smith', '1736-5-16');
INSERT INTO BookWriter(idWriter, ISBN) VALUES(212, 8352527465003);
INSERT INTO BookGenre(ISBN, idGenre) VALUES(8352527465003, 14);
INSERT INTO Book(ISBN, name, publication, edition, idPublisher) VALUES(6883823367968, 'Sunset Song', '1942-12-5', 15, 5);
INSERT INTO Person(name, birth) VALUES('Lewis Grassic Gibbon', '1759-3-10');
INSERT INTO BookWriter(idWriter, ISBN) VALUES(213, 6883823367968);
INSERT INTO BookGenre(ISBN, idGenre) VALUES(6883823367968, 9);
INSERT INTO Book(ISBN, name, publication, edition, idPublisher) VALUES(2033336236025, 'The Shipping News', '1888-4-19', 10, 2);
INSERT INTO Person(name, birth) VALUES('E. Annie Proulx', '1810-4-6');
INSERT INTO BookWriter(idWriter, ISBN) VALUES(214, 2033336236025);
INSERT INTO BookGenre(ISBN, idGenre) VALUES(2033336236025, 10);
INSERT INTO BookGenre(ISBN, idGenre) VALUES(2033336236025, 28);
INSERT INTO Book(ISBN, name, publication, edition, idPublisher) VALUES(2662716878172, 'The World According to Garp', '1798-12-5', 9, 1);
INSERT INTO Person(name, birth) VALUES('John Irving', '1718-12-21');
INSERT INTO BookWriter(idWriter, ISBN) VALUES(215, 2662716878172);
INSERT INTO BookGenre(ISBN, idGenre) VALUES(2662716878172, 26);
INSERT INTO Book(ISBN, name, publication, edition, idPublisher) VALUES(3112875885613, 'Lorna Doone', '1964-1-17', 12, 4);
INSERT INTO Person(name, birth) VALUES('R. D. Blackmore', '1828-4-8');
INSERT INTO BookWriter(idWriter, ISBN) VALUES(216, 3112875885613);
INSERT INTO Book(ISBN, name, publication, edition, idPublisher) VALUES(1483792746698, 'Girls Out Late', '1850-6-9', 13, 2);
INSERT INTO Person(name, birth) VALUES('Jacqueline Wilson', '1851-13-18');
INSERT INTO BookWriter(idWriter, ISBN) VALUES(217, 1483792746698);
INSERT INTO Book(ISBN, name, publication, edition, idPublisher) VALUES(3209281290029, 'The Far Pavilions', '1798-13-11', 9, 1);
INSERT INTO Person(name, birth) VALUES('M. M. Kaye', '1914-9-7');
INSERT INTO BookWriter(idWriter, ISBN) VALUES(218, 3209281290029);
INSERT INTO BookGenre(ISBN, idGenre) VALUES(3209281290029, 23);
INSERT INTO Book(ISBN, name, publication, edition, idPublisher) VALUES(8010269124182, 'The Witches', '1806-9-13', 11, 2);
INSERT INTO Person(name, birth) VALUES('Roald Dahl', '1824-10-4');
INSERT INTO BookWriter(idWriter, ISBN) VALUES(219, 8010269124182);
INSERT INTO BookGenre(ISBN, idGenre) VALUES(8010269124182, 24);
INSERT INTO BookGenre(ISBN, idGenre) VALUES(8010269124182, 23);
INSERT INTO Book(ISBN, name, publication, edition, idPublisher) VALUES(9443076805834, 'Charlottes Web', '1814-9-3', 8, 8);
INSERT INTO Person(name, birth) VALUES('E. B. White', '1839-5-11');
INSERT INTO BookWriter(idWriter, ISBN) VALUES(220, 9443076805834);
INSERT INTO Book(ISBN, name, publication, edition, idPublisher) VALUES(9948834639998, 'Frankenstein', '1781-3-6', 5, 1);
INSERT INTO Person(name, birth) VALUES('Mary Shelley', '1785-12-8');
INSERT INTO BookWriter(idWriter, ISBN) VALUES(221, 9948834639998);
INSERT INTO Book(ISBN, name, publication, edition, idPublisher) VALUES(5619208529862, 'They Used to Play on Grass', '1786-12-9', 4, 5);
INSERT INTO Person(name, birth) VALUES('Terry Venables', '1810-1-20');
INSERT INTO BookWriter(idWriter, ISBN) VALUES(222, 5619208529862);
INSERT INTO Person(name, birth) VALUES('Gordon Williams', '1742-1-17');
INSERT INTO BookWriter(idWriter, ISBN) VALUES(223, 5619208529862);
INSERT INTO BookGenre(ISBN, idGenre) VALUES(5619208529862, 7);
INSERT INTO BookGenre(ISBN, idGenre) VALUES(5619208529862, 19);
INSERT INTO Book(ISBN, name, publication, edition, idPublisher) VALUES(1531634155515, 'The Old Man and the Sea', '1754-1-21', 13, 5);
INSERT INTO Person(name, birth) VALUES('Ernest Hemingway', '1899-9-11');
INSERT INTO BookWriter(idWriter, ISBN) VALUES(224, 1531634155515);
INSERT INTO Book(ISBN, name, publication, edition, idPublisher) VALUES(7429800227619, 'The Name of the Rose', '1913-6-12', 14, 5);
INSERT INTO Person(name, birth) VALUES('Umberto Eco', '1844-9-14');
INSERT INTO BookWriter(idWriter, ISBN) VALUES(225, 7429800227619);
INSERT INTO BookGenre(ISBN, idGenre) VALUES(7429800227619, 2);
INSERT INTO BookGenre(ISBN, idGenre) VALUES(7429800227619, 11);
INSERT INTO Book(ISBN, name, publication, edition, idPublisher) VALUES(6709957915321, 'Sophies World', '1805-7-26', 3, 10);
INSERT INTO Person(name, birth) VALUES('Jostein Gaarder', '1715-4-8');
INSERT INTO BookWriter(idWriter, ISBN) VALUES(226, 6709957915321);
INSERT INTO BookGenre(ISBN, idGenre) VALUES(6709957915321, 26);
INSERT INTO Book(ISBN, name, publication, edition, idPublisher) VALUES(3716840544059, 'Dustbin Baby', '1929-11-20', 1, 1);
INSERT INTO Person(name, birth) VALUES('Jacqueline Wilson', '1814-3-13');
INSERT INTO BookWriter(idWriter, ISBN) VALUES(227, 3716840544059);
INSERT INTO BookGenre(ISBN, idGenre) VALUES(3716840544059, 9);
INSERT INTO BookGenre(ISBN, idGenre) VALUES(3716840544059, 7);
INSERT INTO Book(ISBN, name, publication, edition, idPublisher) VALUES(1648460890341, 'Fantastic Mr Fox', '1755-10-19', 3, 9);
INSERT INTO Person(name, birth) VALUES('Roald Dahl', '1764-10-6');
INSERT INTO BookWriter(idWriter, ISBN) VALUES(228, 1648460890341);
INSERT INTO BookGenre(ISBN, idGenre) VALUES(1648460890341, 3);
INSERT INTO BookGenre(ISBN, idGenre) VALUES(1648460890341, 12);
INSERT INTO Book(ISBN, name, publication, edition, idPublisher) VALUES(4281749461372, 'Lolita', '1984-2-6', 2, 9);
INSERT INTO Person(name, birth) VALUES('Vladimir Nabokov', '1859-11-20');
INSERT INTO BookWriter(idWriter, ISBN) VALUES(229, 4281749461372);
INSERT INTO Book(ISBN, name, publication, edition, idPublisher) VALUES(6229963476584, 'Jonathan Livingston Seagull', '1839-6-20', 13, 2);
INSERT INTO Person(name, birth) VALUES('Richard Bach', '1757-11-28');
INSERT INTO BookWriter(idWriter, ISBN) VALUES(230, 6229963476584);
INSERT INTO Book(ISBN, name, publication, edition, idPublisher) VALUES(5790066645590, 'The Little Prince', '1772-9-11', 7, 4);
INSERT INTO Person(name, birth) VALUES('Antoine de Saint-Exupéry', '1799-5-28');
INSERT INTO BookWriter(idWriter, ISBN) VALUES(231, 5790066645590);
INSERT INTO BookGenre(ISBN, idGenre) VALUES(5790066645590, 25);
INSERT INTO BookGenre(ISBN, idGenre) VALUES(5790066645590, 26);
INSERT INTO Book(ISBN, name, publication, edition, idPublisher) VALUES(9995986310994, 'The Suitcase Kid', '1760-6-9', 3, 2);
INSERT INTO Person(name, birth) VALUES('Jacqueline Wilson', '1964-7-27');
INSERT INTO BookWriter(idWriter, ISBN) VALUES(232, 9995986310994);
INSERT INTO BookGenre(ISBN, idGenre) VALUES(9995986310994, 7);
INSERT INTO Book(ISBN, name, publication, edition, idPublisher) VALUES(2238019525514, 'Oliver Twist', '1744-4-10', 1, 4);
INSERT INTO Person(name, birth) VALUES('Charles Dickens', '1981-9-24');
INSERT INTO BookWriter(idWriter, ISBN) VALUES(233, 2238019525514);
INSERT INTO Book(ISBN, name, publication, edition, idPublisher) VALUES(4493953761305, 'The Power of One', '1726-10-23', 13, 10);
INSERT INTO Person(name, birth) VALUES('Bryce Courtenay', '1948-6-18');
INSERT INTO BookWriter(idWriter, ISBN) VALUES(234, 4493953761305);
INSERT INTO BookGenre(ISBN, idGenre) VALUES(4493953761305, 20);
INSERT INTO BookGenre(ISBN, idGenre) VALUES(4493953761305, 12);
INSERT INTO Book(ISBN, name, publication, edition, idPublisher) VALUES(4089876362912, 'Silas Marner', '1767-2-5', 8, 8);
INSERT INTO Person(name, birth) VALUES('George Eliot', '1963-7-3');
INSERT INTO BookWriter(idWriter, ISBN) VALUES(235, 4089876362912);
INSERT INTO BookGenre(ISBN, idGenre) VALUES(4089876362912, 4);
INSERT INTO Book(ISBN, name, publication, edition, idPublisher) VALUES(4671891912380, 'American Psycho', '1735-2-12', 8, 5);
INSERT INTO Person(name, birth) VALUES('Bret Easton Ellis', '1984-8-25');
INSERT INTO BookWriter(idWriter, ISBN) VALUES(236, 4671891912380);
INSERT INTO BookGenre(ISBN, idGenre) VALUES(4671891912380, 17);
INSERT INTO Book(ISBN, name, publication, edition, idPublisher) VALUES(4425224885607, 'The Diary of a Nobody', '1800-5-10', 14, 1);
INSERT INTO Person(name, birth) VALUES('George Grossmith', '1780-1-4');
INSERT INTO BookWriter(idWriter, ISBN) VALUES(237, 4425224885607);
INSERT INTO Person(name, birth) VALUES('Weedon Grossmith', '1991-5-12');
INSERT INTO BookWriter(idWriter, ISBN) VALUES(238, 4425224885607);
INSERT INTO BookGenre(ISBN, idGenre) VALUES(4425224885607, 6);
INSERT INTO Book(ISBN, name, publication, edition, idPublisher) VALUES(4532156506487, 'Trainspotting', '1940-8-22', 8, 10);
INSERT INTO Person(name, birth) VALUES('Irvine Welsh', '1945-6-10');
INSERT INTO BookWriter(idWriter, ISBN) VALUES(239, 4532156506487);
INSERT INTO BookGenre(ISBN, idGenre) VALUES(4532156506487, 15);
INSERT INTO BookGenre(ISBN, idGenre) VALUES(4532156506487, 6);
INSERT INTO Book(ISBN, name, publication, edition, idPublisher) VALUES(6170027993242, 'Goosebumps', '1883-10-29', 5, 3);
INSERT INTO Person(name, birth) VALUES('R. L. Stine', '1769-4-11');
INSERT INTO BookWriter(idWriter, ISBN) VALUES(240, 6170027993242);
INSERT INTO BookGenre(ISBN, idGenre) VALUES(6170027993242, 2);
INSERT INTO BookGenre(ISBN, idGenre) VALUES(6170027993242, 6);
INSERT INTO Book(ISBN, name, publication, edition, idPublisher) VALUES(3756690671569, 'Heidi', '1858-12-21', 7, 1);
INSERT INTO Person(name, birth) VALUES('Johanna Spyri', '1990-2-16');
INSERT INTO BookWriter(idWriter, ISBN) VALUES(241, 3756690671569);
INSERT INTO BookGenre(ISBN, idGenre) VALUES(3756690671569, 0);
INSERT INTO Book(ISBN, name, publication, edition, idPublisher) VALUES(5064275367647, 'Sons and Lovers', '1832-3-6', 7, 7);
INSERT INTO Person(name, birth) VALUES('D. H. Lawrence', '1938-1-16');
INSERT INTO BookWriter(idWriter, ISBN) VALUES(242, 5064275367647);
INSERT INTO Book(ISBN, name, publication, edition, idPublisher) VALUES(4503834524591, 'The Unbearable Lightness of Being', '1836-6-5', 12, 8);
INSERT INTO Person(name, birth) VALUES('Milan Kundera', '1733-9-29');
INSERT INTO BookWriter(idWriter, ISBN) VALUES(243, 4503834524591);
INSERT INTO Book(ISBN, name, publication, edition, idPublisher) VALUES(5733182491860, 'Man and Boy', '1724-5-29', 10, 10);
INSERT INTO Person(name, birth) VALUES('Tony Parsons', '1703-12-6');
INSERT INTO BookWriter(idWriter, ISBN) VALUES(244, 5733182491860);
INSERT INTO Book(ISBN, name, publication, edition, idPublisher) VALUES(1590620443058, 'The Truth', '1939-2-17', 2, 7);
INSERT INTO Person(name, birth) VALUES('Terry Pratchett', '1992-1-9');
INSERT INTO BookWriter(idWriter, ISBN) VALUES(245, 1590620443058);
INSERT INTO BookGenre(ISBN, idGenre) VALUES(1590620443058, 15);
INSERT INTO BookGenre(ISBN, idGenre) VALUES(1590620443058, 12);
INSERT INTO Book(ISBN, name, publication, edition, idPublisher) VALUES(2727655229028, 'The War of the Worlds', '1753-2-20', 10, 9);
INSERT INTO Person(name, birth) VALUES('H. G. Wells', '1756-4-10');
INSERT INTO BookWriter(idWriter, ISBN) VALUES(246, 2727655229028);
INSERT INTO Book(ISBN, name, publication, edition, idPublisher) VALUES(2485669360950, 'The Horse Whisperer', '1958-3-6', 10, 10);
INSERT INTO Person(name, birth) VALUES('Nicholas Evans', '1985-9-26');
INSERT INTO BookWriter(idWriter, ISBN) VALUES(247, 2485669360950);
INSERT INTO Book(ISBN, name, publication, edition, idPublisher) VALUES(4990151515092, 'A Fine Balance', '1771-2-25', 5, 9);
INSERT INTO Person(name, birth) VALUES('Rohinton Mistry', '1906-9-23');
INSERT INTO BookWriter(idWriter, ISBN) VALUES(248, 4990151515092);
INSERT INTO Book(ISBN, name, publication, edition, idPublisher) VALUES(3555394797011, 'Witches Abroad', '1781-3-16', 14, 1);
INSERT INTO Person(name, birth) VALUES('Terry Pratchett', '1737-4-26');
INSERT INTO BookWriter(idWriter, ISBN) VALUES(249, 3555394797011);
INSERT INTO Book(ISBN, name, publication, edition, idPublisher) VALUES(7829140902117, 'The Once and Future King', '1958-8-19', 3, 7);
INSERT INTO Person(name, birth) VALUES('T. H. White', '1975-8-4');
INSERT INTO BookWriter(idWriter, ISBN) VALUES(250, 7829140902117);
INSERT INTO BookGenre(ISBN, idGenre) VALUES(7829140902117, 7);
INSERT INTO BookGenre(ISBN, idGenre) VALUES(7829140902117, 20);
INSERT INTO Book(ISBN, name, publication, edition, idPublisher) VALUES(8145335283119, 'The Very Hungry Caterpillar', '1992-12-1', 1, 3);
INSERT INTO Person(name, birth) VALUES('Eric Carle', '1858-11-25');
INSERT INTO BookWriter(idWriter, ISBN) VALUES(251, 8145335283119);
INSERT INTO BookGenre(ISBN, idGenre) VALUES(8145335283119, 21);
INSERT INTO Book(ISBN, name, publication, edition, idPublisher) VALUES(5969385308738, 'Flowers in the Attic', '1776-13-12', 14, 2);
INSERT INTO Person(name, birth) VALUES('V. C. Andrews', '1952-9-10');
INSERT INTO BookWriter(idWriter, ISBN) VALUES(252, 5969385308738);
INSERT INTO BookGenre(ISBN, idGenre) VALUES(5969385308738, 13);
INSERT INTO Book(ISBN, name, publication, edition, idPublisher) VALUES(8283583086104, 'For Whom the Bell Tolls', '1865-9-18', 9, 10);
INSERT INTO Person(name, birth) VALUES('Ernest Hemingway', '1749-10-4');
INSERT INTO BookWriter(idWriter, ISBN) VALUES(253, 8283583086104);
