INSERT INTO Country VALUES('PT', 'Portugal');
INSERT INTO Country VALUES('UK', 'United Kingdom');
INSERT INTO Country VALUES('DE', 'Germany');
INSERT INTO Country VALUES('ES', 'Spain');
INSERT INTO Country VALUES('IT', 'Italy');
INSERT INTO Country VALUES('CZ', 'Czech Republic');
INSERT INTO Country VALUES('FR', 'France');
INSERT INTO Country VALUES('RO', 'Romania');
INSERT INTO Country VALUES('AT', 'Austria');
INSERT INTO Country VALUES('PL', 'Poland');
INSERT INTO Country VALUES('HU', 'Hungary');
INSERT INTO Country VALUES('SE', 'Sweden');
INSERT INTO Country VALUES('NL', 'Netherlands');
INSERT INTO Publisher(name) VALUES('Hachette Livre');
INSERT INTO Publisher(name) VALUES('Random House');
INSERT INTO Publisher(name) VALUES('Penguin Books');
INSERT INTO Publisher(name) VALUES('HarperCollins');
INSERT INTO Publisher(name) VALUES('Pan Macmillan');
INSERT INTO Publisher(name) VALUES('Pearson Education');
INSERT INTO Publisher(name) VALUES('Bloomsbury');
INSERT INTO Publisher(name) VALUES('Oxford University Press');
INSERT INTO Publisher(name) VALUES('Simon & Schuster');
INSERT INTO Publisher(name) VALUES('John Wiley & Sons');
INSERT INTO PaymentMethod(name) VALUES('credit card');
INSERT INTO PaymentMethod(name) VALUES('PayPal');
INSERT INTO PaymentMethod(name) VALUES('Mercado Pago');
INSERT INTO PaymentMethod(name) VALUES('Western Union');
INSERT INTO PaymentMethod(name) VALUES('Bank transfer');
INSERT INTO PaymentMethod(name) VALUES('Other');
INSERT INTO Genre(name) VALUES('Action and adventure');
INSERT INTO Genre(name) VALUES('Art');
INSERT INTO Genre(name) VALUES('Biography');
INSERT INTO Genre(name) VALUES('Children');
INSERT INTO Genre(name) VALUES('Cookbook');
INSERT INTO Genre(name) VALUES('Comic book');
INSERT INTO Genre(name) VALUES('Diary');
INSERT INTO Genre(name) VALUES('Dictionary');
INSERT INTO Genre(name) VALUES('Crime');
INSERT INTO Genre(name) VALUES('Encyclopedia');
INSERT INTO Genre(name) VALUES('Drama');
INSERT INTO Genre(name) VALUES('Health');
INSERT INTO Genre(name) VALUES('Fantasy');
INSERT INTO Genre(name) VALUES('History');
INSERT INTO Genre(name) VALUES('Graphic novel');
INSERT INTO Genre(name) VALUES('Journal');
INSERT INTO Genre(name) VALUES('Math');
INSERT INTO Genre(name) VALUES('Horror');
INSERT INTO Genre(name) VALUES('Mystery');
INSERT INTO Genre(name) VALUES('Prayer');
INSERT INTO Genre(name) VALUES('Poetry');
INSERT INTO Genre(name) VALUES('Science');
INSERT INTO Genre(name) VALUES('Romance');
INSERT INTO Genre(name) VALUES('Self help');
INSERT INTO Genre(name) VALUES('Satire');
INSERT INTO Genre(name) VALUES('Travel');
INSERT INTO Genre(name) VALUES('Science fiction');
INSERT INTO Genre(name) VALUES('Short story');
INSERT INTO Genre(name) VALUES('Suspense');
INSERT INTO Genre(name) VALUES('Thriller');
INSERT INTO Language VALUES('PT', 'Portuguese');
INSERT INTO Language VALUES('EN', 'English');
INSERT INTO Language VALUES('DE', 'German');
INSERT INTO Language VALUES('ES', 'Spanish');
INSERT INTO Language VALUES('IT', 'Italian');
INSERT INTO Language VALUES('CZ', 'Czech');
INSERT INTO Language VALUES('FR', 'French');
INSERT INTO Language VALUES('RO', 'Romanian');
INSERT INTO Language VALUES('PL', 'Polish');
INSERT INTO Language VALUES('HU', 'Hungarian');
INSERT INTO Language VALUES('SV', 'Swedish');
INSERT INTO Language VALUES('NL', 'Dutch');
INSERT INTO Locality VALUES(4323, 'Lisbon', 'PT');
INSERT INTO Locality VALUES(1088, 'Sintra', 'PT');
INSERT INTO Locality VALUES(5181, 'Porto', 'PT');
INSERT INTO Locality VALUES(8160, 'Cascais', 'PT');
INSERT INTO Locality VALUES(2376, 'Loures', 'PT');
INSERT INTO Locality VALUES(8895, 'Braga', 'PT');
INSERT INTO Locality VALUES(4539, 'Matosinhos', 'PT');
INSERT INTO Locality VALUES(2952, 'Amadora', 'PT');
INSERT INTO Locality VALUES(3224, 'Almada', 'PT');
INSERT INTO Locality VALUES(4814, 'Oeiras', 'PT');
INSERT INTO Locality VALUES(4532, 'Gondomar', 'PT');
INSERT INTO Locality VALUES(4005, 'Seixal', 'PT');
INSERT INTO Locality VALUES(6576, 'Guimarães', 'PT');
INSERT INTO Locality VALUES(3919, 'Odivelas', 'PT');
INSERT INTO Locality VALUES(8666, 'Coimbra', 'PT');
INSERT INTO Locality VALUES(1705, 'Maia', 'PT');
INSERT INTO Locality VALUES(8071, 'Leiria', 'PT');
INSERT INTO Locality VALUES(2499, 'Setúbal', 'PT');
INSERT INTO Locality VALUES(2209, 'Barcelos', 'PT');
INSERT INTO Locality VALUES(2317, 'Funchal', 'PT');
INSERT INTO Locality VALUES(8515, 'Ermesinde', 'PT');
INSERT INTO Locality VALUES(9173, 'Vila Real', 'PT');
INSERT INTO Locality VALUES(8181, 'London', 'UK');
INSERT INTO Locality VALUES(8193, 'Berlin', 'DE');
INSERT INTO Locality VALUES(9659, 'Madrid', 'ES');
INSERT INTO Locality VALUES(9871, 'Roma', 'IT');
INSERT INTO Locality VALUES(9126, 'Paris', 'FR');
INSERT INTO Locality VALUES(1447, 'Bucharest', 'RO');
INSERT INTO Locality VALUES(2249, 'Vienna', 'AT');
INSERT INTO Locality VALUES(6221, 'Hamburg', 'DE');
INSERT INTO Locality VALUES(3442, 'Warsaw', 'PL');
INSERT INTO Locality VALUES(1745, 'Budapest', 'HU');
INSERT INTO Locality VALUES(4885, 'Barcelona', 'ES');
INSERT INTO Locality VALUES(2073, 'Munich', 'DE');
INSERT INTO Locality VALUES(1888, 'Milan', 'IT');
INSERT INTO Locality VALUES(4940, 'Prague', 'CZ');
INSERT INTO Locality VALUES(1570, 'Cologne', 'DE');
INSERT INTO Locality VALUES(5078, 'Stockholm', 'SE');
INSERT INTO Locality VALUES(4650, 'Naples', 'IT');
INSERT INTO Locality VALUES(4503, 'Turin', 'IT');
INSERT INTO Locality VALUES(7338, 'Amsterdam', 'NL');
INSERT INTO Locality VALUES(4610, 'Marseille', 'FR');
INSERT INTO Locality VALUES(9476, 'Valencia', 'ES');
INSERT INTO Locality VALUES(1208, 'Cracow', 'PL');
INSERT INTO Locality VALUES(2423, 'Frankfurt', 'DE');
INSERT INTO Locality VALUES(5227, 'Seville', 'ES');
INSERT INTO Locality VALUES(2609, 'Łódź', 'PL');
INSERT INTO Locality VALUES(3835, 'Zaragoza', 'ES');
INSERT INTO Locality VALUES(6839, 'Palermo', 'IT');
INSERT INTO Locality VALUES(3088, 'Rotterdam', 'NL');
INSERT INTO Person(name, birth) VALUES('Donita Dombrowski', '1942-4-30');
INSERT INTO User(idPerson, contact, email, account, address, streetCode, localityCode) VALUES(1, 927098642, 'HiBuggy@gmail.com', 10079051718896, '698, Alexander Road, Lisbon PT', 211, 4323);
INSERT INTO Person(name, birth) VALUES('Sirena Swoboda', '1952-1-4');
INSERT INTO User(idPerson, contact, email, account, address, streetCode, localityCode) VALUES(2, 969178684, 'CheesyNible@gmail.com', 89263000795584, '747, New Street, Rotterdam NL', 665, 3088);
INSERT INTO Person(name, birth) VALUES('Kaye Krell', '1943-9-27');
INSERT INTO User(idPerson, contact, email, account, address, streetCode, localityCode) VALUES(3, 961549719, 'WorkOfholly@gmail.com', 10620934405547, '157, Chester Road, Milan IT', 369, 1888);
INSERT INTO Person(name, birth) VALUES('Cheryll Consolini', '1999-12-25');
INSERT INTO User(idPerson, contact, email, account, address, streetCode, localityCode) VALUES(4, 978468593, 'MrLucky@gmail.com', 64649808556391, '279, High Street, Cracow PL', 496, 1208);
INSERT INTO Person(name, birth) VALUES('Britney Blunk', '1958-5-20');
INSERT INTO User(idPerson, contact, email, account, address, streetCode, localityCode) VALUES(5, 981206649, 'TeenTouch@gmail.com', 36527628998367, '468, The Drive, Matosinhos PT', 521, 4539);
INSERT INTO Person(name, birth) VALUES('Janeen Jacks', '1959-9-17');
INSERT INTO User(idPerson, contact, email, account, address, streetCode, localityCode) VALUES(6, 911305711, 'DraculaNurse@gmail.com', 48665800992303, '874, Windsor Road, Prague CZ', 967, 4940);
INSERT INTO Person(name, birth) VALUES('Lacy Linzy', '1942-3-12');
INSERT INTO User(idPerson, contact, email, account, address, streetCode, localityCode) VALUES(7, 905720479, 'MistakeManager@gmail.com', 90369773251200, '423, West Street, Vienna AT', 797, 2249);
INSERT INTO Person(name, birth) VALUES('Selena Strohmeyer', '1957-11-19');
INSERT INTO User(idPerson, contact, email, account, address, streetCode, localityCode) VALUES(8, 908646635, 'GuillotineJaycee@gmail.com', 31532032176676, '569, West Street, Amadora PT', 949, 2952);
INSERT INTO Person(name, birth) VALUES('Linn Laporte', '1958-2-12');
INSERT INTO User(idPerson, contact, email, account, address, streetCode, localityCode) VALUES(9, 924284311, 'CutiePieShop@gmail.com', 44635674907587, '683, Green Lane, Cologne DE', 695, 1570);
INSERT INTO Person(name, birth) VALUES('Noelia Neil', '1991-11-12');
INSERT INTO User(idPerson, contact, email, account, address, streetCode, localityCode) VALUES(10, 950126718, 'PeaceHug@gmail.com', 70296035312061, '689, Queen Street, Cascais PT', 128, 8160);
INSERT INTO Person(name, birth) VALUES('Elwood Eggers', '1956-2-24');
INSERT INTO User(idPerson, contact, email, account, address, streetCode, localityCode) VALUES(11, 986289590, 'CouldntFindGoodName@gmail.com', 33099737615952, '526, The Avenue, Lisbon PT', 405, 4323);
INSERT INTO Person(name, birth) VALUES('Chi Cloe', '1979-12-5');
INSERT INTO User(idPerson, contact, email, account, address, streetCode, localityCode) VALUES(12, 975191027, 'ImaCompleteCyclePath@gmail.com', 22530691993185, '407, King Street, Barcelona ES', 166, 4885);
INSERT INTO Person(name, birth) VALUES('Williemae Walkes', '1973-2-11');
INSERT INTO User(idPerson, contact, email, account, address, streetCode, localityCode) VALUES(13, 950704666, 'BarberCut@gmail.com', 77480453935970, '271, North Road, Gondomar PT', 860, 4532);
INSERT INTO Person(name, birth) VALUES('Helena Hunnicutt', '1971-10-15');
INSERT INTO User(idPerson, contact, email, account, address, streetCode, localityCode) VALUES(14, 998661550, 'AngelDoll@gmail.com', 13720634029980, '551, Chester Road, Warsaw PL', 863, 3442);
INSERT INTO Person(name, birth) VALUES('Kiersten Keiser', '1940-4-5');
INSERT INTO User(idPerson, contact, email, account, address, streetCode, localityCode) VALUES(15, 900465447, 'CuteScientist@gmail.com', 9579616034271, '442, Main Street, Guimarães PT', 746, 6576);
INSERT INTO Person(name, birth) VALUES('Ok Ortez', '1936-11-6');
INSERT INTO User(idPerson, contact, email, account, address, streetCode, localityCode) VALUES(16, 934368871, 'Dimples@gmail.com', 99180517054855, '978, Chester Road, Marseille FR', 226, 4610);
INSERT INTO Person(name, birth) VALUES('Hazel Hinnenkamp', '1933-2-1');
INSERT INTO User(idPerson, contact, email, account, address, streetCode, localityCode) VALUES(17, 915455583, 'Dazzles@gmail.com', 27399003271021, '101, Victoria Street, Vila Real PT', 124, 9173);
INSERT INTO Person(name, birth) VALUES('Vincent Villalta', '1937-11-19');
INSERT INTO User(idPerson, contact, email, account, address, streetCode, localityCode) VALUES(18, 998184129, 'copilot@gmail.com', 91629452420281, '114, Park Road, Milan IT', 495, 1888);
INSERT INTO Person(name, birth) VALUES('Lynette Luken', '1928-4-26');
INSERT INTO User(idPerson, contact, email, account, address, streetCode, localityCode) VALUES(19, 917585260, 'LilPuppyDog@gmail.com', 73703126723765, '698, Albert Road, Porto PT', 520, 5181);
INSERT INTO Person(name, birth) VALUES('Stephan Steigerwald', '1930-4-4');
INSERT INTO User(idPerson, contact, email, account, address, streetCode, localityCode) VALUES(20, 971840932, 'InfinitySkylines@gmail.com', 28651726798370, '652, Queens Road, Vila Real PT', 643, 9173);
INSERT INTO Person(name, birth) VALUES('Bernice Brabant', '1976-12-15');
INSERT INTO User(idPerson, contact, email, account, address, streetCode, localityCode) VALUES(21, 992434296, 'FarRacer@gmail.com', 69623885551767, '691, Main Street, Budapest HU', 419, 1745);
INSERT INTO Person(name, birth) VALUES('Bobby Bible', '1985-1-19');
INSERT INTO User(idPerson, contact, email, account, address, streetCode, localityCode) VALUES(22, 922504744, 'OperaOfDreams@gmail.com', 39535652114660, '107, Church Street, Stockholm SE', 825, 5078);
INSERT INTO Person(name, birth) VALUES('Sonja Stufflebeam', '1994-4-16');
INSERT INTO User(idPerson, contact, email, account, address, streetCode, localityCode) VALUES(23, 944093982, 'unic0rnsTaking0ver@gmail.com', 54696256494579, '390, London Road, Zaragoza ES', 457, 3835);
INSERT INTO Person(name, birth) VALUES('Carma Carrico', '1937-1-19');
INSERT INTO User(idPerson, contact, email, account, address, streetCode, localityCode) VALUES(24, 963142446, 'Twinbutterfly@gmail.com', 26915159857785, '463, West Street, Rotterdam NL', 751, 3088);
INSERT INTO Person(name, birth) VALUES('Gregoria Guerrera', '1983-8-23');
INSERT INTO User(idPerson, contact, email, account, address, streetCode, localityCode) VALUES(25, 906982096, 'neveroldenough@gmail.com', 31453142699868, '649, King Street, Munich DE', 805, 2073);
INSERT INTO Person(name, birth) VALUES('Marian Millan', '1925-8-16');
INSERT INTO User(idPerson, contact, email, account, address, streetCode, localityCode) VALUES(26, 970192769, 'ValkonX11@gmail.com', 4782535537798, '891, Windsor Road, Coimbra PT', 795, 8666);
INSERT INTO Person(name, birth) VALUES('Otelia Orloff', '1993-6-1');
INSERT INTO User(idPerson, contact, email, account, address, streetCode, localityCode) VALUES(27, 948673706, 'GorgeousWweetie@gmail.com', 86083048608710, '970, Park Road, Amsterdam NL', 206, 7338);
INSERT INTO Person(name, birth) VALUES('Joye Janusz', '1947-11-21');
INSERT INTO User(idPerson, contact, email, account, address, streetCode, localityCode) VALUES(28, 965550665, 'NONAME@gmail.com', 95303111324955, '330, Queensway, Cologne DE', 726, 1570);
INSERT INTO Person(name, birth) VALUES('Florine Funderburke', '1974-3-28');
INSERT INTO User(idPerson, contact, email, account, address, streetCode, localityCode) VALUES(29, 930934958, 'alwayssbeyou@gmail.com', 47198772028028, '806, North Street, Ermesinde PT', 692, 8515);
INSERT INTO Person(name, birth) VALUES('Lennie Lynd', '1961-10-3');
INSERT INTO User(idPerson, contact, email, account, address, streetCode, localityCode) VALUES(30, 908784319, 'HoneyCake@gmail.com', 51942114721049, '866, Mill Lane, Almada PT', 361, 3224);
INSERT INTO Person(name, birth) VALUES('Corliss Carlberg', '1955-6-22');
INSERT INTO User(idPerson, contact, email, account, address, streetCode, localityCode) VALUES(31, 932779864, 'crazyvibes@gmail.com', 86040723321562, '467, King Street, Rotterdam NL', 583, 3088);
INSERT INTO Person(name, birth) VALUES('Homer Hirst', '1928-3-1');
INSERT INTO User(idPerson, contact, email, account, address, streetCode, localityCode) VALUES(32, 949097762, 'SillyNinja@gmail.com', 42239785728109, '63, West Street, Madrid ES', 597, 9659);
INSERT INTO Person(name, birth) VALUES('Adrian Anding', '1993-6-19');
INSERT INTO User(idPerson, contact, email, account, address, streetCode, localityCode) VALUES(33, 965269328, 'goodatthis123@gmail.com', 67387765804798, '997, New Road, Cascais PT', 235, 8160);
INSERT INTO Person(name, birth) VALUES('Christopher Cogdell', '2003-9-5');
INSERT INTO User(idPerson, contact, email, account, address, streetCode, localityCode) VALUES(34, 942748906, 'JustAsPlanned@gmail.com', 19552260729727, '600, Queens Road, Milan IT', 856, 1888);
INSERT INTO Person(name, birth) VALUES('Kurt Kemplin', '1974-9-17');
INSERT INTO User(idPerson, contact, email, account, address, streetCode, localityCode) VALUES(35, 970692306, 'Blossom@gmail.com', 49546069776955, '21, Alexander Road, Porto PT', 260, 5181);
INSERT INTO Person(name, birth) VALUES('Alfredia Akers', '1932-8-15');
INSERT INTO User(idPerson, contact, email, account, address, streetCode, localityCode) VALUES(36, 980392211, 'Maryjane@gmail.com', 59755071728639, '266, Richmond Road, Paris FR', 291, 9126);
INSERT INTO Person(name, birth) VALUES('Tereasa Tompson', '1952-12-13');
INSERT INTO User(idPerson, contact, email, account, address, streetCode, localityCode) VALUES(37, 963437562, 'Iloveyouyesterday@gmail.com', 67382403109636, '435, Park Lane, Paris FR', 583, 9126);
INSERT INTO Person(name, birth) VALUES('Leonore Lemasters', '1925-7-5');
INSERT INTO User(idPerson, contact, email, account, address, streetCode, localityCode) VALUES(38, 960991058, 'GreenCore@gmail.com', 97709483183255, '630, Grove Road, Porto PT', 710, 5181);
INSERT INTO Person(name, birth) VALUES('Marcie Morfin', '1933-7-17');
INSERT INTO User(idPerson, contact, email, account, address, streetCode, localityCode) VALUES(39, 918663529, 'StoryOfMe@gmail.com', 18123235904466, '511, Park Road, Cologne DE', 348, 1570);
INSERT INTO Person(name, birth) VALUES('Loma Lisi', '1986-11-5');
INSERT INTO User(idPerson, contact, email, account, address, streetCode, localityCode) VALUES(40, 918292329, 'DollyDangerous@gmail.com', 38490708964132, '627, St. John’s Road, Gondomar PT', 712, 4532);
INSERT INTO Person(name, birth) VALUES('Rosella Ruhland', '1935-9-13');
INSERT INTO User(idPerson, contact, email, account, address, streetCode, localityCode) VALUES(41, 990759123, 'MississippiTribe@gmail.com', 6179722863296, '826, Chester Road, Cracow PL', 525, 1208);
INSERT INTO Person(name, birth) VALUES('Ricky Ratti', '1982-8-3');
INSERT INTO User(idPerson, contact, email, account, address, streetCode, localityCode) VALUES(42, 908615536, 'KralIII@gmail.com', 36440970449605, '192, Queen Street, Seville ES', 958, 5227);
INSERT INTO Person(name, birth) VALUES('Hye Huskey', '1920-2-28');
INSERT INTO User(idPerson, contact, email, account, address, streetCode, localityCode) VALUES(43, 928358877, 'HelloGoodbye@gmail.com', 15670624567919, '92, Grove Road, Amsterdam NL', 876, 7338);
INSERT INTO Person(name, birth) VALUES('Kareem Klem', '1927-8-20');
INSERT INTO User(idPerson, contact, email, account, address, streetCode, localityCode) VALUES(44, 972861871, 'PlantedBrain@gmail.com', 67162701682857, '890, New Street, Bucharest RO', 894, 1447);
INSERT INTO Person(name, birth) VALUES('Clementina Callery', '1944-12-6');
INSERT INTO User(idPerson, contact, email, account, address, streetCode, localityCode) VALUES(45, 986563870, 'CandyRaid@gmail.com', 58935189255664, '646, Church Lane, Prague CZ', 310, 4940);
INSERT INTO Person(name, birth) VALUES('Josette Jiggetts', '1955-2-3');
INSERT INTO User(idPerson, contact, email, account, address, streetCode, localityCode) VALUES(46, 937032335, 'LoveSpeeder@gmail.com', 95502393619901, '294, Queen Street, Turin IT', 890, 4503);
INSERT INTO Person(name, birth) VALUES('Berniece Bricker', '1948-8-10');
INSERT INTO User(idPerson, contact, email, account, address, streetCode, localityCode) VALUES(47, 909928868, 'DailyPunch@gmail.com', 43987964215437, '32, Albert Road, Funchal PT', 423, 2317);
INSERT INTO Person(name, birth) VALUES('Kimi Kimber', '1956-9-9');
INSERT INTO User(idPerson, contact, email, account, address, streetCode, localityCode) VALUES(48, 958177044, 'EverNext@gmail.com', 62081451748954, '635, Springfield Road, Vienna AT', 124, 2249);
INSERT INTO Person(name, birth) VALUES('Reiko Rabago', '1974-12-2');
INSERT INTO User(idPerson, contact, email, account, address, streetCode, localityCode) VALUES(49, 981011758, 'BelovedAngle@gmail.com', 28281344233635, '223, Albert Road, Zaragoza ES', 130, 3835);
INSERT INTO Person(name, birth) VALUES('Joshua Jasso', '1986-5-30');
INSERT INTO User(idPerson, contact, email, account, address, streetCode, localityCode) VALUES(50, 954542349, 'WarriorInPain@gmail.com', 62076906701919, '505, High Street, Bucharest RO', 557, 1447);
INSERT INTO Book(ISBN, name, publication, edition, idPublisher) VALUES(6172720103485, 'The Lord of the Rings', '1954-2-8', 2, 3);
INSERT INTO Person(name, birth) VALUES('J. R. R. Tolkien', '1980-10-22');
INSERT INTO BookWriter(idWriter, ISBN) VALUES(0, 6172720103485);
INSERT INTO BookLanguage(ISBN, codeLanguage) VALUES(6172720103485, 'NL');
INSERT INTO BookGenre(ISBN, idGenre) VALUES(6172720103485, 1);
INSERT INTO Book(ISBN, name, publication, edition, idPublisher) VALUES(5731487031616, 'Pride and Prejudice', '1792-6-7', 4, 9);
INSERT INTO Person(name, birth) VALUES('Jane Austen', '1902-6-1');
INSERT INTO BookWriter(idWriter, ISBN) VALUES(1, 5731487031616);
INSERT INTO BookLanguage(ISBN, codeLanguage) VALUES(5731487031616, 'IT');
INSERT INTO Book(ISBN, name, publication, edition, idPublisher) VALUES(6191796263593, 'His Dark Materials', '1800-3-12', 15, 6);
INSERT INTO Person(name, birth) VALUES('Philip Pullman', '1976-9-13');
INSERT INTO BookWriter(idWriter, ISBN) VALUES(2, 6191796263593);
INSERT INTO BookLanguage(ISBN, codeLanguage) VALUES(6191796263593, 'DE');
INSERT INTO BookGenre(ISBN, idGenre) VALUES(6191796263593, 10);
INSERT INTO BookGenre(ISBN, idGenre) VALUES(6191796263593, 26);
INSERT INTO Book(ISBN, name, publication, edition, idPublisher) VALUES(9526010812336, 'The Hitchhikers Guide to the Galaxy', '1797-7-24', 1, 10);
INSERT INTO Person(name, birth) VALUES('Douglas Adams', '1740-7-15');
INSERT INTO BookWriter(idWriter, ISBN) VALUES(3, 9526010812336);
INSERT INTO BookLanguage(ISBN, codeLanguage) VALUES(9526010812336, 'RO');
INSERT INTO Book(ISBN, name, publication, edition, idPublisher) VALUES(5813241597979, 'Harry Potter and the Goblet of Fire', '1920-12-7', 15, 4);
INSERT INTO Person(name, birth) VALUES('J. K. Rowling', '1972-9-4');
INSERT INTO BookWriter(idWriter, ISBN) VALUES(4, 5813241597979);
INSERT INTO BookLanguage(ISBN, codeLanguage) VALUES(5813241597979, 'DE');
INSERT INTO Book(ISBN, name, publication, edition, idPublisher) VALUES(8158235345062, 'To Kill a Mockingbird', '1829-5-27', 14, 3);
INSERT INTO Person(name, birth) VALUES('Harper Lee', '1864-6-29');
INSERT INTO BookWriter(idWriter, ISBN) VALUES(5, 8158235345062);
INSERT INTO BookLanguage(ISBN, codeLanguage) VALUES(8158235345062, 'RO');
INSERT INTO Book(ISBN, name, publication, edition, idPublisher) VALUES(2952547785700, 'Winnie-the-Pooh', '1946-5-21', 15, 8);
INSERT INTO Person(name, birth) VALUES('A. A. Milne', '1829-12-17');
INSERT INTO BookWriter(idWriter, ISBN) VALUES(6, 2952547785700);
INSERT INTO BookLanguage(ISBN, codeLanguage) VALUES(2952547785700, 'RO');
INSERT INTO BookGenre(ISBN, idGenre) VALUES(2952547785700, 1);
INSERT INTO BookGenre(ISBN, idGenre) VALUES(2952547785700, 28);
INSERT INTO Book(ISBN, name, publication, edition, idPublisher) VALUES(1799616878969, 'Nineteen Eighty-Four', '1763-6-28', 11, 8);
INSERT INTO Person(name, birth) VALUES('George Orwell', '1777-1-18');
INSERT INTO BookWriter(idWriter, ISBN) VALUES(7, 1799616878969);
INSERT INTO BookLanguage(ISBN, codeLanguage) VALUES(1799616878969, 'FR');
INSERT INTO BookGenre(ISBN, idGenre) VALUES(1799616878969, 14);
INSERT INTO BookGenre(ISBN, idGenre) VALUES(1799616878969, 27);
INSERT INTO Book(ISBN, name, publication, edition, idPublisher) VALUES(8428756223278, 'The Lion, the Witch and the Wardrobe', '1794-12-15', 14, 9);
INSERT INTO Person(name, birth) VALUES('C. S. Lewis', '1832-10-22');
INSERT INTO BookWriter(idWriter, ISBN) VALUES(8, 8428756223278);
INSERT INTO BookLanguage(ISBN, codeLanguage) VALUES(8428756223278, 'CZ');
INSERT INTO BookGenre(ISBN, idGenre) VALUES(8428756223278, 21);
INSERT INTO BookGenre(ISBN, idGenre) VALUES(8428756223278, 27);
INSERT INTO Book(ISBN, name, publication, edition, idPublisher) VALUES(3084179187331, 'Jane Eyre', '1839-1-6', 3, 8);
INSERT INTO Person(name, birth) VALUES('Charlotte Brontë', '1876-12-20');
INSERT INTO BookWriter(idWriter, ISBN) VALUES(9, 3084179187331);
INSERT INTO BookLanguage(ISBN, codeLanguage) VALUES(3084179187331, 'IT');
INSERT INTO Book(ISBN, name, publication, edition, idPublisher) VALUES(8491365751517, 'Catch-22', '1859-7-12', 7, 4);
INSERT INTO Person(name, birth) VALUES('Joseph Heller', '1853-11-16');
INSERT INTO BookWriter(idWriter, ISBN) VALUES(10, 8491365751517);
INSERT INTO BookLanguage(ISBN, codeLanguage) VALUES(8491365751517, 'FR');
INSERT INTO Book(ISBN, name, publication, edition, idPublisher) VALUES(8422145501761, 'Wuthering Heights', '1768-12-23', 11, 10);
INSERT INTO Person(name, birth) VALUES('Emily Brontë', '1946-9-17');
INSERT INTO BookWriter(idWriter, ISBN) VALUES(11, 8422145501761);
INSERT INTO BookLanguage(ISBN, codeLanguage) VALUES(8422145501761, 'CZ');
INSERT INTO BookGenre(ISBN, idGenre) VALUES(8422145501761, 29);
INSERT INTO Book(ISBN, name, publication, edition, idPublisher) VALUES(9967503027200, 'Birdsong', '1870-9-19', 15, 3);
INSERT INTO Person(name, birth) VALUES('Sebastian Faulks', '1881-2-6');
INSERT INTO BookWriter(idWriter, ISBN) VALUES(12, 9967503027200);
INSERT INTO BookLanguage(ISBN, codeLanguage) VALUES(9967503027200, 'RO');
INSERT INTO BookGenre(ISBN, idGenre) VALUES(9967503027200, 26);
INSERT INTO BookGenre(ISBN, idGenre) VALUES(9967503027200, 8);
INSERT INTO Book(ISBN, name, publication, edition, idPublisher) VALUES(8361803866041, 'Rebecca', '1893-12-12', 4, 8);
INSERT INTO Person(name, birth) VALUES('Daphne du Maurier', '1924-12-11');
INSERT INTO BookWriter(idWriter, ISBN) VALUES(13, 8361803866041);
INSERT INTO BookLanguage(ISBN, codeLanguage) VALUES(8361803866041, 'DE');
INSERT INTO BookGenre(ISBN, idGenre) VALUES(8361803866041, 0);
INSERT INTO Book(ISBN, name, publication, edition, idPublisher) VALUES(7031372338793, 'The Catcher in the Rye', '1940-2-6', 2, 6);
INSERT INTO Person(name, birth) VALUES('J. D. Salinger', '1827-2-18');
INSERT INTO BookWriter(idWriter, ISBN) VALUES(14, 7031372338793);
INSERT INTO BookLanguage(ISBN, codeLanguage) VALUES(7031372338793, 'NL');
INSERT INTO BookGenre(ISBN, idGenre) VALUES(7031372338793, 28);
INSERT INTO BookGenre(ISBN, idGenre) VALUES(7031372338793, 29);
INSERT INTO Book(ISBN, name, publication, edition, idPublisher) VALUES(2950773247645, 'The Wind in the Willows', '1957-12-9', 11, 10);
INSERT INTO Person(name, birth) VALUES('Kenneth Grahame', '1951-1-15');
INSERT INTO BookWriter(idWriter, ISBN) VALUES(15, 2950773247645);
INSERT INTO BookLanguage(ISBN, codeLanguage) VALUES(2950773247645, 'CZ');
INSERT INTO BookGenre(ISBN, idGenre) VALUES(2950773247645, 19);
INSERT INTO BookGenre(ISBN, idGenre) VALUES(2950773247645, 4);
INSERT INTO Book(ISBN, name, publication, edition, idPublisher) VALUES(6692424610361, 'Great Expectations', '1858-5-2', 9, 5);
INSERT INTO Person(name, birth) VALUES('Charles Dickens', '1971-3-14');
INSERT INTO BookWriter(idWriter, ISBN) VALUES(16, 6692424610361);
INSERT INTO BookLanguage(ISBN, codeLanguage) VALUES(6692424610361, 'DE');
INSERT INTO BookGenre(ISBN, idGenre) VALUES(6692424610361, 2);
INSERT INTO BookGenre(ISBN, idGenre) VALUES(6692424610361, 5);
INSERT INTO Book(ISBN, name, publication, edition, idPublisher) VALUES(1036547559451, 'Little Women', '2014-4-27', 14, 6);
INSERT INTO Person(name, birth) VALUES('Louisa May Alcott', '1713-7-23');
INSERT INTO BookWriter(idWriter, ISBN) VALUES(17, 1036547559451);
INSERT INTO BookLanguage(ISBN, codeLanguage) VALUES(1036547559451, 'IT');
INSERT INTO BookGenre(ISBN, idGenre) VALUES(1036547559451, 18);
INSERT INTO Book(ISBN, name, publication, edition, idPublisher) VALUES(5289488200023, 'Captain Corellis Mandolin', '1951-5-5', 11, 4);
INSERT INTO Person(name, birth) VALUES('Louis de Bernières', '1985-8-19');
INSERT INTO BookWriter(idWriter, ISBN) VALUES(18, 5289488200023);
INSERT INTO BookLanguage(ISBN, codeLanguage) VALUES(5289488200023, 'SV');
INSERT INTO BookGenre(ISBN, idGenre) VALUES(5289488200023, 6);
INSERT INTO BookGenre(ISBN, idGenre) VALUES(5289488200023, 13);
INSERT INTO Book(ISBN, name, publication, edition, idPublisher) VALUES(7737539312707, 'War and Peace', '1784-4-1', 15, 8);
INSERT INTO Person(name, birth) VALUES('Leo Tolstoy', '1938-12-11');
INSERT INTO BookWriter(idWriter, ISBN) VALUES(19, 7737539312707);
INSERT INTO BookLanguage(ISBN, codeLanguage) VALUES(7737539312707, 'PL');
INSERT INTO BookLanguage(ISBN, codeLanguage) VALUES(7737539312707, 'FR');
INSERT INTO BookGenre(ISBN, idGenre) VALUES(7737539312707, 7);
INSERT INTO Book(ISBN, name, publication, edition, idPublisher) VALUES(8131217800880, 'Gone with the Wind', '1815-1-26', 4, 3);
INSERT INTO Person(name, birth) VALUES('Margaret Mitchell', '1925-7-13');
INSERT INTO BookWriter(idWriter, ISBN) VALUES(20, 8131217800880);
INSERT INTO BookLanguage(ISBN, codeLanguage) VALUES(8131217800880, 'IT');
INSERT INTO Book(ISBN, name, publication, edition, idPublisher) VALUES(8413563737640, 'Harry Potter and the Philosophers Stone', '2003-1-21', 12, 6);
INSERT INTO BookWriter(idWriter, ISBN) VALUES(4, 8413563737640);
INSERT INTO BookLanguage(ISBN, codeLanguage) VALUES(8413563737640, 'SV');
INSERT INTO BookLanguage(ISBN, codeLanguage) VALUES(8413563737640, 'DE');
INSERT INTO BookGenre(ISBN, idGenre) VALUES(8413563737640, 22);
INSERT INTO BookGenre(ISBN, idGenre) VALUES(8413563737640, 12);
INSERT INTO Book(ISBN, name, publication, edition, idPublisher) VALUES(6546255790617, 'Harry Potter and the Chamber of Secrets', '1768-7-14', 3, 10);
INSERT INTO BookWriter(idWriter, ISBN) VALUES(4, 6546255790617);
INSERT INTO BookLanguage(ISBN, codeLanguage) VALUES(6546255790617, 'SV');
INSERT INTO Book(ISBN, name, publication, edition, idPublisher) VALUES(7955582771333, 'Harry Potter and the Prisoner of Azkaban', '1759-5-9', 5, 7);
INSERT INTO BookWriter(idWriter, ISBN) VALUES(4, 7955582771333);
INSERT INTO BookLanguage(ISBN, codeLanguage) VALUES(7955582771333, 'PT');
INSERT INTO Book(ISBN, name, publication, edition, idPublisher) VALUES(9200567325173, 'The Hobbit', '1786-9-12', 15, 2);
INSERT INTO BookWriter(idWriter, ISBN) VALUES(0, 9200567325173);
INSERT INTO BookLanguage(ISBN, codeLanguage) VALUES(9200567325173, 'PT');
INSERT INTO BookGenre(ISBN, idGenre) VALUES(9200567325173, 25);
INSERT INTO Book(ISBN, name, publication, edition, idPublisher) VALUES(7141906565088, 'Tess of the dUrbervilles', '1788-1-14', 13, 1);
INSERT INTO Person(name, birth) VALUES('Thomas Hardy', '1707-6-9');
INSERT INTO BookWriter(idWriter, ISBN) VALUES(21, 7141906565088);
INSERT INTO BookLanguage(ISBN, codeLanguage) VALUES(7141906565088, 'PL');
INSERT INTO BookGenre(ISBN, idGenre) VALUES(7141906565088, 0);
INSERT INTO BookGenre(ISBN, idGenre) VALUES(7141906565088, 29);
INSERT INTO Book(ISBN, name, publication, edition, idPublisher) VALUES(6421786863621, 'Middlemarch', '1816-12-22', 9, 4);
INSERT INTO Person(name, birth) VALUES('George Eliot', '1745-9-9');
INSERT INTO BookWriter(idWriter, ISBN) VALUES(22, 6421786863621);
INSERT INTO BookLanguage(ISBN, codeLanguage) VALUES(6421786863621, 'IT');
INSERT INTO Book(ISBN, name, publication, edition, idPublisher) VALUES(5115108867906, 'A Prayer for Owen Meany', '1930-1-19', 5, 4);
INSERT INTO Person(name, birth) VALUES('John Irving', '1795-10-14');
INSERT INTO BookWriter(idWriter, ISBN) VALUES(23, 5115108867906);
INSERT INTO BookLanguage(ISBN, codeLanguage) VALUES(5115108867906, 'PL');
INSERT INTO BookLanguage(ISBN, codeLanguage) VALUES(5115108867906, 'ES');
INSERT INTO BookGenre(ISBN, idGenre) VALUES(5115108867906, 12);
INSERT INTO BookGenre(ISBN, idGenre) VALUES(5115108867906, 15);
INSERT INTO Book(ISBN, name, publication, edition, idPublisher) VALUES(2844124443729, 'The Grapes of Wrath', '1773-10-13', 2, 7);
INSERT INTO Person(name, birth) VALUES('John Steinbeck', '1763-9-27');
INSERT INTO BookWriter(idWriter, ISBN) VALUES(24, 2844124443729);
INSERT INTO BookLanguage(ISBN, codeLanguage) VALUES(2844124443729, 'SV');
INSERT INTO Book(ISBN, name, publication, edition, idPublisher) VALUES(7645230543752, 'Alices Adventures in Wonderland', '1955-2-13', 1, 8);
INSERT INTO Person(name, birth) VALUES('Lewis Carroll', '1912-9-4');
INSERT INTO BookWriter(idWriter, ISBN) VALUES(25, 7645230543752);
INSERT INTO BookLanguage(ISBN, codeLanguage) VALUES(7645230543752, 'DE');
INSERT INTO BookGenre(ISBN, idGenre) VALUES(7645230543752, 21);
INSERT INTO BookGenre(ISBN, idGenre) VALUES(7645230543752, 2);
INSERT INTO Book(ISBN, name, publication, edition, idPublisher) VALUES(7242209581037, 'The Story of Tracy Beaker', '1857-11-21', 7, 4);
INSERT INTO Person(name, birth) VALUES('Jacqueline Wilson', '1894-10-8');
INSERT INTO BookWriter(idWriter, ISBN) VALUES(26, 7242209581037);
INSERT INTO BookLanguage(ISBN, codeLanguage) VALUES(7242209581037, 'PL');
INSERT INTO BookGenre(ISBN, idGenre) VALUES(7242209581037, 2);
INSERT INTO BookGenre(ISBN, idGenre) VALUES(7242209581037, 27);
INSERT INTO Book(ISBN, name, publication, edition, idPublisher) VALUES(9843795148791, 'One Hundred Years of Solitude', '1981-9-14', 6, 7);
INSERT INTO Person(name, birth) VALUES('Gabriel García Márquez', '1909-7-3');
INSERT INTO BookWriter(idWriter, ISBN) VALUES(27, 9843795148791);
INSERT INTO BookLanguage(ISBN, codeLanguage) VALUES(9843795148791, 'ES');
INSERT INTO Book(ISBN, name, publication, edition, idPublisher) VALUES(5503412003592, 'The Pillars of the Earth', '1840-1-29', 6, 3);
INSERT INTO Person(name, birth) VALUES('Ken Follett', '1845-5-14');
INSERT INTO BookWriter(idWriter, ISBN) VALUES(28, 5503412003592);
INSERT INTO BookLanguage(ISBN, codeLanguage) VALUES(5503412003592, 'HU');
INSERT INTO Book(ISBN, name, publication, edition, idPublisher) VALUES(3704781294698, 'David Copperfield', '1997-10-26', 15, 9);
INSERT INTO BookWriter(idWriter, ISBN) VALUES(16, 3704781294698);
INSERT INTO BookLanguage(ISBN, codeLanguage) VALUES(3704781294698, 'RO');
INSERT INTO Book(ISBN, name, publication, edition, idPublisher) VALUES(4467243190099, 'Charlie and the Chocolate Factory', '2016-1-11', 5, 5);
INSERT INTO Person(name, birth) VALUES('Roald Dahl', '1733-11-21');
INSERT INTO BookWriter(idWriter, ISBN) VALUES(29, 4467243190099);
INSERT INTO BookLanguage(ISBN, codeLanguage) VALUES(4467243190099, 'ES');
INSERT INTO Book(ISBN, name, publication, edition, idPublisher) VALUES(1076495983414, 'Treasure Island', '1874-4-17', 4, 4);
INSERT INTO Person(name, birth) VALUES('Robert Louis Stevenson', '1806-3-23');
INSERT INTO BookWriter(idWriter, ISBN) VALUES(30, 1076495983414);
INSERT INTO BookLanguage(ISBN, codeLanguage) VALUES(1076495983414, 'CZ');
INSERT INTO BookGenre(ISBN, idGenre) VALUES(1076495983414, 29);
INSERT INTO BookGenre(ISBN, idGenre) VALUES(1076495983414, 11);
INSERT INTO Book(ISBN, name, publication, edition, idPublisher) VALUES(9900107033999, 'A Town Like Alice', '1731-12-8', 2, 3);
INSERT INTO Person(name, birth) VALUES('Nevil Shute', '1969-12-7');
INSERT INTO BookWriter(idWriter, ISBN) VALUES(31, 9900107033999);
INSERT INTO BookLanguage(ISBN, codeLanguage) VALUES(9900107033999, 'RO');
INSERT INTO BookGenre(ISBN, idGenre) VALUES(9900107033999, 12);
INSERT INTO BookGenre(ISBN, idGenre) VALUES(9900107033999, 8);
INSERT INTO Book(ISBN, name, publication, edition, idPublisher) VALUES(8258591468741, 'Persuasion', '1806-7-11', 8, 3);
INSERT INTO BookWriter(idWriter, ISBN) VALUES(1, 8258591468741);
INSERT INTO BookLanguage(ISBN, codeLanguage) VALUES(8258591468741, 'NL');
INSERT INTO Book(ISBN, name, publication, edition, idPublisher) VALUES(3055634791486, 'Dune', '1839-12-10', 14, 8);
INSERT INTO Person(name, birth) VALUES('Frank Herbert', '1795-12-18');
INSERT INTO BookWriter(idWriter, ISBN) VALUES(32, 3055634791486);
INSERT INTO BookLanguage(ISBN, codeLanguage) VALUES(3055634791486, 'FR');
INSERT INTO BookGenre(ISBN, idGenre) VALUES(3055634791486, 23);
INSERT INTO BookGenre(ISBN, idGenre) VALUES(3055634791486, 14);
INSERT INTO Book(ISBN, name, publication, edition, idPublisher) VALUES(5599964829749, 'Emma', '1892-12-14', 5, 1);
INSERT INTO BookWriter(idWriter, ISBN) VALUES(1, 5599964829749);
INSERT INTO BookLanguage(ISBN, codeLanguage) VALUES(5599964829749, 'SV');
INSERT INTO BookLanguage(ISBN, codeLanguage) VALUES(5599964829749, 'PL');
INSERT INTO BookGenre(ISBN, idGenre) VALUES(5599964829749, 19);
INSERT INTO Book(ISBN, name, publication, edition, idPublisher) VALUES(2081588380810, 'Anne of Green Gables', '1796-2-11', 8, 1);
INSERT INTO Person(name, birth) VALUES('Lucy Maud Montgomery', '1713-1-4');
INSERT INTO BookWriter(idWriter, ISBN) VALUES(33, 2081588380810);
INSERT INTO BookLanguage(ISBN, codeLanguage) VALUES(2081588380810, 'NL');
INSERT INTO BookLanguage(ISBN, codeLanguage) VALUES(2081588380810, 'IT');
INSERT INTO Book(ISBN, name, publication, edition, idPublisher) VALUES(4388538467085, 'Watership Down', '1978-12-6', 14, 4);
INSERT INTO Person(name, birth) VALUES('Richard Adams', '1709-7-8');
INSERT INTO BookWriter(idWriter, ISBN) VALUES(34, 4388538467085);
INSERT INTO BookLanguage(ISBN, codeLanguage) VALUES(4388538467085, 'PL');
INSERT INTO Book(ISBN, name, publication, edition, idPublisher) VALUES(5338640560292, 'The Great Gatsby', '2001-8-13', 8, 7);
INSERT INTO Person(name, birth) VALUES('F. Scott Fitzgerald', '1973-7-5');
INSERT INTO BookWriter(idWriter, ISBN) VALUES(35, 5338640560292);
INSERT INTO BookLanguage(ISBN, codeLanguage) VALUES(5338640560292, 'PT');
INSERT INTO Book(ISBN, name, publication, edition, idPublisher) VALUES(9511909989946, 'The Count of Monte Cristo', '1983-11-1', 3, 3);
INSERT INTO Person(name, birth) VALUES('Alexandre Dumas', '1756-1-10');
INSERT INTO BookWriter(idWriter, ISBN) VALUES(36, 9511909989946);
INSERT INTO BookLanguage(ISBN, codeLanguage) VALUES(9511909989946, 'DE');
INSERT INTO BookGenre(ISBN, idGenre) VALUES(9511909989946, 16);
INSERT INTO Book(ISBN, name, publication, edition, idPublisher) VALUES(9721189716617, 'Brideshead Revisited', '1815-10-10', 14, 9);
INSERT INTO Person(name, birth) VALUES('Evelyn Waugh', '1710-6-26');
INSERT INTO BookWriter(idWriter, ISBN) VALUES(37, 9721189716617);
INSERT INTO BookLanguage(ISBN, codeLanguage) VALUES(9721189716617, 'EN');
INSERT INTO BookGenre(ISBN, idGenre) VALUES(9721189716617, 11);
INSERT INTO BookGenre(ISBN, idGenre) VALUES(9721189716617, 19);
INSERT INTO Book(ISBN, name, publication, edition, idPublisher) VALUES(6759847087453, 'Animal Farm', '1932-2-21', 3, 4);
INSERT INTO BookWriter(idWriter, ISBN) VALUES(7, 6759847087453);
INSERT INTO BookLanguage(ISBN, codeLanguage) VALUES(6759847087453, 'ES');
INSERT INTO BookGenre(ISBN, idGenre) VALUES(6759847087453, 28);
INSERT INTO Book(ISBN, name, publication, edition, idPublisher) VALUES(7883743577283, 'A Christmas Carol', '1765-8-21', 13, 9);
INSERT INTO BookWriter(idWriter, ISBN) VALUES(16, 7883743577283);
INSERT INTO BookLanguage(ISBN, codeLanguage) VALUES(7883743577283, 'PT');
INSERT INTO Book(ISBN, name, publication, edition, idPublisher) VALUES(8302538596345, 'Far from the Madding Crowd', '1790-9-17', 6, 7);
INSERT INTO BookWriter(idWriter, ISBN) VALUES(21, 8302538596345);
INSERT INTO BookLanguage(ISBN, codeLanguage) VALUES(8302538596345, 'RO');
INSERT INTO BookLanguage(ISBN, codeLanguage) VALUES(8302538596345, 'PT');
INSERT INTO Book(ISBN, name, publication, edition, idPublisher) VALUES(5537035496837, 'Goodnight Mister Tom', '1794-6-7', 10, 2);
INSERT INTO Person(name, birth) VALUES('Michelle Magorian', '1879-4-6');
INSERT INTO BookWriter(idWriter, ISBN) VALUES(38, 5537035496837);
INSERT INTO BookLanguage(ISBN, codeLanguage) VALUES(5537035496837, 'CZ');
INSERT INTO BookGenre(ISBN, idGenre) VALUES(5537035496837, 11);
INSERT INTO Book(ISBN, name, publication, edition, idPublisher) VALUES(7663808254167, 'The Shell Seekers', '1824-11-17', 7, 1);
INSERT INTO Person(name, birth) VALUES('Rosamunde Pilcher', '1985-3-1');
INSERT INTO BookWriter(idWriter, ISBN) VALUES(39, 7663808254167);
INSERT INTO BookLanguage(ISBN, codeLanguage) VALUES(7663808254167, 'RO');
INSERT INTO BookGenre(ISBN, idGenre) VALUES(7663808254167, 2);
INSERT INTO BookGenre(ISBN, idGenre) VALUES(7663808254167, 22);
INSERT INTO Book(ISBN, name, publication, edition, idPublisher) VALUES(2118221067680, 'The Secret Garden', '1838-10-18', 4, 1);
INSERT INTO Person(name, birth) VALUES('Frances Hodgson Burnett', '1852-5-1');
INSERT INTO BookWriter(idWriter, ISBN) VALUES(40, 2118221067680);
INSERT INTO BookLanguage(ISBN, codeLanguage) VALUES(2118221067680, 'CZ');
INSERT INTO BookGenre(ISBN, idGenre) VALUES(2118221067680, 1);
INSERT INTO Book(ISBN, name, publication, edition, idPublisher) VALUES(4461399777271, 'Of Mice and Men', '1792-2-26', 7, 7);
INSERT INTO BookWriter(idWriter, ISBN) VALUES(24, 4461399777271);
INSERT INTO BookLanguage(ISBN, codeLanguage) VALUES(4461399777271, 'PL');
INSERT INTO BookGenre(ISBN, idGenre) VALUES(4461399777271, 9);
INSERT INTO Book(ISBN, name, publication, edition, idPublisher) VALUES(9739739842289, 'The Stand', '1859-11-6', 2, 1);
INSERT INTO Person(name, birth) VALUES('Stephen King', '1965-8-3');
INSERT INTO BookWriter(idWriter, ISBN) VALUES(41, 9739739842289);
INSERT INTO BookLanguage(ISBN, codeLanguage) VALUES(9739739842289, 'IT');
INSERT INTO BookLanguage(ISBN, codeLanguage) VALUES(9739739842289, 'PL');
INSERT INTO BookGenre(ISBN, idGenre) VALUES(9739739842289, 0);
INSERT INTO Book(ISBN, name, publication, edition, idPublisher) VALUES(1804576468165, 'Anna Karenina', '1758-8-17', 7, 8);
INSERT INTO BookWriter(idWriter, ISBN) VALUES(19, 1804576468165);
INSERT INTO BookLanguage(ISBN, codeLanguage) VALUES(1804576468165, 'FR');
INSERT INTO Book(ISBN, name, publication, edition, idPublisher) VALUES(9205809978123, 'A Suitable Boy', '1800-10-10', 5, 10);
INSERT INTO Person(name, birth) VALUES('Vikram Seth', '1828-7-13');
INSERT INTO BookWriter(idWriter, ISBN) VALUES(42, 9205809978123);
INSERT INTO BookLanguage(ISBN, codeLanguage) VALUES(9205809978123, 'FR');
INSERT INTO BookGenre(ISBN, idGenre) VALUES(9205809978123, 8);
INSERT INTO Book(ISBN, name, publication, edition, idPublisher) VALUES(2678786412282, 'The BFG', '1926-7-24', 2, 7);
INSERT INTO BookWriter(idWriter, ISBN) VALUES(29, 2678786412282);
INSERT INTO BookLanguage(ISBN, codeLanguage) VALUES(2678786412282, 'SV');
INSERT INTO BookGenre(ISBN, idGenre) VALUES(2678786412282, 4);
INSERT INTO BookGenre(ISBN, idGenre) VALUES(2678786412282, 5);
INSERT INTO Book(ISBN, name, publication, edition, idPublisher) VALUES(8633222570257, 'Swallows and Amazons', '1874-2-10', 15, 1);
INSERT INTO Person(name, birth) VALUES('Arthur Ransome', '1789-1-6');
INSERT INTO BookWriter(idWriter, ISBN) VALUES(43, 8633222570257);
INSERT INTO BookLanguage(ISBN, codeLanguage) VALUES(8633222570257, 'FR');
INSERT INTO Book(ISBN, name, publication, edition, idPublisher) VALUES(6163206163358, 'Black Beauty', '1898-11-20', 3, 5);
INSERT INTO Person(name, birth) VALUES('Anna Sewell', '1914-11-17');
INSERT INTO BookWriter(idWriter, ISBN) VALUES(44, 6163206163358);
INSERT INTO BookLanguage(ISBN, codeLanguage) VALUES(6163206163358, 'ES');
INSERT INTO BookGenre(ISBN, idGenre) VALUES(6163206163358, 20);
INSERT INTO BookGenre(ISBN, idGenre) VALUES(6163206163358, 28);
INSERT INTO Book(ISBN, name, publication, edition, idPublisher) VALUES(5472405825237, 'Artemis Fowl', '2001-7-27', 3, 4);
INSERT INTO Person(name, birth) VALUES('Eoin Colfer', '1875-9-15');
INSERT INTO BookWriter(idWriter, ISBN) VALUES(45, 5472405825237);
INSERT INTO BookLanguage(ISBN, codeLanguage) VALUES(5472405825237, 'ES');
INSERT INTO BookLanguage(ISBN, codeLanguage) VALUES(5472405825237, 'FR');
INSERT INTO BookGenre(ISBN, idGenre) VALUES(5472405825237, 15);
INSERT INTO BookGenre(ISBN, idGenre) VALUES(5472405825237, 24);
INSERT INTO Book(ISBN, name, publication, edition, idPublisher) VALUES(8308867786415, 'Crime and Punishment', '1969-1-23', 15, 4);
INSERT INTO Person(name, birth) VALUES('Fyodor Dostoyevsky', '1938-8-14');
INSERT INTO BookWriter(idWriter, ISBN) VALUES(46, 8308867786415);
INSERT INTO BookLanguage(ISBN, codeLanguage) VALUES(8308867786415, 'NL');
INSERT INTO Book(ISBN, name, publication, edition, idPublisher) VALUES(7195978068892, 'Noughts & Crosses', '1819-5-17', 13, 1);
INSERT INTO Person(name, birth) VALUES('Malorie Blackman', '1860-1-29');
INSERT INTO BookWriter(idWriter, ISBN) VALUES(47, 7195978068892);
INSERT INTO BookLanguage(ISBN, codeLanguage) VALUES(7195978068892, 'PL');
INSERT INTO BookGenre(ISBN, idGenre) VALUES(7195978068892, 11);
INSERT INTO BookGenre(ISBN, idGenre) VALUES(7195978068892, 24);
INSERT INTO Book(ISBN, name, publication, edition, idPublisher) VALUES(9498632743895, 'Memoirs of a Geisha', '1727-10-1', 5, 2);
INSERT INTO Person(name, birth) VALUES('Arthur Golden', '1855-8-10');
INSERT INTO BookWriter(idWriter, ISBN) VALUES(48, 9498632743895);
INSERT INTO BookLanguage(ISBN, codeLanguage) VALUES(9498632743895, 'DE');
INSERT INTO BookGenre(ISBN, idGenre) VALUES(9498632743895, 15);
INSERT INTO BookGenre(ISBN, idGenre) VALUES(9498632743895, 10);
INSERT INTO Book(ISBN, name, publication, edition, idPublisher) VALUES(6389491822083, 'A Tale of Two Cities', '1790-3-27', 6, 7);
INSERT INTO BookWriter(idWriter, ISBN) VALUES(16, 6389491822083);
INSERT INTO BookLanguage(ISBN, codeLanguage) VALUES(6389491822083, 'IT');
INSERT INTO BookLanguage(ISBN, codeLanguage) VALUES(6389491822083, 'EN');
INSERT INTO BookGenre(ISBN, idGenre) VALUES(6389491822083, 29);
INSERT INTO BookGenre(ISBN, idGenre) VALUES(6389491822083, 1);
INSERT INTO Book(ISBN, name, publication, edition, idPublisher) VALUES(2348543168703, 'The Thorn Birds', '1735-4-14', 7, 10);
INSERT INTO Person(name, birth) VALUES('Colleen McCullough', '1806-1-18');
INSERT INTO BookWriter(idWriter, ISBN) VALUES(49, 2348543168703);
INSERT INTO BookLanguage(ISBN, codeLanguage) VALUES(2348543168703, 'SV');
INSERT INTO Book(ISBN, name, publication, edition, idPublisher) VALUES(6503779188519, 'Mort', '1857-4-19', 7, 5);
INSERT INTO Person(name, birth) VALUES('Terry Pratchett', '1988-9-29');
INSERT INTO BookWriter(idWriter, ISBN) VALUES(50, 6503779188519);
INSERT INTO BookLanguage(ISBN, codeLanguage) VALUES(6503779188519, 'EN');
INSERT INTO BookLanguage(ISBN, codeLanguage) VALUES(6503779188519, 'NL');
INSERT INTO Book(ISBN, name, publication, edition, idPublisher) VALUES(8168069497056, 'The Magic Faraway Tree', '1898-6-1', 8, 10);
INSERT INTO Person(name, birth) VALUES('Enid Blyton', '1718-6-14');
INSERT INTO BookWriter(idWriter, ISBN) VALUES(51, 8168069497056);
INSERT INTO BookLanguage(ISBN, codeLanguage) VALUES(8168069497056, 'PT');
INSERT INTO BookGenre(ISBN, idGenre) VALUES(8168069497056, 12);
INSERT INTO BookGenre(ISBN, idGenre) VALUES(8168069497056, 18);
INSERT INTO Book(ISBN, name, publication, edition, idPublisher) VALUES(7843271560355, 'The Magus', '1954-7-20', 8, 2);
INSERT INTO Person(name, birth) VALUES('John Fowles', '1911-6-22');
INSERT INTO BookWriter(idWriter, ISBN) VALUES(52, 7843271560355);
INSERT INTO BookLanguage(ISBN, codeLanguage) VALUES(7843271560355, 'ES');
INSERT INTO BookLanguage(ISBN, codeLanguage) VALUES(7843271560355, 'ES');
INSERT INTO Book(ISBN, name, publication, edition, idPublisher) VALUES(9098888265256, 'Good Omens', '1736-2-7', 6, 5);
INSERT INTO Person(name, birth) VALUES('Neil Gaiman Pratchett', '1712-12-9');
INSERT INTO BookWriter(idWriter, ISBN) VALUES(53, 9098888265256);
INSERT INTO BookWriter(idWriter, ISBN) VALUES(53, 9098888265256);
INSERT INTO BookLanguage(ISBN, codeLanguage) VALUES(9098888265256, 'FR');
INSERT INTO BookGenre(ISBN, idGenre) VALUES(9098888265256, 7);
INSERT INTO BookGenre(ISBN, idGenre) VALUES(9098888265256, 8);
INSERT INTO Book(ISBN, name, publication, edition, idPublisher) VALUES(3443245863800, 'Guards! Guards!', '1833-11-5', 12, 4);
INSERT INTO BookWriter(idWriter, ISBN) VALUES(50, 3443245863800);
INSERT INTO BookLanguage(ISBN, codeLanguage) VALUES(3443245863800, 'NL');
INSERT INTO BookGenre(ISBN, idGenre) VALUES(3443245863800, 29);
INSERT INTO BookGenre(ISBN, idGenre) VALUES(3443245863800, 6);
INSERT INTO Book(ISBN, name, publication, edition, idPublisher) VALUES(8598077540311, 'Lord of the Flies', '1939-11-14', 1, 7);
INSERT INTO Person(name, birth) VALUES('William Golding', '1983-4-8');
INSERT INTO BookWriter(idWriter, ISBN) VALUES(54, 8598077540311);
INSERT INTO BookLanguage(ISBN, codeLanguage) VALUES(8598077540311, 'EN');
INSERT INTO BookGenre(ISBN, idGenre) VALUES(8598077540311, 1);
INSERT INTO Book(ISBN, name, publication, edition, idPublisher) VALUES(7127635357314, 'Perfume', '1906-5-18', 11, 2);
INSERT INTO Person(name, birth) VALUES('Patrick Süskind', '1904-8-24');
INSERT INTO BookWriter(idWriter, ISBN) VALUES(55, 7127635357314);
INSERT INTO BookLanguage(ISBN, codeLanguage) VALUES(7127635357314, 'NL');
INSERT INTO Book(ISBN, name, publication, edition, idPublisher) VALUES(1047796380893, 'The Ragged-Trousered Philanthropists', '1813-5-12', 12, 7);
INSERT INTO Person(name, birth) VALUES('Robert Tressell', '1749-5-15');
INSERT INTO BookWriter(idWriter, ISBN) VALUES(56, 1047796380893);
INSERT INTO BookLanguage(ISBN, codeLanguage) VALUES(1047796380893, 'EN');
INSERT INTO Book(ISBN, name, publication, edition, idPublisher) VALUES(9429391559418, 'Night Watch', '2009-6-28', 8, 7);
INSERT INTO BookWriter(idWriter, ISBN) VALUES(50, 9429391559418);
INSERT INTO BookLanguage(ISBN, codeLanguage) VALUES(9429391559418, 'PT');
INSERT INTO BookGenre(ISBN, idGenre) VALUES(9429391559418, 28);
INSERT INTO BookGenre(ISBN, idGenre) VALUES(9429391559418, 26);
INSERT INTO Book(ISBN, name, publication, edition, idPublisher) VALUES(9973782480537, 'Matilda', '1942-9-21', 2, 2);
INSERT INTO BookWriter(idWriter, ISBN) VALUES(29, 9973782480537);
INSERT INTO BookLanguage(ISBN, codeLanguage) VALUES(9973782480537, 'SV');
INSERT INTO BookLanguage(ISBN, codeLanguage) VALUES(9973782480537, 'NL');
INSERT INTO Book(ISBN, name, publication, edition, idPublisher) VALUES(2578410807421, 'Bridget Joness Diary', '2006-11-15', 9, 10);
INSERT INTO Person(name, birth) VALUES('Helen Fielding', '1934-7-20');
INSERT INTO BookWriter(idWriter, ISBN) VALUES(57, 2578410807421);
INSERT INTO BookLanguage(ISBN, codeLanguage) VALUES(2578410807421, 'ES');
INSERT INTO BookLanguage(ISBN, codeLanguage) VALUES(2578410807421, 'PT');
INSERT INTO BookGenre(ISBN, idGenre) VALUES(2578410807421, 10);
INSERT INTO Book(ISBN, name, publication, edition, idPublisher) VALUES(4955852045702, 'The Secret History', '1905-10-13', 4, 2);
INSERT INTO Person(name, birth) VALUES('Donna Tartt', '1952-11-1');
INSERT INTO BookWriter(idWriter, ISBN) VALUES(58, 4955852045702);
INSERT INTO BookLanguage(ISBN, codeLanguage) VALUES(4955852045702, 'FR');
INSERT INTO BookGenre(ISBN, idGenre) VALUES(4955852045702, 14);
INSERT INTO BookGenre(ISBN, idGenre) VALUES(4955852045702, 11);
INSERT INTO Book(ISBN, name, publication, edition, idPublisher) VALUES(3104036286924, 'The Woman in White', '1976-3-14', 1, 1);
INSERT INTO Person(name, birth) VALUES('Wilkie Collins', '1769-3-22');
INSERT INTO BookWriter(idWriter, ISBN) VALUES(59, 3104036286924);
INSERT INTO BookLanguage(ISBN, codeLanguage) VALUES(3104036286924, 'IT');
INSERT INTO BookGenre(ISBN, idGenre) VALUES(3104036286924, 9);
INSERT INTO Book(ISBN, name, publication, edition, idPublisher) VALUES(5930986782417, 'Ulysses', '1943-7-16', 3, 1);
INSERT INTO Person(name, birth) VALUES('James Joyce', '1750-12-2');
INSERT INTO BookWriter(idWriter, ISBN) VALUES(60, 5930986782417);
INSERT INTO BookLanguage(ISBN, codeLanguage) VALUES(5930986782417, 'NL');
INSERT INTO BookGenre(ISBN, idGenre) VALUES(5930986782417, 16);
INSERT INTO BookGenre(ISBN, idGenre) VALUES(5930986782417, 20);
INSERT INTO Book(ISBN, name, publication, edition, idPublisher) VALUES(3335124737690, 'Bleak House', '1969-2-27', 13, 4);
INSERT INTO BookWriter(idWriter, ISBN) VALUES(16, 3335124737690);
INSERT INTO BookLanguage(ISBN, codeLanguage) VALUES(3335124737690, 'PL');
INSERT INTO BookGenre(ISBN, idGenre) VALUES(3335124737690, 9);
INSERT INTO BookGenre(ISBN, idGenre) VALUES(3335124737690, 19);
INSERT INTO Book(ISBN, name, publication, edition, idPublisher) VALUES(5937933666033, 'Double Act', '1953-7-8', 1, 3);
INSERT INTO BookWriter(idWriter, ISBN) VALUES(26, 5937933666033);
INSERT INTO BookLanguage(ISBN, codeLanguage) VALUES(5937933666033, 'HU');
INSERT INTO BookLanguage(ISBN, codeLanguage) VALUES(5937933666033, 'IT');
INSERT INTO Book(ISBN, name, publication, edition, idPublisher) VALUES(8315700533817, 'The Twits', '1813-9-12', 2, 2);
INSERT INTO BookWriter(idWriter, ISBN) VALUES(29, 8315700533817);
INSERT INTO BookLanguage(ISBN, codeLanguage) VALUES(8315700533817, 'DE');
INSERT INTO BookGenre(ISBN, idGenre) VALUES(8315700533817, 24);
INSERT INTO BookGenre(ISBN, idGenre) VALUES(8315700533817, 29);
INSERT INTO Book(ISBN, name, publication, edition, idPublisher) VALUES(1951058400156, 'I Capture the Castle', '1840-8-4', 2, 1);
INSERT INTO Person(name, birth) VALUES('Dodie Smith', '1767-11-11');
INSERT INTO BookWriter(idWriter, ISBN) VALUES(61, 1951058400156);
INSERT INTO BookLanguage(ISBN, codeLanguage) VALUES(1951058400156, 'RO');
INSERT INTO BookGenre(ISBN, idGenre) VALUES(1951058400156, 5);
INSERT INTO BookGenre(ISBN, idGenre) VALUES(1951058400156, 0);
INSERT INTO Book(ISBN, name, publication, edition, idPublisher) VALUES(1173803916411, 'Holes', '1878-12-24', 1, 9);
INSERT INTO Person(name, birth) VALUES('Louis Sachar', '1858-4-7');
INSERT INTO BookWriter(idWriter, ISBN) VALUES(62, 1173803916411);
INSERT INTO BookLanguage(ISBN, codeLanguage) VALUES(1173803916411, 'NL');
INSERT INTO Book(ISBN, name, publication, edition, idPublisher) VALUES(6048274255075, 'Gormenghast', '1884-6-4', 13, 2);
INSERT INTO Person(name, birth) VALUES('Mervyn Peake', '1981-5-3');
INSERT INTO BookWriter(idWriter, ISBN) VALUES(63, 6048274255075);
INSERT INTO BookLanguage(ISBN, codeLanguage) VALUES(6048274255075, 'FR');
INSERT INTO BookGenre(ISBN, idGenre) VALUES(6048274255075, 10);
INSERT INTO BookGenre(ISBN, idGenre) VALUES(6048274255075, 7);
INSERT INTO Book(ISBN, name, publication, edition, idPublisher) VALUES(3743481782968, 'The God of Small Things', '1992-11-11', 7, 9);
INSERT INTO Person(name, birth) VALUES('Arundhati Roy', '1764-11-8');
INSERT INTO BookWriter(idWriter, ISBN) VALUES(64, 3743481782968);
INSERT INTO BookLanguage(ISBN, codeLanguage) VALUES(3743481782968, 'IT');
INSERT INTO Book(ISBN, name, publication, edition, idPublisher) VALUES(7442979293058, 'Vicky Angel', '1766-3-27', 8, 2);
INSERT INTO BookWriter(idWriter, ISBN) VALUES(26, 7442979293058);
INSERT INTO BookLanguage(ISBN, codeLanguage) VALUES(7442979293058, 'RO');
INSERT INTO BookGenre(ISBN, idGenre) VALUES(7442979293058, 18);
INSERT INTO BookGenre(ISBN, idGenre) VALUES(7442979293058, 3);
INSERT INTO Book(ISBN, name, publication, edition, idPublisher) VALUES(9661840598395, 'Brave New World', '1814-6-9', 9, 7);
INSERT INTO Person(name, birth) VALUES('Aldous Huxley', '1995-11-18');
INSERT INTO BookWriter(idWriter, ISBN) VALUES(65, 9661840598395);
INSERT INTO BookLanguage(ISBN, codeLanguage) VALUES(9661840598395, 'FR');
INSERT INTO BookGenre(ISBN, idGenre) VALUES(9661840598395, 24);
INSERT INTO Book(ISBN, name, publication, edition, idPublisher) VALUES(2427167578033, 'Cold Comfort Farm', '1739-1-8', 12, 9);
INSERT INTO Person(name, birth) VALUES('Stella Gibbons', '1884-10-8');
INSERT INTO BookWriter(idWriter, ISBN) VALUES(66, 2427167578033);
INSERT INTO BookLanguage(ISBN, codeLanguage) VALUES(2427167578033, 'PL');
INSERT INTO BookGenre(ISBN, idGenre) VALUES(2427167578033, 29);
INSERT INTO Book(ISBN, name, publication, edition, idPublisher) VALUES(6046141193450, 'Magician', '1998-8-7', 15, 9);
INSERT INTO Person(name, birth) VALUES('Raymond E. Feist', '1799-2-23');
INSERT INTO BookWriter(idWriter, ISBN) VALUES(67, 6046141193450);
INSERT INTO BookLanguage(ISBN, codeLanguage) VALUES(6046141193450, 'FR');
INSERT INTO BookLanguage(ISBN, codeLanguage) VALUES(6046141193450, 'HU');
INSERT INTO BookGenre(ISBN, idGenre) VALUES(6046141193450, 10);
INSERT INTO BookGenre(ISBN, idGenre) VALUES(6046141193450, 29);
INSERT INTO Book(ISBN, name, publication, edition, idPublisher) VALUES(3661372070672, 'On the Road', '1797-1-28', 12, 8);
INSERT INTO Person(name, birth) VALUES('Jack Kerouac', '1709-2-28');
INSERT INTO BookWriter(idWriter, ISBN) VALUES(68, 3661372070672);
INSERT INTO BookLanguage(ISBN, codeLanguage) VALUES(3661372070672, 'EN');
INSERT INTO BookLanguage(ISBN, codeLanguage) VALUES(3661372070672, 'EN');
INSERT INTO BookGenre(ISBN, idGenre) VALUES(3661372070672, 7);
INSERT INTO Book(ISBN, name, publication, edition, idPublisher) VALUES(6798976945921, 'The Godfather', '1757-6-15', 2, 2);
INSERT INTO Person(name, birth) VALUES('Mario Puzo', '1969-3-5');
INSERT INTO BookWriter(idWriter, ISBN) VALUES(69, 6798976945921);
INSERT INTO BookLanguage(ISBN, codeLanguage) VALUES(6798976945921, 'EN');
INSERT INTO BookLanguage(ISBN, codeLanguage) VALUES(6798976945921, 'HU');
INSERT INTO BookGenre(ISBN, idGenre) VALUES(6798976945921, 25);
INSERT INTO Book(ISBN, name, publication, edition, idPublisher) VALUES(9111302215701, 'The Clan of the Cave Bear', '1746-6-16', 7, 5);
INSERT INTO Person(name, birth) VALUES('Jean M. Auel', '1743-7-10');
INSERT INTO BookWriter(idWriter, ISBN) VALUES(70, 9111302215701);
INSERT INTO BookLanguage(ISBN, codeLanguage) VALUES(9111302215701, 'CZ');
INSERT INTO Book(ISBN, name, publication, edition, idPublisher) VALUES(5970861019785, 'The Colour of Magic', '1729-2-1', 13, 2);
INSERT INTO BookWriter(idWriter, ISBN) VALUES(50, 5970861019785);
INSERT INTO BookLanguage(ISBN, codeLanguage) VALUES(5970861019785, 'DE');
INSERT INTO BookGenre(ISBN, idGenre) VALUES(5970861019785, 24);
INSERT INTO BookGenre(ISBN, idGenre) VALUES(5970861019785, 17);
INSERT INTO Book(ISBN, name, publication, edition, idPublisher) VALUES(6209076237552, 'The Alchemist', '1833-1-27', 5, 7);
INSERT INTO Person(name, birth) VALUES('Paulo Coelho', '1876-3-7');
INSERT INTO BookWriter(idWriter, ISBN) VALUES(71, 6209076237552);
INSERT INTO BookLanguage(ISBN, codeLanguage) VALUES(6209076237552, 'RO');
INSERT INTO Book(ISBN, name, publication, edition, idPublisher) VALUES(6656268520558, 'Katherine', '1883-3-6', 2, 5);
INSERT INTO Person(name, birth) VALUES('Anya Seton', '2000-6-28');
INSERT INTO BookWriter(idWriter, ISBN) VALUES(72, 6656268520558);
INSERT INTO BookLanguage(ISBN, codeLanguage) VALUES(6656268520558, 'IT');
INSERT INTO BookLanguage(ISBN, codeLanguage) VALUES(6656268520558, 'PT');
INSERT INTO BookGenre(ISBN, idGenre) VALUES(6656268520558, 23);
INSERT INTO BookGenre(ISBN, idGenre) VALUES(6656268520558, 23);
INSERT INTO Book(ISBN, name, publication, edition, idPublisher) VALUES(4312939863338, 'Kane and Abel', '1900-9-11', 14, 4);
INSERT INTO Person(name, birth) VALUES('Jeffrey Archer', '1817-8-13');
INSERT INTO BookWriter(idWriter, ISBN) VALUES(73, 4312939863338);
INSERT INTO BookLanguage(ISBN, codeLanguage) VALUES(4312939863338, 'CZ');
INSERT INTO BookGenre(ISBN, idGenre) VALUES(4312939863338, 26);
INSERT INTO BookGenre(ISBN, idGenre) VALUES(4312939863338, 5);
INSERT INTO Book(ISBN, name, publication, edition, idPublisher) VALUES(9444259489230, 'Love in the Time of Cholera', '1795-4-8', 7, 3);
INSERT INTO BookWriter(idWriter, ISBN) VALUES(27, 9444259489230);
INSERT INTO BookLanguage(ISBN, codeLanguage) VALUES(9444259489230, 'EN');
INSERT INTO Book(ISBN, name, publication, edition, idPublisher) VALUES(1089479506662, 'Girls in Love', '1737-7-16', 14, 6);
INSERT INTO BookWriter(idWriter, ISBN) VALUES(26, 1089479506662);
INSERT INTO BookLanguage(ISBN, codeLanguage) VALUES(1089479506662, 'SV');
INSERT INTO Book(ISBN, name, publication, edition, idPublisher) VALUES(7985980043120, 'The Princess Diaries', '1921-12-23', 4, 2);
INSERT INTO Person(name, birth) VALUES('Meg Cabot', '1883-9-2');
INSERT INTO BookWriter(idWriter, ISBN) VALUES(74, 7985980043120);
INSERT INTO BookLanguage(ISBN, codeLanguage) VALUES(7985980043120, 'IT');
INSERT INTO Book(ISBN, name, publication, edition, idPublisher) VALUES(8130305859032, 'Midnights Children', '1998-1-3', 15, 2);
INSERT INTO Person(name, birth) VALUES('Salman Rushdie', '1927-5-4');
INSERT INTO BookWriter(idWriter, ISBN) VALUES(75, 8130305859032);
INSERT INTO BookLanguage(ISBN, codeLanguage) VALUES(8130305859032, 'DE');
INSERT INTO Book(ISBN, name, publication, edition, idPublisher) VALUES(1085372851763, 'Three Men in a Boat', '1935-5-5', 6, 7);
INSERT INTO Person(name, birth) VALUES('Jerome K. Jerome', '2000-9-2');
INSERT INTO BookWriter(idWriter, ISBN) VALUES(76, 1085372851763);
INSERT INTO BookLanguage(ISBN, codeLanguage) VALUES(1085372851763, 'RO');
INSERT INTO BookGenre(ISBN, idGenre) VALUES(1085372851763, 11);
INSERT INTO Book(ISBN, name, publication, edition, idPublisher) VALUES(5419209127370, 'Small Gods', '1963-4-21', 10, 1);
INSERT INTO BookWriter(idWriter, ISBN) VALUES(50, 5419209127370);
INSERT INTO BookLanguage(ISBN, codeLanguage) VALUES(5419209127370, 'EN');
INSERT INTO Book(ISBN, name, publication, edition, idPublisher) VALUES(7595108537637, 'The Beach', '2011-6-23', 10, 7);
INSERT INTO Person(name, birth) VALUES('Alex Garland', '1966-12-18');
INSERT INTO BookWriter(idWriter, ISBN) VALUES(77, 7595108537637);
INSERT INTO BookLanguage(ISBN, codeLanguage) VALUES(7595108537637, 'SV');
INSERT INTO BookLanguage(ISBN, codeLanguage) VALUES(7595108537637, 'CZ');
INSERT INTO BookGenre(ISBN, idGenre) VALUES(7595108537637, 0);
INSERT INTO BookGenre(ISBN, idGenre) VALUES(7595108537637, 13);
INSERT INTO Book(ISBN, name, publication, edition, idPublisher) VALUES(8077050381501, 'Dracula', '1849-9-11', 13, 7);
INSERT INTO Person(name, birth) VALUES('Bram Stoker', '1898-1-15');
INSERT INTO BookWriter(idWriter, ISBN) VALUES(78, 8077050381501);
INSERT INTO BookLanguage(ISBN, codeLanguage) VALUES(8077050381501, 'FR');
INSERT INTO BookGenre(ISBN, idGenre) VALUES(8077050381501, 2);
INSERT INTO BookGenre(ISBN, idGenre) VALUES(8077050381501, 23);
INSERT INTO Book(ISBN, name, publication, edition, idPublisher) VALUES(5617504502602, 'Point Blanc', '1774-2-26', 8, 8);
INSERT INTO Person(name, birth) VALUES('Anthony Horowitz', '1700-4-14');
INSERT INTO BookWriter(idWriter, ISBN) VALUES(79, 5617504502602);
INSERT INTO BookLanguage(ISBN, codeLanguage) VALUES(5617504502602, 'RO');
INSERT INTO BookGenre(ISBN, idGenre) VALUES(5617504502602, 13);
INSERT INTO Book(ISBN, name, publication, edition, idPublisher) VALUES(1872373166116, 'The Pickwick Papers', '1901-6-8', 7, 10);
INSERT INTO BookWriter(idWriter, ISBN) VALUES(16, 1872373166116);
INSERT INTO BookLanguage(ISBN, codeLanguage) VALUES(1872373166116, 'HU');
INSERT INTO Book(ISBN, name, publication, edition, idPublisher) VALUES(1432252463580, 'Stormbreaker', '1845-8-17', 14, 5);
INSERT INTO BookWriter(idWriter, ISBN) VALUES(79, 1432252463580);
INSERT INTO BookLanguage(ISBN, codeLanguage) VALUES(1432252463580, 'PL');
INSERT INTO BookGenre(ISBN, idGenre) VALUES(1432252463580, 4);
INSERT INTO Book(ISBN, name, publication, edition, idPublisher) VALUES(8968407510618, 'The Wasp Factory', '2017-5-17', 4, 2);
INSERT INTO Person(name, birth) VALUES('Iain Banks', '1874-7-9');
INSERT INTO BookWriter(idWriter, ISBN) VALUES(80, 8968407510618);
INSERT INTO BookLanguage(ISBN, codeLanguage) VALUES(8968407510618, 'PL');
INSERT INTO BookLanguage(ISBN, codeLanguage) VALUES(8968407510618, 'FR');
INSERT INTO Book(ISBN, name, publication, edition, idPublisher) VALUES(2588034479161, 'The Day of the Jackal', '1809-3-27', 14, 9);
INSERT INTO Person(name, birth) VALUES('Frederick Forsyth', '1864-6-16');
INSERT INTO BookWriter(idWriter, ISBN) VALUES(81, 2588034479161);
INSERT INTO BookLanguage(ISBN, codeLanguage) VALUES(2588034479161, 'DE');
INSERT INTO BookGenre(ISBN, idGenre) VALUES(2588034479161, 6);
INSERT INTO BookGenre(ISBN, idGenre) VALUES(2588034479161, 14);
INSERT INTO Book(ISBN, name, publication, edition, idPublisher) VALUES(9470100773704, 'The Illustrated Mum', '1983-12-5', 3, 4);
INSERT INTO BookWriter(idWriter, ISBN) VALUES(26, 9470100773704);
INSERT INTO BookLanguage(ISBN, codeLanguage) VALUES(9470100773704, 'DE');
INSERT INTO BookLanguage(ISBN, codeLanguage) VALUES(9470100773704, 'FR');
INSERT INTO BookGenre(ISBN, idGenre) VALUES(9470100773704, 22);
INSERT INTO BookGenre(ISBN, idGenre) VALUES(9470100773704, 10);
INSERT INTO Book(ISBN, name, publication, edition, idPublisher) VALUES(8519738968117, 'Jude the Obscure', '1807-5-5', 12, 8);
INSERT INTO BookWriter(idWriter, ISBN) VALUES(21, 8519738968117);
INSERT INTO BookLanguage(ISBN, codeLanguage) VALUES(8519738968117, 'ES');
INSERT INTO BookLanguage(ISBN, codeLanguage) VALUES(8519738968117, 'HU');
INSERT INTO BookGenre(ISBN, idGenre) VALUES(8519738968117, 13);
INSERT INTO BookGenre(ISBN, idGenre) VALUES(8519738968117, 25);
INSERT INTO Book(ISBN, name, publication, edition, idPublisher) VALUES(7318126478198, 'The Secret Diary of Adrian Mole, Aged 13¾', '1974-2-6', 8, 2);
INSERT INTO Person(name, birth) VALUES('Sue Townsend', '1846-4-2');
INSERT INTO BookWriter(idWriter, ISBN) VALUES(82, 7318126478198);
INSERT INTO BookLanguage(ISBN, codeLanguage) VALUES(7318126478198, 'IT');
INSERT INTO BookLanguage(ISBN, codeLanguage) VALUES(7318126478198, 'CZ');
INSERT INTO BookGenre(ISBN, idGenre) VALUES(7318126478198, 8);
INSERT INTO Book(ISBN, name, publication, edition, idPublisher) VALUES(7363464243064, 'The Cruel Sea', '2004-1-28', 1, 3);
INSERT INTO Person(name, birth) VALUES('Nicholas Monsarrat', '1927-6-12');
INSERT INTO BookWriter(idWriter, ISBN) VALUES(83, 7363464243064);
INSERT INTO BookLanguage(ISBN, codeLanguage) VALUES(7363464243064, 'RO');
INSERT INTO BookLanguage(ISBN, codeLanguage) VALUES(7363464243064, 'NL');
INSERT INTO BookGenre(ISBN, idGenre) VALUES(7363464243064, 10);
INSERT INTO BookGenre(ISBN, idGenre) VALUES(7363464243064, 20);
INSERT INTO Book(ISBN, name, publication, edition, idPublisher) VALUES(9022369620484, 'Les Misérables', '2003-12-24', 6, 4);
INSERT INTO Person(name, birth) VALUES('Victor Hugo', '1987-3-18');
INSERT INTO BookWriter(idWriter, ISBN) VALUES(84, 9022369620484);
INSERT INTO BookLanguage(ISBN, codeLanguage) VALUES(9022369620484, 'EN');
INSERT INTO BookGenre(ISBN, idGenre) VALUES(9022369620484, 20);
INSERT INTO Book(ISBN, name, publication, edition, idPublisher) VALUES(5862240403888, 'The Mayor of Casterbridge', '1982-3-1', 11, 2);
INSERT INTO BookWriter(idWriter, ISBN) VALUES(21, 5862240403888);
INSERT INTO BookLanguage(ISBN, codeLanguage) VALUES(5862240403888, 'FR');
INSERT INTO BookGenre(ISBN, idGenre) VALUES(5862240403888, 7);
INSERT INTO BookGenre(ISBN, idGenre) VALUES(5862240403888, 23);
INSERT INTO Book(ISBN, name, publication, edition, idPublisher) VALUES(3345935471016, 'The Dare Game', '1854-8-16', 12, 9);
INSERT INTO BookWriter(idWriter, ISBN) VALUES(26, 3345935471016);
INSERT INTO BookLanguage(ISBN, codeLanguage) VALUES(3345935471016, 'DE');
INSERT INTO Book(ISBN, name, publication, edition, idPublisher) VALUES(2652403619129, 'Bad Girls', '1798-10-25', 11, 3);
INSERT INTO BookWriter(idWriter, ISBN) VALUES(26, 2652403619129);
INSERT INTO BookLanguage(ISBN, codeLanguage) VALUES(2652403619129, 'HU');
INSERT INTO Book(ISBN, name, publication, edition, idPublisher) VALUES(4985350631643, 'The Picture of Dorian Gray', '1785-3-15', 10, 2);
INSERT INTO Person(name, birth) VALUES('Oscar Wilde', '1854-2-18');
INSERT INTO BookWriter(idWriter, ISBN) VALUES(85, 4985350631643);
INSERT INTO BookLanguage(ISBN, codeLanguage) VALUES(4985350631643, 'HU');
INSERT INTO Book(ISBN, name, publication, edition, idPublisher) VALUES(7070455941531, 'Shōgun', '1943-3-27', 3, 3);
INSERT INTO Person(name, birth) VALUES('James Clavell', '1899-9-9');
INSERT INTO BookWriter(idWriter, ISBN) VALUES(86, 7070455941531);
INSERT INTO BookLanguage(ISBN, codeLanguage) VALUES(7070455941531, 'PL');
INSERT INTO Book(ISBN, name, publication, edition, idPublisher) VALUES(1969265714242, 'The Day of the Triffids', '1884-6-22', 8, 3);
INSERT INTO Person(name, birth) VALUES('John Wyndham', '1988-4-17');
INSERT INTO BookWriter(idWriter, ISBN) VALUES(87, 1969265714242);
INSERT INTO BookLanguage(ISBN, codeLanguage) VALUES(1969265714242, 'DE');
INSERT INTO BookGenre(ISBN, idGenre) VALUES(1969265714242, 16);
INSERT INTO Book(ISBN, name, publication, edition, idPublisher) VALUES(7232381735666, 'Lola Rose', '1771-11-29', 9, 1);
INSERT INTO BookWriter(idWriter, ISBN) VALUES(26, 7232381735666);
INSERT INTO BookLanguage(ISBN, codeLanguage) VALUES(7232381735666, 'SV');
INSERT INTO BookGenre(ISBN, idGenre) VALUES(7232381735666, 6);
INSERT INTO Book(ISBN, name, publication, edition, idPublisher) VALUES(3368491563121, 'Vanity Fair', '1771-8-6', 14, 10);
INSERT INTO Person(name, birth) VALUES('William Makepeace Thackeray', '1999-12-2');
INSERT INTO BookWriter(idWriter, ISBN) VALUES(88, 3368491563121);
INSERT INTO BookLanguage(ISBN, codeLanguage) VALUES(3368491563121, 'SV');
INSERT INTO Book(ISBN, name, publication, edition, idPublisher) VALUES(2914801830473, 'The Forsyte Saga', '1855-12-19', 12, 1);
INSERT INTO Person(name, birth) VALUES('John Galsworthy', '1886-4-11');
INSERT INTO BookWriter(idWriter, ISBN) VALUES(89, 2914801830473);
INSERT INTO BookLanguage(ISBN, codeLanguage) VALUES(2914801830473, 'SV');
INSERT INTO BookGenre(ISBN, idGenre) VALUES(2914801830473, 25);
INSERT INTO Book(ISBN, name, publication, edition, idPublisher) VALUES(6081865412830, 'House of Leaves', '2015-12-26', 15, 9);
INSERT INTO Person(name, birth) VALUES('Mark Z. Danielewski', '1938-4-4');
INSERT INTO BookWriter(idWriter, ISBN) VALUES(90, 6081865412830);
INSERT INTO BookLanguage(ISBN, codeLanguage) VALUES(6081865412830, 'FR');
INSERT INTO BookLanguage(ISBN, codeLanguage) VALUES(6081865412830, 'HU');
INSERT INTO BookGenre(ISBN, idGenre) VALUES(6081865412830, 22);
INSERT INTO Book(ISBN, name, publication, edition, idPublisher) VALUES(8165367715653, 'The Poisonwood Bible', '1889-10-24', 5, 10);
INSERT INTO Person(name, birth) VALUES('Barbara Kingsolver', '1878-9-16');
INSERT INTO BookWriter(idWriter, ISBN) VALUES(91, 8165367715653);
INSERT INTO BookLanguage(ISBN, codeLanguage) VALUES(8165367715653, 'DE');
INSERT INTO BookGenre(ISBN, idGenre) VALUES(8165367715653, 24);
INSERT INTO Book(ISBN, name, publication, edition, idPublisher) VALUES(3474492616728, 'Reaper Man', '1858-5-23', 12, 1);
INSERT INTO BookWriter(idWriter, ISBN) VALUES(50, 3474492616728);
INSERT INTO BookLanguage(ISBN, codeLanguage) VALUES(3474492616728, 'IT');
INSERT INTO BookGenre(ISBN, idGenre) VALUES(3474492616728, 5);
INSERT INTO Book(ISBN, name, publication, edition, idPublisher) VALUES(4090839145508, 'Angus, Thongs and Full-Frontal Snogging', '1785-1-22', 12, 10);
INSERT INTO Person(name, birth) VALUES('Louise Rennison', '1933-3-20');
INSERT INTO BookWriter(idWriter, ISBN) VALUES(92, 4090839145508);
INSERT INTO BookLanguage(ISBN, codeLanguage) VALUES(4090839145508, 'HU');
INSERT INTO BookGenre(ISBN, idGenre) VALUES(4090839145508, 22);
INSERT INTO BookGenre(ISBN, idGenre) VALUES(4090839145508, 12);
INSERT INTO Book(ISBN, name, publication, edition, idPublisher) VALUES(6854622183054, 'The Hound of the Baskervilles', '1896-6-1', 12, 5);
INSERT INTO Person(name, birth) VALUES('Arthur Conan Doyle', '1801-5-2');
INSERT INTO BookWriter(idWriter, ISBN) VALUES(93, 6854622183054);
INSERT INTO BookLanguage(ISBN, codeLanguage) VALUES(6854622183054, 'DE');
INSERT INTO Book(ISBN, name, publication, edition, idPublisher) VALUES(9924159755229, 'Possession: A Romance', '1913-5-12', 12, 1);
INSERT INTO Person(name, birth) VALUES('A. S. Byatt', '1969-10-17');
INSERT INTO BookWriter(idWriter, ISBN) VALUES(94, 9924159755229);
INSERT INTO BookLanguage(ISBN, codeLanguage) VALUES(9924159755229, 'NL');
INSERT INTO BookGenre(ISBN, idGenre) VALUES(9924159755229, 9);
INSERT INTO Book(ISBN, name, publication, edition, idPublisher) VALUES(7343783917730, 'The Master and Margarita', '1913-2-2', 8, 2);
INSERT INTO Person(name, birth) VALUES('Mikhail Bulgakov', '1832-6-20');
INSERT INTO BookWriter(idWriter, ISBN) VALUES(95, 7343783917730);
INSERT INTO BookLanguage(ISBN, codeLanguage) VALUES(7343783917730, 'CZ');
INSERT INTO BookGenre(ISBN, idGenre) VALUES(7343783917730, 8);
INSERT INTO BookGenre(ISBN, idGenre) VALUES(7343783917730, 18);
INSERT INTO Book(ISBN, name, publication, edition, idPublisher) VALUES(8234803704414, 'The Handmaids Tale', '1883-12-16', 1, 6);
INSERT INTO Person(name, birth) VALUES('Margaret Atwood', '1749-6-24');
INSERT INTO BookWriter(idWriter, ISBN) VALUES(96, 8234803704414);
INSERT INTO BookLanguage(ISBN, codeLanguage) VALUES(8234803704414, 'RO');
INSERT INTO BookGenre(ISBN, idGenre) VALUES(8234803704414, 2);
INSERT INTO Book(ISBN, name, publication, edition, idPublisher) VALUES(2698536018732, 'Danny, the Champion of the World', '1969-7-16', 3, 7);
INSERT INTO BookWriter(idWriter, ISBN) VALUES(29, 2698536018732);
INSERT INTO BookLanguage(ISBN, codeLanguage) VALUES(2698536018732, 'CZ');
INSERT INTO BookGenre(ISBN, idGenre) VALUES(2698536018732, 16);
INSERT INTO BookGenre(ISBN, idGenre) VALUES(2698536018732, 19);
INSERT INTO Book(ISBN, name, publication, edition, idPublisher) VALUES(7305132243511, 'East of Eden', '1877-9-19', 9, 8);
INSERT INTO BookWriter(idWriter, ISBN) VALUES(24, 7305132243511);
INSERT INTO BookLanguage(ISBN, codeLanguage) VALUES(7305132243511, 'ES');
INSERT INTO BookGenre(ISBN, idGenre) VALUES(7305132243511, 28);
INSERT INTO BookGenre(ISBN, idGenre) VALUES(7305132243511, 18);
INSERT INTO Book(ISBN, name, publication, edition, idPublisher) VALUES(8878369106263, 'Georges Marvellous Medicine', '1745-9-25', 1, 2);
INSERT INTO BookWriter(idWriter, ISBN) VALUES(29, 8878369106263);
INSERT INTO BookLanguage(ISBN, codeLanguage) VALUES(8878369106263, 'PL');
INSERT INTO BookGenre(ISBN, idGenre) VALUES(8878369106263, 3);
INSERT INTO BookGenre(ISBN, idGenre) VALUES(8878369106263, 2);
INSERT INTO Book(ISBN, name, publication, edition, idPublisher) VALUES(7516676240251, 'Wyrd Sisters', '1991-12-27', 3, 5);
INSERT INTO BookWriter(idWriter, ISBN) VALUES(50, 7516676240251);
INSERT INTO BookLanguage(ISBN, codeLanguage) VALUES(7516676240251, 'SV');
INSERT INTO Book(ISBN, name, publication, edition, idPublisher) VALUES(5040847636009, 'The Color Purple', '1781-8-29', 10, 7);
INSERT INTO Person(name, birth) VALUES('Alice Walker', '1758-1-13');
INSERT INTO BookWriter(idWriter, ISBN) VALUES(97, 5040847636009);
INSERT INTO BookLanguage(ISBN, codeLanguage) VALUES(5040847636009, 'SV');
INSERT INTO BookGenre(ISBN, idGenre) VALUES(5040847636009, 18);
INSERT INTO BookGenre(ISBN, idGenre) VALUES(5040847636009, 28);
INSERT INTO Book(ISBN, name, publication, edition, idPublisher) VALUES(7173712045122, 'Hogfather', '1728-10-13', 2, 5);
INSERT INTO BookWriter(idWriter, ISBN) VALUES(50, 7173712045122);
INSERT INTO BookLanguage(ISBN, codeLanguage) VALUES(7173712045122, 'PT');
INSERT INTO BookGenre(ISBN, idGenre) VALUES(7173712045122, 23);
INSERT INTO BookGenre(ISBN, idGenre) VALUES(7173712045122, 19);
INSERT INTO Book(ISBN, name, publication, edition, idPublisher) VALUES(8259418412096, 'The Thirty-Nine Steps', '1877-5-10', 2, 2);
INSERT INTO Person(name, birth) VALUES('John Buchan', '1859-4-18');
INSERT INTO BookWriter(idWriter, ISBN) VALUES(98, 8259418412096);
INSERT INTO BookLanguage(ISBN, codeLanguage) VALUES(8259418412096, 'NL');
INSERT INTO BookGenre(ISBN, idGenre) VALUES(8259418412096, 20);
INSERT INTO Book(ISBN, name, publication, edition, idPublisher) VALUES(1289630917776, 'Girls in Tears', '1891-7-26', 14, 10);
INSERT INTO BookWriter(idWriter, ISBN) VALUES(26, 1289630917776);
INSERT INTO BookLanguage(ISBN, codeLanguage) VALUES(1289630917776, 'PL');
INSERT INTO BookLanguage(ISBN, codeLanguage) VALUES(1289630917776, 'PL');
INSERT INTO BookGenre(ISBN, idGenre) VALUES(1289630917776, 19);
INSERT INTO Book(ISBN, name, publication, edition, idPublisher) VALUES(3109533205439, 'Sleepovers', '1901-1-1', 7, 10);
INSERT INTO BookWriter(idWriter, ISBN) VALUES(26, 3109533205439);
INSERT INTO BookLanguage(ISBN, codeLanguage) VALUES(3109533205439, 'CZ');
INSERT INTO BookLanguage(ISBN, codeLanguage) VALUES(3109533205439, 'RO');
INSERT INTO Book(ISBN, name, publication, edition, idPublisher) VALUES(3320802983858, 'All Quiet on the Western Front', '1998-3-29', 14, 8);
INSERT INTO Person(name, birth) VALUES('Erich Maria Remarque', '1783-2-6');
INSERT INTO BookWriter(idWriter, ISBN) VALUES(99, 3320802983858);
INSERT INTO BookLanguage(ISBN, codeLanguage) VALUES(3320802983858, 'NL');
INSERT INTO Book(ISBN, name, publication, edition, idPublisher) VALUES(7443949822291, 'Behind the Scenes at the Museum', '1966-4-27', 13, 7);
INSERT INTO Person(name, birth) VALUES('Kate Atkinson', '1827-2-10');
INSERT INTO BookWriter(idWriter, ISBN) VALUES(100, 7443949822291);
INSERT INTO BookLanguage(ISBN, codeLanguage) VALUES(7443949822291, 'IT');
INSERT INTO BookGenre(ISBN, idGenre) VALUES(7443949822291, 23);
INSERT INTO BookGenre(ISBN, idGenre) VALUES(7443949822291, 1);
INSERT INTO Book(ISBN, name, publication, edition, idPublisher) VALUES(2976393412238, 'High Fidelity', '1850-6-4', 2, 7);
INSERT INTO Person(name, birth) VALUES('Nick Hornby', '1993-3-5');
INSERT INTO BookWriter(idWriter, ISBN) VALUES(101, 2976393412238);
INSERT INTO BookLanguage(ISBN, codeLanguage) VALUES(2976393412238, 'RO');
INSERT INTO Book(ISBN, name, publication, edition, idPublisher) VALUES(1661512756703, 'It', '1799-5-5', 11, 7);
INSERT INTO BookWriter(idWriter, ISBN) VALUES(41, 1661512756703);
INSERT INTO BookLanguage(ISBN, codeLanguage) VALUES(1661512756703, 'NL');
INSERT INTO BookLanguage(ISBN, codeLanguage) VALUES(1661512756703, 'EN');
INSERT INTO BookGenre(ISBN, idGenre) VALUES(1661512756703, 27);
INSERT INTO BookGenre(ISBN, idGenre) VALUES(1661512756703, 19);
INSERT INTO Book(ISBN, name, publication, edition, idPublisher) VALUES(5376620039962, 'James and the Giant Peach', '1959-7-9', 7, 9);
INSERT INTO BookWriter(idWriter, ISBN) VALUES(29, 5376620039962);
INSERT INTO BookLanguage(ISBN, codeLanguage) VALUES(5376620039962, 'RO');
INSERT INTO BookLanguage(ISBN, codeLanguage) VALUES(5376620039962, 'HU');
INSERT INTO BookGenre(ISBN, idGenre) VALUES(5376620039962, 29);
INSERT INTO BookGenre(ISBN, idGenre) VALUES(5376620039962, 5);
INSERT INTO Book(ISBN, name, publication, edition, idPublisher) VALUES(5080784491023, 'The Green Mile', '1824-8-9', 12, 7);
INSERT INTO BookWriter(idWriter, ISBN) VALUES(41, 5080784491023);
INSERT INTO BookLanguage(ISBN, codeLanguage) VALUES(5080784491023, 'DE');
INSERT INTO BookLanguage(ISBN, codeLanguage) VALUES(5080784491023, 'FR');
INSERT INTO BookGenre(ISBN, idGenre) VALUES(5080784491023, 0);
INSERT INTO BookGenre(ISBN, idGenre) VALUES(5080784491023, 26);
INSERT INTO Book(ISBN, name, publication, edition, idPublisher) VALUES(6070286441742, 'Papillon', '1853-6-5', 2, 8);
INSERT INTO Person(name, birth) VALUES('Henri Charrière', '1883-1-3');
INSERT INTO BookWriter(idWriter, ISBN) VALUES(102, 6070286441742);
INSERT INTO BookLanguage(ISBN, codeLanguage) VALUES(6070286441742, 'IT');
INSERT INTO BookGenre(ISBN, idGenre) VALUES(6070286441742, 0);
INSERT INTO BookGenre(ISBN, idGenre) VALUES(6070286441742, 25);
INSERT INTO Book(ISBN, name, publication, edition, idPublisher) VALUES(3515585535524, 'Men at Arms', '1986-1-22', 11, 5);
INSERT INTO BookWriter(idWriter, ISBN) VALUES(50, 3515585535524);
INSERT INTO BookLanguage(ISBN, codeLanguage) VALUES(3515585535524, 'IT');
INSERT INTO BookLanguage(ISBN, codeLanguage) VALUES(3515585535524, 'DE');
INSERT INTO BookGenre(ISBN, idGenre) VALUES(3515585535524, 23);
INSERT INTO Book(ISBN, name, publication, edition, idPublisher) VALUES(3647600848622, 'Master and Commander', '1942-7-17', 8, 2);
INSERT INTO Person(name, birth) VALUES('Patrick OBrian', '1772-5-13');
INSERT INTO BookWriter(idWriter, ISBN) VALUES(103, 3647600848622);
INSERT INTO BookLanguage(ISBN, codeLanguage) VALUES(3647600848622, 'HU');
INSERT INTO BookGenre(ISBN, idGenre) VALUES(3647600848622, 23);
INSERT INTO BookGenre(ISBN, idGenre) VALUES(3647600848622, 26);
INSERT INTO Book(ISBN, name, publication, edition, idPublisher) VALUES(5432526588020, 'Skeleton Key', '1891-2-14', 11, 7);
INSERT INTO BookWriter(idWriter, ISBN) VALUES(79, 5432526588020);
INSERT INTO BookLanguage(ISBN, codeLanguage) VALUES(5432526588020, 'SV');
INSERT INTO BookGenre(ISBN, idGenre) VALUES(5432526588020, 7);
INSERT INTO BookGenre(ISBN, idGenre) VALUES(5432526588020, 12);
INSERT INTO Book(ISBN, name, publication, edition, idPublisher) VALUES(3943826804498, 'Soul Music', '2020-7-21', 2, 6);
INSERT INTO BookWriter(idWriter, ISBN) VALUES(50, 3943826804498);
INSERT INTO BookLanguage(ISBN, codeLanguage) VALUES(3943826804498, 'CZ');
INSERT INTO BookGenre(ISBN, idGenre) VALUES(3943826804498, 20);
INSERT INTO Book(ISBN, name, publication, edition, idPublisher) VALUES(5901883850565, 'Thief of Time', '1947-3-18', 4, 2);
INSERT INTO BookWriter(idWriter, ISBN) VALUES(50, 5901883850565);
INSERT INTO BookLanguage(ISBN, codeLanguage) VALUES(5901883850565, 'ES');
INSERT INTO BookLanguage(ISBN, codeLanguage) VALUES(5901883850565, 'EN');
INSERT INTO BookGenre(ISBN, idGenre) VALUES(5901883850565, 11);
INSERT INTO Book(ISBN, name, publication, edition, idPublisher) VALUES(8687565047422, 'The Fifth Elephant', '1976-9-3', 3, 4);
INSERT INTO BookWriter(idWriter, ISBN) VALUES(50, 8687565047422);
INSERT INTO BookLanguage(ISBN, codeLanguage) VALUES(8687565047422, 'PL');
INSERT INTO BookGenre(ISBN, idGenre) VALUES(8687565047422, 8);
INSERT INTO BookGenre(ISBN, idGenre) VALUES(8687565047422, 11);
INSERT INTO Book(ISBN, name, publication, edition, idPublisher) VALUES(3059771076488, 'Atonement', '1851-1-24', 3, 5);
INSERT INTO Person(name, birth) VALUES('Ian McEwan', '1768-3-22');
INSERT INTO BookWriter(idWriter, ISBN) VALUES(104, 3059771076488);
INSERT INTO BookLanguage(ISBN, codeLanguage) VALUES(3059771076488, 'DE');
INSERT INTO BookLanguage(ISBN, codeLanguage) VALUES(3059771076488, 'HU');
INSERT INTO Book(ISBN, name, publication, edition, idPublisher) VALUES(3124548480863, 'Secrets', '2018-9-22', 13, 3);
INSERT INTO BookWriter(idWriter, ISBN) VALUES(26, 3124548480863);
INSERT INTO BookLanguage(ISBN, codeLanguage) VALUES(3124548480863, 'NL');
INSERT INTO BookLanguage(ISBN, codeLanguage) VALUES(3124548480863, 'PT');
INSERT INTO BookGenre(ISBN, idGenre) VALUES(3124548480863, 2);
INSERT INTO Book(ISBN, name, publication, edition, idPublisher) VALUES(1236634753144, 'The Silver Sword', '1986-6-22', 14, 2);
INSERT INTO Person(name, birth) VALUES('Ian Serraillier', '1717-9-7');
INSERT INTO BookWriter(idWriter, ISBN) VALUES(105, 1236634753144);
INSERT INTO BookLanguage(ISBN, codeLanguage) VALUES(1236634753144, 'CZ');
INSERT INTO Book(ISBN, name, publication, edition, idPublisher) VALUES(3838346697204, 'One Flew Over the Cuckoos Nest', '1925-10-15', 11, 9);
INSERT INTO Person(name, birth) VALUES('Ken Kesey', '1947-3-11');
INSERT INTO BookWriter(idWriter, ISBN) VALUES(106, 3838346697204);
INSERT INTO BookLanguage(ISBN, codeLanguage) VALUES(3838346697204, 'SV');
INSERT INTO Book(ISBN, name, publication, edition, idPublisher) VALUES(6695217209875, 'Heart of Darkness', '1924-2-6', 3, 8);
INSERT INTO Person(name, birth) VALUES('Joseph Conrad', '1729-6-28');
INSERT INTO BookWriter(idWriter, ISBN) VALUES(107, 6695217209875);
INSERT INTO BookLanguage(ISBN, codeLanguage) VALUES(6695217209875, 'IT');
INSERT INTO BookGenre(ISBN, idGenre) VALUES(6695217209875, 26);
INSERT INTO Book(ISBN, name, publication, edition, idPublisher) VALUES(8294984634266, 'Kim', '1751-7-10', 6, 3);
INSERT INTO Person(name, birth) VALUES('Rudyard Kipling', '1897-5-9');
INSERT INTO BookWriter(idWriter, ISBN) VALUES(108, 8294984634266);
INSERT INTO BookLanguage(ISBN, codeLanguage) VALUES(8294984634266, 'CZ');
INSERT INTO Book(ISBN, name, publication, edition, idPublisher) VALUES(1785275770589, 'Cross Stitch', '1983-12-24', 14, 9);
INSERT INTO Person(name, birth) VALUES('Diana Gabaldon', '1995-4-17');
INSERT INTO BookWriter(idWriter, ISBN) VALUES(109, 1785275770589);
INSERT INTO BookLanguage(ISBN, codeLanguage) VALUES(1785275770589, 'DE');
INSERT INTO Book(ISBN, name, publication, edition, idPublisher) VALUES(7604558895367, 'River God', '1934-8-5', 10, 10);
INSERT INTO Person(name, birth) VALUES('Wilbur Smith', '1948-6-15');
INSERT INTO BookWriter(idWriter, ISBN) VALUES(110, 7604558895367);
INSERT INTO BookLanguage(ISBN, codeLanguage) VALUES(7604558895367, 'EN');
INSERT INTO BookGenre(ISBN, idGenre) VALUES(7604558895367, 11);
INSERT INTO Book(ISBN, name, publication, edition, idPublisher) VALUES(7066809525481, 'Sunset Song', '2013-6-6', 5, 5);
INSERT INTO Person(name, birth) VALUES('Lewis Grassic Gibbon', '1949-6-4');
INSERT INTO BookWriter(idWriter, ISBN) VALUES(111, 7066809525481);
INSERT INTO BookLanguage(ISBN, codeLanguage) VALUES(7066809525481, 'RO');
INSERT INTO BookGenre(ISBN, idGenre) VALUES(7066809525481, 28);
INSERT INTO BookGenre(ISBN, idGenre) VALUES(7066809525481, 11);
INSERT INTO Book(ISBN, name, publication, edition, idPublisher) VALUES(9817953431892, 'The Shipping News', '1783-4-18', 9, 8);
INSERT INTO Person(name, birth) VALUES('E. Annie Proulx', '1874-12-11');
INSERT INTO BookWriter(idWriter, ISBN) VALUES(112, 9817953431892);
INSERT INTO BookLanguage(ISBN, codeLanguage) VALUES(9817953431892, 'ES');
INSERT INTO Book(ISBN, name, publication, edition, idPublisher) VALUES(7005731438832, 'The World According to Garp', '2003-4-17', 4, 2);
INSERT INTO BookWriter(idWriter, ISBN) VALUES(23, 7005731438832);
INSERT INTO BookLanguage(ISBN, codeLanguage) VALUES(7005731438832, 'PT');
INSERT INTO Book(ISBN, name, publication, edition, idPublisher) VALUES(1894979372634, 'Lorna Doone', '1823-7-15', 12, 5);
INSERT INTO Person(name, birth) VALUES('R. D. Blackmore', '1786-8-25');
INSERT INTO BookWriter(idWriter, ISBN) VALUES(113, 1894979372634);
INSERT INTO BookLanguage(ISBN, codeLanguage) VALUES(1894979372634, 'FR');
INSERT INTO BookGenre(ISBN, idGenre) VALUES(1894979372634, 1);
INSERT INTO Book(ISBN, name, publication, edition, idPublisher) VALUES(3136681643152, 'Girls Out Late', '1931-7-11', 2, 4);
INSERT INTO BookWriter(idWriter, ISBN) VALUES(26, 3136681643152);
INSERT INTO BookLanguage(ISBN, codeLanguage) VALUES(3136681643152, 'DE');
INSERT INTO BookGenre(ISBN, idGenre) VALUES(3136681643152, 22);
INSERT INTO Book(ISBN, name, publication, edition, idPublisher) VALUES(1812592358331, 'The Far Pavilions', '1902-5-26', 12, 9);
INSERT INTO Person(name, birth) VALUES('M. M. Kaye', '1716-12-24');
INSERT INTO BookWriter(idWriter, ISBN) VALUES(114, 1812592358331);
INSERT INTO BookLanguage(ISBN, codeLanguage) VALUES(1812592358331, 'NL');
INSERT INTO BookGenre(ISBN, idGenre) VALUES(1812592358331, 25);
INSERT INTO BookGenre(ISBN, idGenre) VALUES(1812592358331, 23);
INSERT INTO Book(ISBN, name, publication, edition, idPublisher) VALUES(7751521422308, 'The Witches', '1876-12-22', 8, 10);
INSERT INTO BookWriter(idWriter, ISBN) VALUES(29, 7751521422308);
INSERT INTO BookLanguage(ISBN, codeLanguage) VALUES(7751521422308, 'SV');
INSERT INTO BookLanguage(ISBN, codeLanguage) VALUES(7751521422308, 'HU');
INSERT INTO BookGenre(ISBN, idGenre) VALUES(7751521422308, 5);
INSERT INTO Book(ISBN, name, publication, edition, idPublisher) VALUES(1294166034411, 'Charlottes Web', '1837-6-29', 9, 3);
INSERT INTO Person(name, birth) VALUES('E. B. White', '1971-3-29');
INSERT INTO BookWriter(idWriter, ISBN) VALUES(115, 1294166034411);
INSERT INTO BookLanguage(ISBN, codeLanguage) VALUES(1294166034411, 'FR');
INSERT INTO BookGenre(ISBN, idGenre) VALUES(1294166034411, 8);
INSERT INTO Book(ISBN, name, publication, edition, idPublisher) VALUES(6331752746575, 'Frankenstein', '1828-11-13', 4, 9);
INSERT INTO Person(name, birth) VALUES('Mary Shelley', '1907-2-9');
INSERT INTO BookWriter(idWriter, ISBN) VALUES(116, 6331752746575);
INSERT INTO BookLanguage(ISBN, codeLanguage) VALUES(6331752746575, 'RO');
INSERT INTO BookGenre(ISBN, idGenre) VALUES(6331752746575, 16);
INSERT INTO BookGenre(ISBN, idGenre) VALUES(6331752746575, 13);
INSERT INTO Book(ISBN, name, publication, edition, idPublisher) VALUES(7964155225888, 'They Used to Play on Grass', '1735-5-2', 14, 3);
INSERT INTO Person(name, birth) VALUES('Terry Venables', '1753-10-17');
INSERT INTO BookWriter(idWriter, ISBN) VALUES(117, 7964155225888);
INSERT INTO BookWriter(idWriter, ISBN) VALUES(117, 7964155225888);
INSERT INTO BookLanguage(ISBN, codeLanguage) VALUES(7964155225888, 'IT');
INSERT INTO Book(ISBN, name, publication, edition, idPublisher) VALUES(3284583526506, 'The Old Man and the Sea', '2020-10-7', 6, 10);
INSERT INTO Person(name, birth) VALUES('Ernest Hemingway', '1819-2-21');
INSERT INTO BookWriter(idWriter, ISBN) VALUES(118, 3284583526506);
INSERT INTO BookLanguage(ISBN, codeLanguage) VALUES(3284583526506, 'PL');
INSERT INTO BookGenre(ISBN, idGenre) VALUES(3284583526506, 2);
INSERT INTO Book(ISBN, name, publication, edition, idPublisher) VALUES(6182643299667, 'The Name of the Rose', '1890-12-28', 8, 2);
INSERT INTO Person(name, birth) VALUES('Umberto Eco', '1862-4-20');
INSERT INTO BookWriter(idWriter, ISBN) VALUES(119, 6182643299667);
INSERT INTO BookLanguage(ISBN, codeLanguage) VALUES(6182643299667, 'PT');
INSERT INTO BookGenre(ISBN, idGenre) VALUES(6182643299667, 25);
INSERT INTO Book(ISBN, name, publication, edition, idPublisher) VALUES(3294974411780, 'Sophies World', '1999-4-1', 13, 7);
INSERT INTO Person(name, birth) VALUES('Jostein Gaarder', '1943-2-7');
INSERT INTO BookWriter(idWriter, ISBN) VALUES(120, 3294974411780);
INSERT INTO BookLanguage(ISBN, codeLanguage) VALUES(3294974411780, 'CZ');
INSERT INTO BookGenre(ISBN, idGenre) VALUES(3294974411780, 9);
INSERT INTO BookGenre(ISBN, idGenre) VALUES(3294974411780, 18);
INSERT INTO Book(ISBN, name, publication, edition, idPublisher) VALUES(3614397005330, 'Dustbin Baby', '1820-9-18', 1, 4);
INSERT INTO BookWriter(idWriter, ISBN) VALUES(26, 3614397005330);
INSERT INTO BookLanguage(ISBN, codeLanguage) VALUES(3614397005330, 'HU');
INSERT INTO BookGenre(ISBN, idGenre) VALUES(3614397005330, 20);
INSERT INTO BookGenre(ISBN, idGenre) VALUES(3614397005330, 3);
INSERT INTO Book(ISBN, name, publication, edition, idPublisher) VALUES(7882406731737, 'Fantastic Mr Fox', '1828-1-23', 8, 3);
INSERT INTO BookWriter(idWriter, ISBN) VALUES(29, 7882406731737);
INSERT INTO BookLanguage(ISBN, codeLanguage) VALUES(7882406731737, 'HU');
INSERT INTO BookGenre(ISBN, idGenre) VALUES(7882406731737, 26);
INSERT INTO BookGenre(ISBN, idGenre) VALUES(7882406731737, 4);
INSERT INTO Book(ISBN, name, publication, edition, idPublisher) VALUES(7628331091514, 'Lolita', '1776-6-1', 5, 2);
INSERT INTO Person(name, birth) VALUES('Vladimir Nabokov', '1730-3-19');
INSERT INTO BookWriter(idWriter, ISBN) VALUES(121, 7628331091514);
INSERT INTO BookLanguage(ISBN, codeLanguage) VALUES(7628331091514, 'PL');
INSERT INTO Book(ISBN, name, publication, edition, idPublisher) VALUES(9055660075843, 'Jonathan Livingston Seagull', '1774-10-1', 8, 8);
INSERT INTO Person(name, birth) VALUES('Richard Bach', '1767-4-8');
INSERT INTO BookWriter(idWriter, ISBN) VALUES(122, 9055660075843);
INSERT INTO BookLanguage(ISBN, codeLanguage) VALUES(9055660075843, 'EN');
INSERT INTO Book(ISBN, name, publication, edition, idPublisher) VALUES(4862660457189, 'The Little Prince', '1847-8-20', 15, 10);
INSERT INTO Person(name, birth) VALUES('Antoine de Saint-Exupéry', '1792-2-8');
INSERT INTO BookWriter(idWriter, ISBN) VALUES(123, 4862660457189);
INSERT INTO BookLanguage(ISBN, codeLanguage) VALUES(4862660457189, 'PL');
INSERT INTO BookGenre(ISBN, idGenre) VALUES(4862660457189, 13);
INSERT INTO BookGenre(ISBN, idGenre) VALUES(4862660457189, 8);
INSERT INTO Book(ISBN, name, publication, edition, idPublisher) VALUES(7057351315808, 'The Suitcase Kid', '1888-3-29', 14, 3);
INSERT INTO BookWriter(idWriter, ISBN) VALUES(26, 7057351315808);
INSERT INTO BookLanguage(ISBN, codeLanguage) VALUES(7057351315808, 'DE');
INSERT INTO BookGenre(ISBN, idGenre) VALUES(7057351315808, 12);
INSERT INTO Book(ISBN, name, publication, edition, idPublisher) VALUES(5122375413772, 'Oliver Twist', '1993-11-18', 15, 5);
INSERT INTO BookWriter(idWriter, ISBN) VALUES(16, 5122375413772);
INSERT INTO BookLanguage(ISBN, codeLanguage) VALUES(5122375413772, 'EN');
INSERT INTO BookGenre(ISBN, idGenre) VALUES(5122375413772, 21);
INSERT INTO Book(ISBN, name, publication, edition, idPublisher) VALUES(1881986268565, 'The Power of One', '1778-5-29', 5, 7);
INSERT INTO Person(name, birth) VALUES('Bryce Courtenay', '1916-1-9');
INSERT INTO BookWriter(idWriter, ISBN) VALUES(124, 1881986268565);
INSERT INTO BookLanguage(ISBN, codeLanguage) VALUES(1881986268565, 'RO');
INSERT INTO Book(ISBN, name, publication, edition, idPublisher) VALUES(6894800928214, 'Silas Marner', '1998-6-2', 15, 5);
INSERT INTO BookWriter(idWriter, ISBN) VALUES(22, 6894800928214);
INSERT INTO BookLanguage(ISBN, codeLanguage) VALUES(6894800928214, 'ES');
INSERT INTO BookGenre(ISBN, idGenre) VALUES(6894800928214, 18);
INSERT INTO BookGenre(ISBN, idGenre) VALUES(6894800928214, 5);
INSERT INTO Book(ISBN, name, publication, edition, idPublisher) VALUES(8357583937744, 'American Psycho', '1812-8-29', 15, 1);
INSERT INTO Person(name, birth) VALUES('Bret Easton Ellis', '1880-11-13');
INSERT INTO BookWriter(idWriter, ISBN) VALUES(125, 8357583937744);
INSERT INTO BookLanguage(ISBN, codeLanguage) VALUES(8357583937744, 'SV');
INSERT INTO BookGenre(ISBN, idGenre) VALUES(8357583937744, 28);
INSERT INTO BookGenre(ISBN, idGenre) VALUES(8357583937744, 14);
INSERT INTO Book(ISBN, name, publication, edition, idPublisher) VALUES(2084317146643, 'The Diary of a Nobody', '1856-5-21', 7, 2);
INSERT INTO Person(name, birth) VALUES('George Grossmith', '1978-11-11');
INSERT INTO BookWriter(idWriter, ISBN) VALUES(126, 2084317146643);
INSERT INTO BookWriter(idWriter, ISBN) VALUES(126, 2084317146643);
INSERT INTO BookLanguage(ISBN, codeLanguage) VALUES(2084317146643, 'ES');
INSERT INTO BookLanguage(ISBN, codeLanguage) VALUES(2084317146643, 'CZ');
INSERT INTO Book(ISBN, name, publication, edition, idPublisher) VALUES(3599729156120, 'Trainspotting', '1819-5-21', 15, 3);
INSERT INTO Person(name, birth) VALUES('Irvine Welsh', '1748-5-13');
INSERT INTO BookWriter(idWriter, ISBN) VALUES(127, 3599729156120);
INSERT INTO BookLanguage(ISBN, codeLanguage) VALUES(3599729156120, 'RO');
INSERT INTO BookLanguage(ISBN, codeLanguage) VALUES(3599729156120, 'DE');
INSERT INTO BookGenre(ISBN, idGenre) VALUES(3599729156120, 0);
INSERT INTO BookGenre(ISBN, idGenre) VALUES(3599729156120, 0);
INSERT INTO Book(ISBN, name, publication, edition, idPublisher) VALUES(8534542341130, 'Goosebumps', '2013-8-2', 8, 7);
INSERT INTO Person(name, birth) VALUES('R. L. Stine', '1705-11-25');
INSERT INTO BookWriter(idWriter, ISBN) VALUES(128, 8534542341130);
INSERT INTO BookLanguage(ISBN, codeLanguage) VALUES(8534542341130, 'IT');
INSERT INTO BookLanguage(ISBN, codeLanguage) VALUES(8534542341130, 'ES');
INSERT INTO Book(ISBN, name, publication, edition, idPublisher) VALUES(9603418911055, 'Heidi', '1949-3-19', 15, 6);
INSERT INTO Person(name, birth) VALUES('Johanna Spyri', '1726-5-5');
INSERT INTO BookWriter(idWriter, ISBN) VALUES(129, 9603418911055);
INSERT INTO BookLanguage(ISBN, codeLanguage) VALUES(9603418911055, 'CZ');
INSERT INTO BookGenre(ISBN, idGenre) VALUES(9603418911055, 7);
INSERT INTO BookGenre(ISBN, idGenre) VALUES(9603418911055, 2);
INSERT INTO Book(ISBN, name, publication, edition, idPublisher) VALUES(7088202483640, 'Sons and Lovers', '1818-10-24', 8, 10);
INSERT INTO Person(name, birth) VALUES('D. H. Lawrence', '2001-2-9');
INSERT INTO BookWriter(idWriter, ISBN) VALUES(130, 7088202483640);
INSERT INTO BookLanguage(ISBN, codeLanguage) VALUES(7088202483640, 'DE');
INSERT INTO BookGenre(ISBN, idGenre) VALUES(7088202483640, 21);
INSERT INTO Book(ISBN, name, publication, edition, idPublisher) VALUES(5374426302238, 'The Unbearable Lightness of Being', '1809-8-1', 9, 4);
INSERT INTO Person(name, birth) VALUES('Milan Kundera', '2002-11-16');
INSERT INTO BookWriter(idWriter, ISBN) VALUES(131, 5374426302238);
INSERT INTO BookLanguage(ISBN, codeLanguage) VALUES(5374426302238, 'CZ');
INSERT INTO Book(ISBN, name, publication, edition, idPublisher) VALUES(1362736631747, 'Man and Boy', '1793-1-26', 14, 4);
INSERT INTO Person(name, birth) VALUES('Tony Parsons', '1945-4-10');
INSERT INTO BookWriter(idWriter, ISBN) VALUES(132, 1362736631747);
INSERT INTO BookLanguage(ISBN, codeLanguage) VALUES(1362736631747, 'FR');
INSERT INTO BookGenre(ISBN, idGenre) VALUES(1362736631747, 1);
INSERT INTO Book(ISBN, name, publication, edition, idPublisher) VALUES(3905621145257, 'The Truth', '1835-5-7', 7, 1);
INSERT INTO BookWriter(idWriter, ISBN) VALUES(50, 3905621145257);
INSERT INTO BookLanguage(ISBN, codeLanguage) VALUES(3905621145257, 'PT');
INSERT INTO BookGenre(ISBN, idGenre) VALUES(3905621145257, 1);
INSERT INTO BookGenre(ISBN, idGenre) VALUES(3905621145257, 3);
INSERT INTO Book(ISBN, name, publication, edition, idPublisher) VALUES(3398994322670, 'The War of the Worlds', '1849-6-24', 6, 4);
INSERT INTO Person(name, birth) VALUES('H. G. Wells', '1995-11-8');
INSERT INTO BookWriter(idWriter, ISBN) VALUES(133, 3398994322670);
INSERT INTO BookLanguage(ISBN, codeLanguage) VALUES(3398994322670, 'PT');
INSERT INTO Book(ISBN, name, publication, edition, idPublisher) VALUES(6728589302857, 'The Horse Whisperer', '1859-6-19', 8, 8);
INSERT INTO Person(name, birth) VALUES('Nicholas Evans', '1961-3-23');
INSERT INTO BookWriter(idWriter, ISBN) VALUES(134, 6728589302857);
INSERT INTO BookLanguage(ISBN, codeLanguage) VALUES(6728589302857, 'PL');
INSERT INTO BookGenre(ISBN, idGenre) VALUES(6728589302857, 0);
INSERT INTO Book(ISBN, name, publication, edition, idPublisher) VALUES(9205053146210, 'A Fine Balance', '1901-8-20', 5, 4);
INSERT INTO Person(name, birth) VALUES('Rohinton Mistry', '1945-8-14');
INSERT INTO BookWriter(idWriter, ISBN) VALUES(135, 9205053146210);
INSERT INTO BookLanguage(ISBN, codeLanguage) VALUES(9205053146210, 'PT');
INSERT INTO BookLanguage(ISBN, codeLanguage) VALUES(9205053146210, 'RO');
INSERT INTO BookGenre(ISBN, idGenre) VALUES(9205053146210, 24);
INSERT INTO Book(ISBN, name, publication, edition, idPublisher) VALUES(2565975477986, 'Witches Abroad', '1899-1-15', 3, 3);
INSERT INTO BookWriter(idWriter, ISBN) VALUES(50, 2565975477986);
INSERT INTO BookLanguage(ISBN, codeLanguage) VALUES(2565975477986, 'RO');
INSERT INTO BookGenre(ISBN, idGenre) VALUES(2565975477986, 22);
INSERT INTO Book(ISBN, name, publication, edition, idPublisher) VALUES(4835515337277, 'The Once and Future King', '1959-7-27', 2, 3);
INSERT INTO Person(name, birth) VALUES('T. H. White', '1847-7-20');
INSERT INTO BookWriter(idWriter, ISBN) VALUES(136, 4835515337277);
INSERT INTO BookLanguage(ISBN, codeLanguage) VALUES(4835515337277, 'IT');
INSERT INTO BookGenre(ISBN, idGenre) VALUES(4835515337277, 23);
INSERT INTO BookGenre(ISBN, idGenre) VALUES(4835515337277, 23);
INSERT INTO Book(ISBN, name, publication, edition, idPublisher) VALUES(5672401112288, 'The Very Hungry Caterpillar', '1829-11-16', 10, 2);
INSERT INTO Person(name, birth) VALUES('Eric Carle', '1891-5-15');
INSERT INTO BookWriter(idWriter, ISBN) VALUES(137, 5672401112288);
INSERT INTO BookLanguage(ISBN, codeLanguage) VALUES(5672401112288, 'PT');
INSERT INTO BookLanguage(ISBN, codeLanguage) VALUES(5672401112288, 'SV');
INSERT INTO BookGenre(ISBN, idGenre) VALUES(5672401112288, 17);
INSERT INTO BookGenre(ISBN, idGenre) VALUES(5672401112288, 20);
INSERT INTO Book(ISBN, name, publication, edition, idPublisher) VALUES(3723762165348, 'Flowers in the Attic', '1843-4-13', 9, 2);
INSERT INTO Person(name, birth) VALUES('V. C. Andrews', '1760-3-23');
INSERT INTO BookWriter(idWriter, ISBN) VALUES(138, 3723762165348);
INSERT INTO BookLanguage(ISBN, codeLanguage) VALUES(3723762165348, 'HU');
INSERT INTO BookGenre(ISBN, idGenre) VALUES(3723762165348, 25);
INSERT INTO BookGenre(ISBN, idGenre) VALUES(3723762165348, 13);
INSERT INTO Book(ISBN, name, publication, edition, idPublisher) VALUES(3660426800707, 'For Whom the Bell Tolls', '1752-10-28', 12, 5);
INSERT INTO BookWriter(idWriter, ISBN) VALUES(118, 3660426800707);
INSERT INTO BookLanguage(ISBN, codeLanguage) VALUES(3660426800707, 'RO');
INSERT INTO BookGenre(ISBN, idGenre) VALUES(3660426800707, 26);
INSERT INTO BookGenre(ISBN, idGenre) VALUES(3660426800707, 18);
INSERT INTO BookEvaluation(idPerson, ISBN, comment, rate) VALUES(0, 1785275770589, 'comment', 3);
INSERT INTO BookEvaluation(idPerson, ISBN, comment, rate) VALUES(9, 3743481782968, 'comment', 3);
INSERT INTO BookEvaluation(idPerson, ISBN, comment, rate) VALUES(13, 8308867786415, 'comment', 3);
INSERT INTO BookEvaluation(idPerson, ISBN, comment, rate) VALUES(12, 7057351315808, 'comment', 1);
INSERT INTO BookEvaluation(idPerson, ISBN, comment, rate) VALUES(6, 1951058400156, 'comment', 4);
INSERT INTO BookEvaluation(idPerson, ISBN, comment, rate) VALUES(1, 8968407510618, 'comment', 3);
INSERT INTO BookEvaluation(idPerson, ISBN, comment, rate) VALUES(8, 6048274255075, 'comment', 1);
INSERT INTO BookEvaluation(idPerson, ISBN, comment, rate) VALUES(9, 3136681643152, 'comment', 5);
INSERT INTO BookEvaluation(idPerson, ISBN, comment, rate) VALUES(7, 1812592358331, 'comment', 2);
INSERT INTO BookEvaluation(idPerson, ISBN, comment, rate) VALUES(11, 7751521422308, 'comment', 4);
INSERT INTO BookEvaluation(idPerson, ISBN, comment, rate) VALUES(15, 9098888265256, 'comment', 5);
INSERT INTO BookEvaluation(idPerson, ISBN, comment, rate) VALUES(2, 4312939863338, 'comment', 3);
INSERT INTO BookEvaluation(idPerson, ISBN, comment, rate) VALUES(0, 4955852045702, 'comment', 4);
INSERT INTO BookEvaluation(idPerson, ISBN, comment, rate) VALUES(13, 3723762165348, 'comment', 3);
INSERT INTO BookEvaluation(idPerson, ISBN, comment, rate) VALUES(5, 2081588380810, 'comment', 3);
INSERT INTO BookEvaluation(idPerson, ISBN, comment, rate) VALUES(10, 9055660075843, 'comment', 2);
INSERT INTO BookEvaluation(idPerson, ISBN, comment, rate) VALUES(1, 3104036286924, 'comment', 3);
INSERT INTO BookEvaluation(idPerson, ISBN, comment, rate) VALUES(6, 9470100773704, 'comment', 4);
INSERT INTO BookEvaluation(idPerson, ISBN, comment, rate) VALUES(12, 8519738968117, 'comment', 5);
INSERT INTO BookEvaluation(idPerson, ISBN, comment, rate) VALUES(13, 5472405825237, 'comment', 5);
INSERT INTO Publication(description, price, idUser, ISBN) VALUES('description', 316.92, 9, 1362736631747);
INSERT INTO Publication(description, price, idUser, ISBN) VALUES('description', 353.62, 9, 7442979293058);
INSERT INTO Publication(description, price, idUser, ISBN) VALUES('description', 205.75, 2, 5813241597979);
INSERT INTO Publication(description, price, idUser, ISBN) VALUES('description', 540.07, 2, 9429391559418);
INSERT INTO Publication(description, price, idUser, ISBN) VALUES('description', 406.43, 12, 5813241597979);
INSERT INTO Publication(description, price, idUser, ISBN) VALUES('description', 218.28, 8, 5122375413772);
INSERT INTO Publication(description, price, idUser, ISBN) VALUES('description', 601.74, 11, 7955582771333);
INSERT INTO Publication(description, price, idUser, ISBN) VALUES('description', 154.47, 10, 8519738968117);
INSERT INTO Publication(description, price, idUser, ISBN) VALUES('description', 804.46, 0, 8534542341130);
INSERT INTO Publication(description, price, idUser, ISBN) VALUES('description', 430.87, 7, 7195978068892);
INSERT INTO Publication(description, price, idUser, ISBN) VALUES('description', 33.33, 14, 7005731438832);
INSERT INTO Publication(description, price, idUser, ISBN) VALUES('description', 430.82, 2, 9498632743895);
INSERT INTO Publication(description, price, idUser, ISBN) VALUES('description', 574.13, 1, 5289488200023);
INSERT INTO Publication(description, price, idUser, ISBN) VALUES('description', 959.65, 7, 7628331091514);
INSERT INTO Publication(description, price, idUser, ISBN) VALUES('description', 544.65, 9, 7985980043120);
INSERT INTO Publication(description, price, idUser, ISBN) VALUES('description', 716.84, 9, 1036547559451);
INSERT INTO Publication(description, price, idUser, ISBN) VALUES('description', 130.49, 11, 6172720103485);
INSERT INTO Publication(description, price, idUser, ISBN) VALUES('description', 515.76, 3, 7242209581037);
INSERT INTO Publication(description, price, idUser, ISBN) VALUES('description', 441.98, 1, 8294984634266);
INSERT INTO Publication(description, price, idUser, ISBN) VALUES('description', 655.62, 14, 1951058400156);
INSERT INTO Publication(description, price, idUser, ISBN) VALUES('description', 85.86, 7, 9739739842289);
INSERT INTO Publication(description, price, idUser, ISBN) VALUES('description', 116.81, 2, 3838346697204);
INSERT INTO Publication(description, price, idUser, ISBN) VALUES('description', 44.62, 0, 4090839145508);
INSERT INTO Publication(description, price, idUser, ISBN) VALUES('description', 257.51, 10, 9205809978123);
INSERT INTO Publication(description, price, idUser, ISBN) VALUES('description', 29.43, 2, 3136681643152);
INSERT INTO Publication(description, price, idUser, ISBN) VALUES('description', 349.35, 12, 5862240403888);
INSERT INTO Publication(description, price, idUser, ISBN) VALUES('description', 723.4, 1, 7005731438832);
INSERT INTO Publication(description, price, idUser, ISBN) VALUES('description', 592.88, 8, 8422145501761);
INSERT INTO Publication(description, price, idUser, ISBN) VALUES('description', 376.92, 4, 7955582771333);
INSERT INTO Publication(description, price, idUser, ISBN) VALUES('description', 771.07, 7, 1881986268565);
INSERT INTO Promotion(start, end, percentage) VALUES('2019-8-25', '2028-9-1', 13.71);
INSERT INTO PromotionPublication(idPublication, idPromotion) VALUES(8, 1);
INSERT INTO Promotion(start, end, percentage) VALUES('2019-11-16', '2030-10-10', 40.2);
INSERT INTO PromotionPublication(idPublication, idPromotion) VALUES(2, 2);
INSERT INTO Promotion(start, end, percentage) VALUES('2015-5-21', '2023-11-21', 72.11);
INSERT INTO PromotionPublication(idPublication, idPromotion) VALUES(29, 3);
INSERT INTO Promotion(start, end, percentage) VALUES('2010-4-3', '2029-6-3', 89.74);
INSERT INTO PromotionPublication(idPublication, idPromotion) VALUES(14, 4);
INSERT INTO Promotion(start, end, percentage) VALUES('2012-6-3', '2027-8-20', 61.86);
INSERT INTO PromotionPublication(idPublication, idPromotion) VALUES(15, 5);
INSERT INTO Promotion(start, end, percentage) VALUES('2015-10-16', '2029-2-12', 83.74);
INSERT INTO PromotionPublication(idPublication, idPromotion) VALUES(29, 6);
