PRAGMA foreign_keys = ON;

INSERT INTO Country VALUES('PT', 'Portugal');
INSERT INTO Country VALUES('UK', 'United Kingdom');
INSERT INTO Country VALUES('DE', 'Germany');
INSERT INTO Country VALUES('ES', 'Spain');
INSERT INTO Country VALUES('IT', 'Italy');
INSERT INTO Country VALUES('CZ', 'Czech Republic');
INSERT INTO Country VALUES('FR', 'France');
INSERT INTO Country VALUES('RO', 'Romania');
INSERT INTO Country VALUES('AT', 'Austria');
INSERT INTO Country VALUES('PL', 'Poland');
INSERT INTO Country VALUES('HU', 'Hungary');
INSERT INTO Country VALUES('SE', 'Sweden');
INSERT INTO Country VALUES('NL', 'Netherlands');
INSERT INTO Publisher(name) VALUES('Hachette Livre');
INSERT INTO Publisher(name) VALUES('Random House');
INSERT INTO Publisher(name) VALUES('Penguin Books');
INSERT INTO Publisher(name) VALUES('HarperCollins');
INSERT INTO Publisher(name) VALUES('Pan Macmillan');
INSERT INTO Publisher(name) VALUES('Pearson Education');
INSERT INTO Publisher(name) VALUES('Bloomsbury');
INSERT INTO Publisher(name) VALUES('Oxford University Press');
INSERT INTO Publisher(name) VALUES('Simon & Schuster');
INSERT INTO Publisher(name) VALUES('John Wiley & Sons');
INSERT INTO PaymentMethod(name) VALUES('credit card');
INSERT INTO PaymentMethod(name) VALUES('PayPal');
INSERT INTO PaymentMethod(name) VALUES('Mercado Pago');
INSERT INTO PaymentMethod(name) VALUES('Western Union');
INSERT INTO PaymentMethod(name) VALUES('Bank transfer');
INSERT INTO PaymentMethod(name) VALUES('Other');
INSERT INTO Genre(name) VALUES('Action and adventure');
INSERT INTO Genre(name) VALUES('Art');
INSERT INTO Genre(name) VALUES('Biography');
INSERT INTO Genre(name) VALUES('Children');
INSERT INTO Genre(name) VALUES('Cookbook');
INSERT INTO Genre(name) VALUES('Comic book');
INSERT INTO Genre(name) VALUES('Diary');
INSERT INTO Genre(name) VALUES('Dictionary');
INSERT INTO Genre(name) VALUES('Crime');
INSERT INTO Genre(name) VALUES('Encyclopedia');
INSERT INTO Genre(name) VALUES('Drama');
INSERT INTO Genre(name) VALUES('Health');
INSERT INTO Genre(name) VALUES('Fantasy');
INSERT INTO Genre(name) VALUES('History');
INSERT INTO Genre(name) VALUES('Graphic novel');
INSERT INTO Genre(name) VALUES('Journal');
INSERT INTO Genre(name) VALUES('Math');
INSERT INTO Genre(name) VALUES('Horror');
INSERT INTO Genre(name) VALUES('Mystery');
INSERT INTO Genre(name) VALUES('Prayer');
INSERT INTO Genre(name) VALUES('Poetry');
INSERT INTO Genre(name) VALUES('Science');
INSERT INTO Genre(name) VALUES('Romance');
INSERT INTO Genre(name) VALUES('Self help');
INSERT INTO Genre(name) VALUES('Satire');
INSERT INTO Genre(name) VALUES('Travel');
INSERT INTO Genre(name) VALUES('Science fiction');
INSERT INTO Genre(name) VALUES('Short story');
INSERT INTO Genre(name) VALUES('Suspense');
INSERT INTO Genre(name) VALUES('Thriller');
INSERT INTO Language VALUES('PT', 'Portuguese');
INSERT INTO Language VALUES('EN', 'English');
INSERT INTO Language VALUES('DE', 'German');
INSERT INTO Language VALUES('ES', 'Spanish');
INSERT INTO Language VALUES('IT', 'Italian');
INSERT INTO Language VALUES('CZ', 'Czech');
INSERT INTO Language VALUES('FR', 'French');
INSERT INTO Language VALUES('RO', 'Romanian');
INSERT INTO Language VALUES('PL', 'Polish');
INSERT INTO Language VALUES('HU', 'Hungarian');
INSERT INTO Language VALUES('SV', 'Swedish');
INSERT INTO Language VALUES('NL', 'Dutch');
INSERT INTO Locality VALUES(6026, 'Lisbon', 'PT');
INSERT INTO Locality VALUES(5724, 'Sintra', 'PT');
INSERT INTO Locality VALUES(6323, 'Porto', 'PT');
INSERT INTO Locality VALUES(5933, 'Cascais', 'PT');
INSERT INTO Locality VALUES(4424, 'Loures', 'PT');
INSERT INTO Locality VALUES(2127, 'Braga', 'PT');
INSERT INTO Locality VALUES(3105, 'Matosinhos', 'PT');
INSERT INTO Locality VALUES(2167, 'Amadora', 'PT');
INSERT INTO Locality VALUES(1519, 'Almada', 'PT');
INSERT INTO Locality VALUES(1930, 'Oeiras', 'PT');
INSERT INTO Locality VALUES(4696, 'Gondomar', 'PT');
INSERT INTO Locality VALUES(6707, 'Seixal', 'PT');
INSERT INTO Locality VALUES(7545, 'Guimarães', 'PT');
INSERT INTO Locality VALUES(3598, 'Odivelas', 'PT');
INSERT INTO Locality VALUES(5350, 'Coimbra', 'PT');
INSERT INTO Locality VALUES(3649, 'Maia', 'PT');
INSERT INTO Locality VALUES(9179, 'Leiria', 'PT');
INSERT INTO Locality VALUES(4977, 'Setúbal', 'PT');
INSERT INTO Locality VALUES(5360, 'Barcelos', 'PT');
INSERT INTO Locality VALUES(5946, 'Funchal', 'PT');
INSERT INTO Locality VALUES(1717, 'Ermesinde', 'PT');
INSERT INTO Locality VALUES(5792, 'Vila Real', 'PT');
INSERT INTO Locality VALUES(2703, 'London', 'UK');
INSERT INTO Locality VALUES(5901, 'Berlin', 'DE');
INSERT INTO Locality VALUES(3785, 'Madrid', 'ES');
INSERT INTO Locality VALUES(6244, 'Roma', 'IT');
INSERT INTO Locality VALUES(1153, 'Paris', 'FR');
INSERT INTO Locality VALUES(2928, 'Bucharest', 'RO');
INSERT INTO Locality VALUES(8827, 'Vienna', 'AT');
INSERT INTO Locality VALUES(8598, 'Hamburg', 'DE');
INSERT INTO Locality VALUES(7466, 'Warsaw', 'PL');
INSERT INTO Locality VALUES(7130, 'Budapest', 'HU');
INSERT INTO Locality VALUES(3342, 'Barcelona', 'ES');
INSERT INTO Locality VALUES(2049, 'Munich', 'DE');
INSERT INTO Locality VALUES(1114, 'Milan', 'IT');
INSERT INTO Locality VALUES(7604, 'Prague', 'CZ');
INSERT INTO Locality VALUES(1791, 'Cologne', 'DE');
INSERT INTO Locality VALUES(6103, 'Stockholm', 'SE');
INSERT INTO Locality VALUES(5300, 'Naples', 'IT');
INSERT INTO Locality VALUES(5713, 'Turin', 'IT');
INSERT INTO Locality VALUES(7631, 'Amsterdam', 'NL');
INSERT INTO Locality VALUES(3829, 'Marseille', 'FR');
INSERT INTO Locality VALUES(1117, 'Valencia', 'ES');
INSERT INTO Locality VALUES(6449, 'Cracow', 'PL');
INSERT INTO Locality VALUES(2075, 'Frankfurt', 'DE');
INSERT INTO Locality VALUES(6391, 'Seville', 'ES');
INSERT INTO Locality VALUES(2372, 'Łódź', 'PL');
INSERT INTO Locality VALUES(8436, 'Zaragoza', 'ES');
INSERT INTO Locality VALUES(8062, 'Palermo', 'IT');
INSERT INTO Locality VALUES(7206, 'Rotterdam', 'NL');
INSERT INTO Person(name, birth) VALUES('Donita Dombrowski', '1981-6-22');
INSERT INTO User(idPerson, contact, email, account, address, streetCode, localityCode) VALUES(1, 929355170, 'Blossom@gmail.com', 44268836171087, '956, The Drive, Berlin DE', 629, 5901);
INSERT INTO Person(name, birth) VALUES('Sirena Swoboda', '1998-8-17');
INSERT INTO User(idPerson, contact, email, account, address, streetCode, localityCode) VALUES(2, 944048189, 'alwayssbeyou@gmail.com', 86734594862519, '882, Kings Road, Cracow PL', 936, 6449);
INSERT INTO Person(name, birth) VALUES('Kaye Krell', '1988-11-14');
INSERT INTO User(idPerson, contact, email, account, address, streetCode, localityCode) VALUES(3, 992734423, 'KralIII@gmail.com', 41494521552768, '732, New Street, Gondomar PT', 615, 4696);
INSERT INTO Person(name, birth) VALUES('Cheryll Consolini', '1953-8-15');
INSERT INTO User(idPerson, contact, email, account, address, streetCode, localityCode) VALUES(4, 978742069, 'CutiePieShop@gmail.com', 46353510153738, '375, The Drive, Amadora PT', 170, 2167);
INSERT INTO Person(name, birth) VALUES('Britney Blunk', '1967-6-13');
INSERT INTO User(idPerson, contact, email, account, address, streetCode, localityCode) VALUES(5, 951864878, 'StoryOfMe@gmail.com', 14031338006061, '565, Main Road, Zaragoza ES', 649, 8436);
INSERT INTO Person(name, birth) VALUES('Janeen Jacks', '1988-5-15');
INSERT INTO User(idPerson, contact, email, account, address, streetCode, localityCode) VALUES(6, 902362142, 'Twinbutterfly@gmail.com', 12213250827953, '997, Stanley Road, Marseille FR', 484, 3829);
INSERT INTO Person(name, birth) VALUES('Lacy Linzy', '1979-10-11');
INSERT INTO User(idPerson, contact, email, account, address, streetCode, localityCode) VALUES(7, 985876843, 'TeenTouch@gmail.com', 36203739117076, '532, Broadway, Braga PT', 807, 2127);
INSERT INTO Person(name, birth) VALUES('Selena Strohmeyer', '1927-9-14');
INSERT INTO User(idPerson, contact, email, account, address, streetCode, localityCode) VALUES(8, 926357496, 'JustAsPlanned@gmail.com', 45365562629704, '50, West Street, Marseille FR', 286, 3829);
INSERT INTO Person(name, birth) VALUES('Linn Laporte', '1941-2-17');
INSERT INTO User(idPerson, contact, email, account, address, streetCode, localityCode) VALUES(9, 988380809, 'GorgeousWweetie@gmail.com', 56450784720948, '496, Albert Road, Matosinhos PT', 148, 3105);
INSERT INTO Person(name, birth) VALUES('Noelia Neil', '1982-4-21');
INSERT INTO User(idPerson, contact, email, account, address, streetCode, localityCode) VALUES(10, 943266573, 'OperaOfDreams@gmail.com', 78714537987127, '3, London Road, Coimbra PT', 749, 5350);
INSERT INTO Person(name, birth) VALUES('Elwood Eggers', '1985-3-11');
INSERT INTO User(idPerson, contact, email, account, address, streetCode, localityCode) VALUES(11, 967463665, 'unic0rnsTaking0ver@gmail.com', 85787212436519, '592, South Street, Berlin DE', 270, 5901);
INSERT INTO Person(name, birth) VALUES('Chi Cloe', '1963-4-4');
INSERT INTO User(idPerson, contact, email, account, address, streetCode, localityCode) VALUES(12, 944819153, 'InfinitySkylines@gmail.com', 23201362984576, '92, Grove Road, Stockholm SE', 532, 6103);
INSERT INTO Person(name, birth) VALUES('Williemae Walkes', '1954-3-17');
INSERT INTO User(idPerson, contact, email, account, address, streetCode, localityCode) VALUES(13, 965946885, 'ValkonX11@gmail.com', 10375229401522, '744, King Street, Matosinhos PT', 666, 3105);
INSERT INTO Person(name, birth) VALUES('Helena Hunnicutt', '1931-9-18');
INSERT INTO User(idPerson, contact, email, account, address, streetCode, localityCode) VALUES(14, 907153508, 'FarRacer@gmail.com', 89484446828842, '970, Victoria Road, Cologne DE', 731, 1791);
INSERT INTO Person(name, birth) VALUES('Kiersten Keiser', '1975-4-14');
INSERT INTO User(idPerson, contact, email, account, address, streetCode, localityCode) VALUES(15, 970933363, 'ImaCompleteCyclePath@gmail.com', 98781555630284, '375, Queens Road, Ermesinde PT', 347, 1717);
INSERT INTO Person(name, birth) VALUES('Ok Ortez', '1990-1-9');
INSERT INTO User(idPerson, contact, email, account, address, streetCode, localityCode) VALUES(16, 947381761, 'DollyDangerous@gmail.com', 29470523212075, '748, Queensway, Maia PT', 737, 3649);
INSERT INTO Person(name, birth) VALUES('Hazel Hinnenkamp', '1931-6-6');
INSERT INTO User(idPerson, contact, email, account, address, streetCode, localityCode) VALUES(17, 986286076, 'Dimples@gmail.com', 11702119682007, '828, The Drive, Rotterdam NL', 438, 7206);
INSERT INTO Person(name, birth) VALUES('Vincent Villalta', '1956-8-8');
INSERT INTO User(idPerson, contact, email, account, address, streetCode, localityCode) VALUES(18, 963736250, 'DraculaNurse@gmail.com', 1974577849666, '750, King Street, Funchal PT', 391, 5946);
INSERT INTO Person(name, birth) VALUES('Lynette Luken', '1976-12-17');
INSERT INTO User(idPerson, contact, email, account, address, streetCode, localityCode) VALUES(19, 999268250, 'neveroldenough@gmail.com', 76197427116760, '218, Victoria Road, Bucharest RO', 763, 2928);
INSERT INTO Person(name, birth) VALUES('Stephan Steigerwald', '1941-10-22');
INSERT INTO User(idPerson, contact, email, account, address, streetCode, localityCode) VALUES(20, 952318844, 'PeaceHug@gmail.com', 95695724126746, '985, Church Lane, Marseille FR', 439, 3829);
INSERT INTO Person(name, birth) VALUES('Bernice Brabant', '1925-8-14');
INSERT INTO User(idPerson, contact, email, account, address, streetCode, localityCode) VALUES(21, 924264065, 'Dazzles@gmail.com', 4621712231965, '15, The Crescent, Roma IT', 278, 6244);
INSERT INTO Person(name, birth) VALUES('Bobby Bible', '1983-8-23');
INSERT INTO User(idPerson, contact, email, account, address, streetCode, localityCode) VALUES(22, 937259320, 'crazyvibes@gmail.com', 65702373031340, '531, Green Lane, Valencia ES', 759, 1117);
INSERT INTO Person(name, birth) VALUES('Sonja Stufflebeam', '1937-4-1');
INSERT INTO User(idPerson, contact, email, account, address, streetCode, localityCode) VALUES(23, 949619147, 'NONAME@gmail.com', 20709114839838, '259, Albert Road, Barcelos PT', 780, 5360);
INSERT INTO Person(name, birth) VALUES('Carma Carrico', '1992-2-27');
INSERT INTO User(idPerson, contact, email, account, address, streetCode, localityCode) VALUES(24, 998041744, 'BelovedAngle@gmail.com', 37712493702538, '843, Mill Road, Porto PT', 970, 6323);
INSERT INTO Person(name, birth) VALUES('Gregoria Guerrera', '1944-3-8');
INSERT INTO User(idPerson, contact, email, account, address, streetCode, localityCode) VALUES(25, 917036361, 'MistakeManager@gmail.com', 16724710848335, '412, London Road, Bucharest RO', 415, 2928);
INSERT INTO Person(name, birth) VALUES('Marian Millan', '1992-5-2');
INSERT INTO User(idPerson, contact, email, account, address, streetCode, localityCode) VALUES(26, 911811108, 'LoveSpeeder@gmail.com', 50843574651018, '468, Stanley Road, Marseille FR', 334, 3829);
INSERT INTO Person(name, birth) VALUES('Otelia Orloff', '1934-1-20');
INSERT INTO User(idPerson, contact, email, account, address, streetCode, localityCode) VALUES(27, 983996129, 'SillyNinja@gmail.com', 52325803740121, '957, Main Street, Guimarães PT', 707, 7545);
INSERT INTO Person(name, birth) VALUES('Joye Janusz', '2000-1-22');
INSERT INTO User(idPerson, contact, email, account, address, streetCode, localityCode) VALUES(28, 922686259, 'HelloGoodbye@gmail.com', 57367362762819, '564, London Road, Paris FR', 542, 1153);
INSERT INTO Person(name, birth) VALUES('Florine Funderburke', '1960-9-16');
INSERT INTO User(idPerson, contact, email, account, address, streetCode, localityCode) VALUES(29, 955370487, 'LilPuppyDog@gmail.com', 80150901070068, '860, West Street, Odivelas PT', 412, 3598);
INSERT INTO Person(name, birth) VALUES('Lennie Lynd', '1972-2-15');
INSERT INTO User(idPerson, contact, email, account, address, streetCode, localityCode) VALUES(30, 993484503, 'MrLucky@gmail.com', 45723675364699, '544, Church Lane, Cascais PT', 102, 5933);
INSERT INTO Person(name, birth) VALUES('Corliss Carlberg', '1962-5-9');
INSERT INTO User(idPerson, contact, email, account, address, streetCode, localityCode) VALUES(31, 927495931, 'GreenCore@gmail.com', 58121409655372, '103, York Road, Gondomar PT', 297, 4696);
INSERT INTO Person(name, birth) VALUES('Homer Hirst', '1997-12-22');
INSERT INTO User(idPerson, contact, email, account, address, streetCode, localityCode) VALUES(32, 901010560, 'PlantedBrain@gmail.com', 53032583797524, '326, Mill Lane, Berlin DE', 750, 5901);
INSERT INTO Person(name, birth) VALUES('Adrian Anding', '1928-4-12');
INSERT INTO User(idPerson, contact, email, account, address, streetCode, localityCode) VALUES(33, 925971038, 'CandyRaid@gmail.com', 96051088394948, '831, Manchester Road, Hamburg DE', 211, 8598);
INSERT INTO Person(name, birth) VALUES('Christopher Cogdell', '1925-11-28');
INSERT INTO User(idPerson, contact, email, account, address, streetCode, localityCode) VALUES(34, 909902577, 'WarriorInPain@gmail.com', 37845396733278, '764, Chester Road, Berlin DE', 296, 5901);
INSERT INTO Person(name, birth) VALUES('Kurt Kemplin', '1922-1-18');
INSERT INTO User(idPerson, contact, email, account, address, streetCode, localityCode) VALUES(35, 956672771, 'Maryjane@gmail.com', 56226153487169, '791, George Street, Matosinhos PT', 317, 3105);
INSERT INTO Person(name, birth) VALUES('Alfredia Akers', '1923-9-26');
INSERT INTO User(idPerson, contact, email, account, address, streetCode, localityCode) VALUES(36, 943088854, 'goodatthis123@gmail.com', 37218973305524, '57, North Street, Vila Real PT', 629, 5792);
INSERT INTO Person(name, birth) VALUES('Tereasa Tompson', '1929-9-25');
INSERT INTO User(idPerson, contact, email, account, address, streetCode, localityCode) VALUES(37, 909400992, 'CouldntFindGoodName@gmail.com', 30891260523726, '493, South Street, Lisbon PT', 350, 6026);
INSERT INTO Person(name, birth) VALUES('Leonore Lemasters', '1924-9-27');
INSERT INTO User(idPerson, contact, email, account, address, streetCode, localityCode) VALUES(38, 942126266, 'Iloveyouyesterday@gmail.com', 3708399653012, '739, The Drive, Funchal PT', 469, 5946);
INSERT INTO Person(name, birth) VALUES('Marcie Morfin', '1968-11-11');
INSERT INTO User(idPerson, contact, email, account, address, streetCode, localityCode) VALUES(39, 941239635, 'EverNext@gmail.com', 48417567419499, '875, Church Road, Oeiras PT', 373, 1930);
INSERT INTO Person(name, birth) VALUES('Loma Lisi', '1969-4-16');
INSERT INTO User(idPerson, contact, email, account, address, streetCode, localityCode) VALUES(40, 921844718, 'CuteScientist@gmail.com', 29922996126660, '283, School Lane, Naples IT', 619, 5300);
INSERT INTO Person(name, birth) VALUES('Rosella Ruhland', '2002-9-18');
INSERT INTO User(idPerson, contact, email, account, address, streetCode, localityCode) VALUES(41, 915449922, 'GuillotineJaycee@gmail.com', 5874193463064, '939, Springfield Road, Valencia ES', 988, 1117);
INSERT INTO Person(name, birth) VALUES('Ricky Ratti', '1959-5-14');
INSERT INTO User(idPerson, contact, email, account, address, streetCode, localityCode) VALUES(42, 995558070, 'HiBuggy@gmail.com', 8030008271739, '297, Broadway, Zaragoza ES', 565, 8436);
INSERT INTO Person(name, birth) VALUES('Hye Huskey', '1980-1-18');
INSERT INTO User(idPerson, contact, email, account, address, streetCode, localityCode) VALUES(43, 912498749, 'CheesyNible@gmail.com', 11088362280572, '844, Church Road, Marseille FR', 383, 3829);
INSERT INTO Person(name, birth) VALUES('Kareem Klem', '1965-11-11');
INSERT INTO User(idPerson, contact, email, account, address, streetCode, localityCode) VALUES(44, 936118492, 'AngelDoll@gmail.com', 60556459560962, '561, Mill Road, Setúbal PT', 570, 4977);
INSERT INTO Person(name, birth) VALUES('Clementina Callery', '1921-3-11');
INSERT INTO User(idPerson, contact, email, account, address, streetCode, localityCode) VALUES(45, 979168400, 'MississippiTribe@gmail.com', 35601610599329, '529, Mill Lane, Roma IT', 705, 6244);
INSERT INTO Person(name, birth) VALUES('Josette Jiggetts', '1990-8-20');
INSERT INTO User(idPerson, contact, email, account, address, streetCode, localityCode) VALUES(46, 975974767, 'HoneyCake@gmail.com', 33649668566661, '920, West Street, Paris FR', 873, 1153);
INSERT INTO Person(name, birth) VALUES('Berniece Bricker', '1999-7-7');
INSERT INTO User(idPerson, contact, email, account, address, streetCode, localityCode) VALUES(47, 989089939, 'BarberCut@gmail.com', 36362865926674, '81, Church Street, Gondomar PT', 402, 4696);
INSERT INTO Person(name, birth) VALUES('Kimi Kimber', '1969-8-9');
INSERT INTO User(idPerson, contact, email, account, address, streetCode, localityCode) VALUES(48, 953217833, 'copilot@gmail.com', 14266037685023, '427, South Street, Cracow PL', 944, 6449);
INSERT INTO Person(name, birth) VALUES('Reiko Rabago', '2000-1-5');
INSERT INTO User(idPerson, contact, email, account, address, streetCode, localityCode) VALUES(49, 909471776, 'DailyPunch@gmail.com', 5008073337877, '638, Stanley Road, Maia PT', 645, 3649);
INSERT INTO Person(name, birth) VALUES('Joshua Jasso', '1955-11-23');
INSERT INTO User(idPerson, contact, email, account, address, streetCode, localityCode) VALUES(50, 959660472, 'WorkOfholly@gmail.com', 84792393764758, '780, Mill Lane, Naples IT', 756, 5300);
INSERT INTO Book(ISBN, name, publication, edition, idPublisher) VALUES(4846397516074, 'The Lord of the Rings', '1732-10-17', 3, 5);
INSERT INTO Person(name, birth) VALUES('J. R. R. Tolkien', '1847-12-18');
INSERT INTO Writer(idPerson) VALUES(51);
INSERT INTO BookWriter(idWriter, ISBN) VALUES(51, 4846397516074);
INSERT INTO BookLanguage(ISBN, codeLanguage) VALUES(4846397516074, 'EN');
INSERT INTO BookGenre(ISBN, idGenre) VALUES(4846397516074, 24);
INSERT INTO Book(ISBN, name, publication, edition, idPublisher) VALUES(2485347630509, 'Pride and Prejudice', '1921-5-22', 9, 4);
INSERT INTO Person(name, birth) VALUES('Jane Austen', '1849-1-21');
INSERT INTO Writer(idPerson) VALUES(52);
INSERT INTO BookWriter(idWriter, ISBN) VALUES(52, 2485347630509);
INSERT INTO BookLanguage(ISBN, codeLanguage) VALUES(2485347630509, 'NL');
INSERT INTO BookLanguage(ISBN, codeLanguage) VALUES(2485347630509, 'IT');
INSERT INTO BookGenre(ISBN, idGenre) VALUES(2485347630509, 3);
INSERT INTO BookGenre(ISBN, idGenre) VALUES(2485347630509, 11);
INSERT INTO Book(ISBN, name, publication, edition, idPublisher) VALUES(6732724839305, 'His Dark Materials', '1807-5-24', 2, 2);
INSERT INTO Person(name, birth) VALUES('Philip Pullman', '1942-11-5');
INSERT INTO Writer(idPerson) VALUES(53);
INSERT INTO BookWriter(idWriter, ISBN) VALUES(53, 6732724839305);
INSERT INTO BookLanguage(ISBN, codeLanguage) VALUES(6732724839305, 'DE');
INSERT INTO BookGenre(ISBN, idGenre) VALUES(6732724839305, 26);
INSERT INTO Book(ISBN, name, publication, edition, idPublisher) VALUES(5692511092164, 'The Hitchhikers Guide to the Galaxy', '1773-8-20', 14, 7);
INSERT INTO Person(name, birth) VALUES('Douglas Adams', '1954-11-20');
INSERT INTO Writer(idPerson) VALUES(54);
INSERT INTO BookWriter(idWriter, ISBN) VALUES(54, 5692511092164);
INSERT INTO BookLanguage(ISBN, codeLanguage) VALUES(5692511092164, 'FR');
INSERT INTO BookGenre(ISBN, idGenre) VALUES(5692511092164, 21);
INSERT INTO Book(ISBN, name, publication, edition, idPublisher) VALUES(4742935197343, 'Harry Potter and the Goblet of Fire', '1880-12-4', 11, 6);
INSERT INTO Person(name, birth) VALUES('J. K. Rowling', '1804-4-24');
INSERT INTO Writer(idPerson) VALUES(55);
INSERT INTO BookWriter(idWriter, ISBN) VALUES(55, 4742935197343);
INSERT INTO BookLanguage(ISBN, codeLanguage) VALUES(4742935197343, 'HU');
INSERT INTO BookLanguage(ISBN, codeLanguage) VALUES(4742935197343, 'RO');
INSERT INTO BookGenre(ISBN, idGenre) VALUES(4742935197343, 25);
INSERT INTO Book(ISBN, name, publication, edition, idPublisher) VALUES(1182816793276, 'To Kill a Mockingbird', '1971-4-21', 14, 4);
INSERT INTO Person(name, birth) VALUES('Harper Lee', '1751-2-16');
INSERT INTO Writer(idPerson) VALUES(56);
INSERT INTO BookWriter(idWriter, ISBN) VALUES(56, 1182816793276);
INSERT INTO BookLanguage(ISBN, codeLanguage) VALUES(1182816793276, 'ES');
INSERT INTO BookLanguage(ISBN, codeLanguage) VALUES(1182816793276, 'RO');
INSERT INTO BookGenre(ISBN, idGenre) VALUES(1182816793276, 30);
INSERT INTO Book(ISBN, name, publication, edition, idPublisher) VALUES(5247875729820, 'Winnie-the-Pooh', '1842-7-24', 14, 9);
INSERT INTO Person(name, birth) VALUES('A. A. Milne', '1930-7-6');
INSERT INTO Writer(idPerson) VALUES(57);
INSERT INTO BookWriter(idWriter, ISBN) VALUES(57, 5247875729820);
INSERT INTO BookLanguage(ISBN, codeLanguage) VALUES(5247875729820, 'DE');
INSERT INTO BookGenre(ISBN, idGenre) VALUES(5247875729820, 30);
INSERT INTO Book(ISBN, name, publication, edition, idPublisher) VALUES(5776100232765, 'Nineteen Eighty-Four', '1734-3-15', 6, 9);
INSERT INTO Person(name, birth) VALUES('George Orwell', '1862-12-3');
INSERT INTO Writer(idPerson) VALUES(58);
INSERT INTO BookWriter(idWriter, ISBN) VALUES(58, 5776100232765);
INSERT INTO BookLanguage(ISBN, codeLanguage) VALUES(5776100232765, 'DE');
INSERT INTO BookGenre(ISBN, idGenre) VALUES(5776100232765, 16);
INSERT INTO Book(ISBN, name, publication, edition, idPublisher) VALUES(8967931204073, 'The Lion, the Witch and the Wardrobe', '1873-7-9', 12, 8);
INSERT INTO Person(name, birth) VALUES('C. S. Lewis', '1928-2-3');
INSERT INTO Writer(idPerson) VALUES(59);
INSERT INTO BookWriter(idWriter, ISBN) VALUES(59, 8967931204073);
INSERT INTO BookLanguage(ISBN, codeLanguage) VALUES(8967931204073, 'HU');
INSERT INTO BookGenre(ISBN, idGenre) VALUES(8967931204073, 9);
INSERT INTO Book(ISBN, name, publication, edition, idPublisher) VALUES(7324369453669, 'Jane Eyre', '1931-2-6', 6, 6);
INSERT INTO Person(name, birth) VALUES('Charlotte Brontë', '1843-3-6');
INSERT INTO Writer(idPerson) VALUES(60);
INSERT INTO BookWriter(idWriter, ISBN) VALUES(60, 7324369453669);
INSERT INTO BookLanguage(ISBN, codeLanguage) VALUES(7324369453669, 'SV');
INSERT INTO BookGenre(ISBN, idGenre) VALUES(7324369453669, 18);
INSERT INTO BookGenre(ISBN, idGenre) VALUES(7324369453669, 14);
INSERT INTO Book(ISBN, name, publication, edition, idPublisher) VALUES(7069020489073, 'Catch-22', '1904-3-28', 1, 4);
INSERT INTO Person(name, birth) VALUES('Joseph Heller', '1958-9-16');
INSERT INTO Writer(idPerson) VALUES(61);
INSERT INTO BookWriter(idWriter, ISBN) VALUES(61, 7069020489073);
INSERT INTO BookLanguage(ISBN, codeLanguage) VALUES(7069020489073, 'DE');
INSERT INTO BookGenre(ISBN, idGenre) VALUES(7069020489073, 17);
INSERT INTO Book(ISBN, name, publication, edition, idPublisher) VALUES(9167781792831, 'Wuthering Heights', '1967-4-14', 11, 8);
INSERT INTO Person(name, birth) VALUES('Emily Brontë', '1714-4-22');
INSERT INTO Writer(idPerson) VALUES(62);
INSERT INTO BookWriter(idWriter, ISBN) VALUES(62, 9167781792831);
INSERT INTO BookLanguage(ISBN, codeLanguage) VALUES(9167781792831, 'IT');
INSERT INTO BookGenre(ISBN, idGenre) VALUES(9167781792831, 26);
INSERT INTO BookGenre(ISBN, idGenre) VALUES(9167781792831, 8);
INSERT INTO Book(ISBN, name, publication, edition, idPublisher) VALUES(5497566924000, 'Birdsong', '1841-9-29', 15, 4);
INSERT INTO Person(name, birth) VALUES('Sebastian Faulks', '1772-9-23');
INSERT INTO Writer(idPerson) VALUES(63);
INSERT INTO BookWriter(idWriter, ISBN) VALUES(63, 5497566924000);
INSERT INTO BookLanguage(ISBN, codeLanguage) VALUES(5497566924000, 'CZ');
INSERT INTO BookLanguage(ISBN, codeLanguage) VALUES(5497566924000, 'FR');
INSERT INTO BookGenre(ISBN, idGenre) VALUES(5497566924000, 30);
INSERT INTO BookGenre(ISBN, idGenre) VALUES(5497566924000, 21);
INSERT INTO Book(ISBN, name, publication, edition, idPublisher) VALUES(1121762118386, 'Rebecca', '1827-3-10', 5, 3);
INSERT INTO Person(name, birth) VALUES('Daphne du Maurier', '1813-4-5');
INSERT INTO Writer(idPerson) VALUES(64);
INSERT INTO BookWriter(idWriter, ISBN) VALUES(64, 1121762118386);
INSERT INTO BookLanguage(ISBN, codeLanguage) VALUES(1121762118386, 'FR');
INSERT INTO BookGenre(ISBN, idGenre) VALUES(1121762118386, 19);
INSERT INTO Book(ISBN, name, publication, edition, idPublisher) VALUES(4681538784094, 'The Catcher in the Rye', '1768-12-9', 4, 3);
INSERT INTO Person(name, birth) VALUES('J. D. Salinger', '1892-7-7');
INSERT INTO Writer(idPerson) VALUES(65);
INSERT INTO BookWriter(idWriter, ISBN) VALUES(65, 4681538784094);
INSERT INTO BookLanguage(ISBN, codeLanguage) VALUES(4681538784094, 'NL');
INSERT INTO BookGenre(ISBN, idGenre) VALUES(4681538784094, 25);
INSERT INTO Book(ISBN, name, publication, edition, idPublisher) VALUES(4206313419450, 'The Wind in the Willows', '1733-10-1', 15, 6);
INSERT INTO Person(name, birth) VALUES('Kenneth Grahame', '1890-9-13');
INSERT INTO Writer(idPerson) VALUES(66);
INSERT INTO BookWriter(idWriter, ISBN) VALUES(66, 4206313419450);
INSERT INTO BookLanguage(ISBN, codeLanguage) VALUES(4206313419450, 'IT');
INSERT INTO BookGenre(ISBN, idGenre) VALUES(4206313419450, 16);
INSERT INTO BookGenre(ISBN, idGenre) VALUES(4206313419450, 14);
INSERT INTO Book(ISBN, name, publication, edition, idPublisher) VALUES(6108615286867, 'Great Expectations', '1813-11-27', 8, 10);
INSERT INTO Person(name, birth) VALUES('Charles Dickens', '1871-5-15');
INSERT INTO Writer(idPerson) VALUES(67);
INSERT INTO BookWriter(idWriter, ISBN) VALUES(67, 6108615286867);
INSERT INTO BookLanguage(ISBN, codeLanguage) VALUES(6108615286867, 'NL');
INSERT INTO BookGenre(ISBN, idGenre) VALUES(6108615286867, 22);
INSERT INTO Book(ISBN, name, publication, edition, idPublisher) VALUES(5464108593800, 'Little Women', '1983-4-12', 15, 2);
INSERT INTO Person(name, birth) VALUES('Louisa May Alcott', '1797-5-21');
INSERT INTO Writer(idPerson) VALUES(68);
INSERT INTO BookWriter(idWriter, ISBN) VALUES(68, 5464108593800);
INSERT INTO BookLanguage(ISBN, codeLanguage) VALUES(5464108593800, 'CZ');
INSERT INTO BookLanguage(ISBN, codeLanguage) VALUES(5464108593800, 'PT');
INSERT INTO BookGenre(ISBN, idGenre) VALUES(5464108593800, 3);
INSERT INTO Book(ISBN, name, publication, edition, idPublisher) VALUES(5571684273598, 'Captain Corellis Mandolin', '1752-2-3', 10, 3);
INSERT INTO Person(name, birth) VALUES('Louis de Bernières', '1882-2-15');
INSERT INTO Writer(idPerson) VALUES(69);
INSERT INTO BookWriter(idWriter, ISBN) VALUES(69, 5571684273598);
INSERT INTO BookLanguage(ISBN, codeLanguage) VALUES(5571684273598, 'EN');
INSERT INTO BookGenre(ISBN, idGenre) VALUES(5571684273598, 15);
INSERT INTO Book(ISBN, name, publication, edition, idPublisher) VALUES(4410279965987, 'War and Peace', '1879-5-21', 8, 9);
INSERT INTO Person(name, birth) VALUES('Leo Tolstoy', '1700-9-24');
INSERT INTO Writer(idPerson) VALUES(70);
INSERT INTO BookWriter(idWriter, ISBN) VALUES(70, 4410279965987);
INSERT INTO BookLanguage(ISBN, codeLanguage) VALUES(4410279965987, 'HU');
INSERT INTO BookGenre(ISBN, idGenre) VALUES(4410279965987, 1);
INSERT INTO Book(ISBN, name, publication, edition, idPublisher) VALUES(4870295404161, 'Gone with the Wind', '1745-11-25', 7, 9);
INSERT INTO Person(name, birth) VALUES('Margaret Mitchell', '1838-9-27');
INSERT INTO Writer(idPerson) VALUES(71);
INSERT INTO BookWriter(idWriter, ISBN) VALUES(71, 4870295404161);
INSERT INTO BookLanguage(ISBN, codeLanguage) VALUES(4870295404161, 'HU');
INSERT INTO BookGenre(ISBN, idGenre) VALUES(4870295404161, 10);
INSERT INTO BookGenre(ISBN, idGenre) VALUES(4870295404161, 11);
INSERT INTO Book(ISBN, name, publication, edition, idPublisher) VALUES(2605667100663, 'Harry Potter and the Philosophers Stone', '1971-9-21', 1, 7);
INSERT INTO BookWriter(idWriter, ISBN) VALUES(55, 2605667100663);
INSERT INTO BookLanguage(ISBN, codeLanguage) VALUES(2605667100663, 'DE');
INSERT INTO BookGenre(ISBN, idGenre) VALUES(2605667100663, 22);
INSERT INTO Book(ISBN, name, publication, edition, idPublisher) VALUES(7597783123429, 'Harry Potter and the Chamber of Secrets', '1801-3-8', 6, 1);
INSERT INTO BookWriter(idWriter, ISBN) VALUES(55, 7597783123429);
INSERT INTO BookLanguage(ISBN, codeLanguage) VALUES(7597783123429, 'FR');
INSERT INTO BookGenre(ISBN, idGenre) VALUES(7597783123429, 27);
INSERT INTO Book(ISBN, name, publication, edition, idPublisher) VALUES(2201212214097, 'Harry Potter and the Prisoner of Azkaban', '1924-4-7', 2, 2);
INSERT INTO BookWriter(idWriter, ISBN) VALUES(55, 2201212214097);
INSERT INTO BookLanguage(ISBN, codeLanguage) VALUES(2201212214097, 'RO');
INSERT INTO BookGenre(ISBN, idGenre) VALUES(2201212214097, 6);
INSERT INTO BookGenre(ISBN, idGenre) VALUES(2201212214097, 23);
INSERT INTO Book(ISBN, name, publication, edition, idPublisher) VALUES(4456002262670, 'The Hobbit', '1778-9-13', 1, 6);
INSERT INTO BookWriter(idWriter, ISBN) VALUES(51, 4456002262670);
INSERT INTO BookLanguage(ISBN, codeLanguage) VALUES(4456002262670, 'PT');
INSERT INTO BookGenre(ISBN, idGenre) VALUES(4456002262670, 19);
INSERT INTO Book(ISBN, name, publication, edition, idPublisher) VALUES(4318716868511, 'Tess of the dUrbervilles', '1842-12-22', 7, 9);
INSERT INTO Person(name, birth) VALUES('Thomas Hardy', '1941-11-22');
INSERT INTO Writer(idPerson) VALUES(72);
INSERT INTO BookWriter(idWriter, ISBN) VALUES(72, 4318716868511);
INSERT INTO BookLanguage(ISBN, codeLanguage) VALUES(4318716868511, 'FR');
INSERT INTO BookGenre(ISBN, idGenre) VALUES(4318716868511, 28);
INSERT INTO Book(ISBN, name, publication, edition, idPublisher) VALUES(6691150687760, 'Middlemarch', '1792-11-22', 14, 2);
INSERT INTO Person(name, birth) VALUES('George Eliot', '1796-11-25');
INSERT INTO Writer(idPerson) VALUES(73);
INSERT INTO BookWriter(idWriter, ISBN) VALUES(73, 6691150687760);
INSERT INTO BookLanguage(ISBN, codeLanguage) VALUES(6691150687760, 'RO');
INSERT INTO BookLanguage(ISBN, codeLanguage) VALUES(6691150687760, 'CZ');
INSERT INTO BookGenre(ISBN, idGenre) VALUES(6691150687760, 19);
INSERT INTO Book(ISBN, name, publication, edition, idPublisher) VALUES(9463520769148, 'A Prayer for Owen Meany', '1738-8-17', 5, 3);
INSERT INTO Person(name, birth) VALUES('John Irving', '1747-6-9');
INSERT INTO Writer(idPerson) VALUES(74);
INSERT INTO BookWriter(idWriter, ISBN) VALUES(74, 9463520769148);
INSERT INTO BookLanguage(ISBN, codeLanguage) VALUES(9463520769148, 'FR');
INSERT INTO BookGenre(ISBN, idGenre) VALUES(9463520769148, 14);
INSERT INTO Book(ISBN, name, publication, edition, idPublisher) VALUES(2898184023724, 'The Grapes of Wrath', '1832-9-1', 6, 3);
INSERT INTO Person(name, birth) VALUES('John Steinbeck', '1763-11-8');
INSERT INTO Writer(idPerson) VALUES(75);
INSERT INTO BookWriter(idWriter, ISBN) VALUES(75, 2898184023724);
INSERT INTO BookLanguage(ISBN, codeLanguage) VALUES(2898184023724, 'RO');
INSERT INTO BookGenre(ISBN, idGenre) VALUES(2898184023724, 29);
INSERT INTO Book(ISBN, name, publication, edition, idPublisher) VALUES(4264381297917, 'Alices Adventures in Wonderland', '2016-11-9', 7, 2);
INSERT INTO Person(name, birth) VALUES('Lewis Carroll', '1850-9-13');
INSERT INTO Writer(idPerson) VALUES(76);
INSERT INTO BookWriter(idWriter, ISBN) VALUES(76, 4264381297917);
INSERT INTO BookLanguage(ISBN, codeLanguage) VALUES(4264381297917, 'RO');
INSERT INTO BookGenre(ISBN, idGenre) VALUES(4264381297917, 28);
INSERT INTO Book(ISBN, name, publication, edition, idPublisher) VALUES(7617922705447, 'The Story of Tracy Beaker', '2020-10-10', 15, 1);
INSERT INTO Person(name, birth) VALUES('Jacqueline Wilson', '1732-7-13');
INSERT INTO Writer(idPerson) VALUES(77);
INSERT INTO BookWriter(idWriter, ISBN) VALUES(77, 7617922705447);
INSERT INTO BookLanguage(ISBN, codeLanguage) VALUES(7617922705447, 'EN');
INSERT INTO BookLanguage(ISBN, codeLanguage) VALUES(7617922705447, 'NL');
INSERT INTO BookGenre(ISBN, idGenre) VALUES(7617922705447, 23);
INSERT INTO Book(ISBN, name, publication, edition, idPublisher) VALUES(8747274899031, 'One Hundred Years of Solitude', '1808-11-8', 14, 1);
INSERT INTO Person(name, birth) VALUES('Gabriel García Márquez', '1782-8-2');
INSERT INTO Writer(idPerson) VALUES(78);
INSERT INTO BookWriter(idWriter, ISBN) VALUES(78, 8747274899031);
INSERT INTO BookLanguage(ISBN, codeLanguage) VALUES(8747274899031, 'CZ');
INSERT INTO BookGenre(ISBN, idGenre) VALUES(8747274899031, 17);
INSERT INTO Book(ISBN, name, publication, edition, idPublisher) VALUES(2692377199744, 'The Pillars of the Earth', '1815-12-28', 9, 5);
INSERT INTO Person(name, birth) VALUES('Ken Follett', '1939-8-2');
INSERT INTO Writer(idPerson) VALUES(79);
INSERT INTO BookWriter(idWriter, ISBN) VALUES(79, 2692377199744);
INSERT INTO BookLanguage(ISBN, codeLanguage) VALUES(2692377199744, 'RO');
INSERT INTO BookGenre(ISBN, idGenre) VALUES(2692377199744, 26);
INSERT INTO Book(ISBN, name, publication, edition, idPublisher) VALUES(8989616530333, 'David Copperfield', '1989-7-24', 4, 4);
INSERT INTO BookWriter(idWriter, ISBN) VALUES(67, 8989616530333);
INSERT INTO BookLanguage(ISBN, codeLanguage) VALUES(8989616530333, 'PL');
INSERT INTO BookGenre(ISBN, idGenre) VALUES(8989616530333, 2);
INSERT INTO BookGenre(ISBN, idGenre) VALUES(8989616530333, 18);
INSERT INTO Book(ISBN, name, publication, edition, idPublisher) VALUES(9310026749324, 'Charlie and the Chocolate Factory', '1727-4-29', 13, 6);
INSERT INTO Person(name, birth) VALUES('Roald Dahl', '1905-4-27');
INSERT INTO Writer(idPerson) VALUES(80);
INSERT INTO BookWriter(idWriter, ISBN) VALUES(80, 9310026749324);
INSERT INTO BookLanguage(ISBN, codeLanguage) VALUES(9310026749324, 'ES');
INSERT INTO BookGenre(ISBN, idGenre) VALUES(9310026749324, 16);
INSERT INTO Book(ISBN, name, publication, edition, idPublisher) VALUES(3276495710644, 'Treasure Island', '1904-9-24', 3, 6);
INSERT INTO Person(name, birth) VALUES('Robert Louis Stevenson', '1934-3-4');
INSERT INTO Writer(idPerson) VALUES(81);
INSERT INTO BookWriter(idWriter, ISBN) VALUES(81, 3276495710644);
INSERT INTO BookLanguage(ISBN, codeLanguage) VALUES(3276495710644, 'FR');
INSERT INTO BookGenre(ISBN, idGenre) VALUES(3276495710644, 26);
INSERT INTO Book(ISBN, name, publication, edition, idPublisher) VALUES(3417019618691, 'A Town Like Alice', '1898-3-3', 13, 3);
INSERT INTO Person(name, birth) VALUES('Nevil Shute', '1846-10-17');
INSERT INTO Writer(idPerson) VALUES(82);
INSERT INTO BookWriter(idWriter, ISBN) VALUES(82, 3417019618691);
INSERT INTO BookLanguage(ISBN, codeLanguage) VALUES(3417019618691, 'DE');
INSERT INTO BookLanguage(ISBN, codeLanguage) VALUES(3417019618691, 'FR');
INSERT INTO BookGenre(ISBN, idGenre) VALUES(3417019618691, 25);
INSERT INTO BookGenre(ISBN, idGenre) VALUES(3417019618691, 10);
INSERT INTO Book(ISBN, name, publication, edition, idPublisher) VALUES(9178635858045, 'Persuasion', '1880-10-26', 15, 8);
INSERT INTO BookWriter(idWriter, ISBN) VALUES(52, 9178635858045);
INSERT INTO BookLanguage(ISBN, codeLanguage) VALUES(9178635858045, 'NL');
INSERT INTO BookGenre(ISBN, idGenre) VALUES(9178635858045, 20);
INSERT INTO BookGenre(ISBN, idGenre) VALUES(9178635858045, 9);
INSERT INTO Book(ISBN, name, publication, edition, idPublisher) VALUES(7233013864727, 'Dune', '1884-2-9', 6, 3);
INSERT INTO Person(name, birth) VALUES('Frank Herbert', '1875-1-10');
INSERT INTO Writer(idPerson) VALUES(83);
INSERT INTO BookWriter(idWriter, ISBN) VALUES(83, 7233013864727);
INSERT INTO BookLanguage(ISBN, codeLanguage) VALUES(7233013864727, 'IT');
INSERT INTO BookLanguage(ISBN, codeLanguage) VALUES(7233013864727, 'NL');
INSERT INTO BookGenre(ISBN, idGenre) VALUES(7233013864727, 9);
INSERT INTO BookGenre(ISBN, idGenre) VALUES(7233013864727, 20);
INSERT INTO Book(ISBN, name, publication, edition, idPublisher) VALUES(5098519258827, 'Emma', '1971-6-18', 1, 10);
INSERT INTO BookWriter(idWriter, ISBN) VALUES(52, 5098519258827);
INSERT INTO BookLanguage(ISBN, codeLanguage) VALUES(5098519258827, 'HU');
INSERT INTO BookGenre(ISBN, idGenre) VALUES(5098519258827, 8);
INSERT INTO Book(ISBN, name, publication, edition, idPublisher) VALUES(1318186421338, 'Anne of Green Gables', '1850-7-21', 15, 10);
INSERT INTO Person(name, birth) VALUES('Lucy Maud Montgomery', '1958-12-26');
INSERT INTO Writer(idPerson) VALUES(84);
INSERT INTO BookWriter(idWriter, ISBN) VALUES(84, 1318186421338);
INSERT INTO BookLanguage(ISBN, codeLanguage) VALUES(1318186421338, 'RO');
INSERT INTO BookGenre(ISBN, idGenre) VALUES(1318186421338, 24);
INSERT INTO Book(ISBN, name, publication, edition, idPublisher) VALUES(3438985194007, 'Watership Down', '1914-3-26', 2, 10);
INSERT INTO Person(name, birth) VALUES('Richard Adams', '1718-9-23');
INSERT INTO Writer(idPerson) VALUES(85);
INSERT INTO BookWriter(idWriter, ISBN) VALUES(85, 3438985194007);
INSERT INTO BookLanguage(ISBN, codeLanguage) VALUES(3438985194007, 'IT');
INSERT INTO BookLanguage(ISBN, codeLanguage) VALUES(3438985194007, 'NL');
INSERT INTO BookGenre(ISBN, idGenre) VALUES(3438985194007, 14);
INSERT INTO Book(ISBN, name, publication, edition, idPublisher) VALUES(9734366618176, 'The Great Gatsby', '1889-4-3', 2, 3);
INSERT INTO Person(name, birth) VALUES('F. Scott Fitzgerald', '1801-10-24');
INSERT INTO Writer(idPerson) VALUES(86);
INSERT INTO BookWriter(idWriter, ISBN) VALUES(86, 9734366618176);
INSERT INTO BookLanguage(ISBN, codeLanguage) VALUES(9734366618176, 'IT');
INSERT INTO BookGenre(ISBN, idGenre) VALUES(9734366618176, 16);
INSERT INTO Book(ISBN, name, publication, edition, idPublisher) VALUES(2854936568190, 'The Count of Monte Cristo', '1798-9-10', 9, 3);
INSERT INTO Person(name, birth) VALUES('Alexandre Dumas', '1963-11-1');
INSERT INTO Writer(idPerson) VALUES(87);
INSERT INTO BookWriter(idWriter, ISBN) VALUES(87, 2854936568190);
INSERT INTO BookLanguage(ISBN, codeLanguage) VALUES(2854936568190, 'FR');
INSERT INTO BookLanguage(ISBN, codeLanguage) VALUES(2854936568190, 'PL');
INSERT INTO BookGenre(ISBN, idGenre) VALUES(2854936568190, 13);
INSERT INTO Book(ISBN, name, publication, edition, idPublisher) VALUES(8691199856977, 'Brideshead Revisited', '1893-5-18', 2, 8);
INSERT INTO Person(name, birth) VALUES('Evelyn Waugh', '1982-9-8');
INSERT INTO Writer(idPerson) VALUES(88);
INSERT INTO BookWriter(idWriter, ISBN) VALUES(88, 8691199856977);
INSERT INTO BookLanguage(ISBN, codeLanguage) VALUES(8691199856977, 'HU');
INSERT INTO BookGenre(ISBN, idGenre) VALUES(8691199856977, 8);
INSERT INTO BookGenre(ISBN, idGenre) VALUES(8691199856977, 29);
INSERT INTO Book(ISBN, name, publication, edition, idPublisher) VALUES(7196744356870, 'Animal Farm', '1984-9-9', 2, 2);
INSERT INTO BookWriter(idWriter, ISBN) VALUES(58, 7196744356870);
INSERT INTO BookLanguage(ISBN, codeLanguage) VALUES(7196744356870, 'RO');
INSERT INTO BookLanguage(ISBN, codeLanguage) VALUES(7196744356870, 'HU');
INSERT INTO BookGenre(ISBN, idGenre) VALUES(7196744356870, 27);
INSERT INTO BookGenre(ISBN, idGenre) VALUES(7196744356870, 8);
INSERT INTO Book(ISBN, name, publication, edition, idPublisher) VALUES(1704688666504, 'A Christmas Carol', '2017-7-1', 9, 2);
INSERT INTO BookWriter(idWriter, ISBN) VALUES(67, 1704688666504);
INSERT INTO BookLanguage(ISBN, codeLanguage) VALUES(1704688666504, 'CZ');
INSERT INTO BookGenre(ISBN, idGenre) VALUES(1704688666504, 9);
INSERT INTO BookGenre(ISBN, idGenre) VALUES(1704688666504, 26);
INSERT INTO Book(ISBN, name, publication, edition, idPublisher) VALUES(5153493380748, 'Far from the Madding Crowd', '1922-9-19', 1, 2);
INSERT INTO BookWriter(idWriter, ISBN) VALUES(72, 5153493380748);
INSERT INTO BookLanguage(ISBN, codeLanguage) VALUES(5153493380748, 'SV');
INSERT INTO BookLanguage(ISBN, codeLanguage) VALUES(5153493380748, 'HU');
INSERT INTO BookGenre(ISBN, idGenre) VALUES(5153493380748, 12);
INSERT INTO BookGenre(ISBN, idGenre) VALUES(5153493380748, 4);
INSERT INTO Book(ISBN, name, publication, edition, idPublisher) VALUES(8107859904441, 'Goodnight Mister Tom', '1782-9-12', 1, 9);
INSERT INTO Person(name, birth) VALUES('Michelle Magorian', '1916-8-26');
INSERT INTO Writer(idPerson) VALUES(89);
INSERT INTO BookWriter(idWriter, ISBN) VALUES(89, 8107859904441);
INSERT INTO BookLanguage(ISBN, codeLanguage) VALUES(8107859904441, 'RO');
INSERT INTO BookGenre(ISBN, idGenre) VALUES(8107859904441, 16);
INSERT INTO BookGenre(ISBN, idGenre) VALUES(8107859904441, 12);
INSERT INTO Book(ISBN, name, publication, edition, idPublisher) VALUES(5844218986170, 'The Shell Seekers', '1720-9-1', 13, 7);
INSERT INTO Person(name, birth) VALUES('Rosamunde Pilcher', '1825-6-18');
INSERT INTO Writer(idPerson) VALUES(90);
INSERT INTO BookWriter(idWriter, ISBN) VALUES(90, 5844218986170);
INSERT INTO BookLanguage(ISBN, codeLanguage) VALUES(5844218986170, 'RO');
INSERT INTO BookGenre(ISBN, idGenre) VALUES(5844218986170, 30);
INSERT INTO Book(ISBN, name, publication, edition, idPublisher) VALUES(8969360869509, 'The Secret Garden', '1925-6-22', 3, 8);
INSERT INTO Person(name, birth) VALUES('Frances Hodgson Burnett', '1752-4-8');
INSERT INTO Writer(idPerson) VALUES(91);
INSERT INTO BookWriter(idWriter, ISBN) VALUES(91, 8969360869509);
INSERT INTO BookLanguage(ISBN, codeLanguage) VALUES(8969360869509, 'ES');
INSERT INTO BookLanguage(ISBN, codeLanguage) VALUES(8969360869509, 'CZ');
INSERT INTO BookGenre(ISBN, idGenre) VALUES(8969360869509, 25);
INSERT INTO BookGenre(ISBN, idGenre) VALUES(8969360869509, 2);
INSERT INTO Book(ISBN, name, publication, edition, idPublisher) VALUES(8292939857557, 'Of Mice and Men', '1766-5-22', 13, 8);
INSERT INTO BookWriter(idWriter, ISBN) VALUES(75, 8292939857557);
INSERT INTO BookLanguage(ISBN, codeLanguage) VALUES(8292939857557, 'PT');
INSERT INTO BookGenre(ISBN, idGenre) VALUES(8292939857557, 22);
INSERT INTO BookGenre(ISBN, idGenre) VALUES(8292939857557, 15);
INSERT INTO Book(ISBN, name, publication, edition, idPublisher) VALUES(3130615209797, 'The Stand', '1863-9-1', 11, 6);
INSERT INTO Person(name, birth) VALUES('Stephen King', '1737-1-10');
INSERT INTO Writer(idPerson) VALUES(92);
INSERT INTO BookWriter(idWriter, ISBN) VALUES(92, 3130615209797);
INSERT INTO BookLanguage(ISBN, codeLanguage) VALUES(3130615209797, 'EN');
INSERT INTO BookLanguage(ISBN, codeLanguage) VALUES(3130615209797, 'RO');
INSERT INTO BookGenre(ISBN, idGenre) VALUES(3130615209797, 16);
INSERT INTO Book(ISBN, name, publication, edition, idPublisher) VALUES(7293565715034, 'Anna Karenina', '2014-6-4', 10, 3);
INSERT INTO BookWriter(idWriter, ISBN) VALUES(70, 7293565715034);
INSERT INTO BookLanguage(ISBN, codeLanguage) VALUES(7293565715034, 'SV');
INSERT INTO BookGenre(ISBN, idGenre) VALUES(7293565715034, 14);
INSERT INTO Book(ISBN, name, publication, edition, idPublisher) VALUES(8336190571311, 'A Suitable Boy', '1839-10-10', 1, 5);
INSERT INTO Person(name, birth) VALUES('Vikram Seth', '1781-4-3');
INSERT INTO Writer(idPerson) VALUES(93);
INSERT INTO BookWriter(idWriter, ISBN) VALUES(93, 8336190571311);
INSERT INTO BookLanguage(ISBN, codeLanguage) VALUES(8336190571311, 'RO');
INSERT INTO BookGenre(ISBN, idGenre) VALUES(8336190571311, 18);
INSERT INTO Book(ISBN, name, publication, edition, idPublisher) VALUES(2907082074608, 'The BFG', '1748-2-29', 6, 10);
INSERT INTO BookWriter(idWriter, ISBN) VALUES(80, 2907082074608);
INSERT INTO BookLanguage(ISBN, codeLanguage) VALUES(2907082074608, 'RO');
INSERT INTO BookGenre(ISBN, idGenre) VALUES(2907082074608, 19);
INSERT INTO Book(ISBN, name, publication, edition, idPublisher) VALUES(6759306485677, 'Swallows and Amazons', '1897-2-28', 3, 7);
INSERT INTO Person(name, birth) VALUES('Arthur Ransome', '1713-8-2');
INSERT INTO Writer(idPerson) VALUES(94);
INSERT INTO BookWriter(idWriter, ISBN) VALUES(94, 6759306485677);
INSERT INTO BookLanguage(ISBN, codeLanguage) VALUES(6759306485677, 'PT');
INSERT INTO BookGenre(ISBN, idGenre) VALUES(6759306485677, 14);
INSERT INTO BookGenre(ISBN, idGenre) VALUES(6759306485677, 19);
INSERT INTO Book(ISBN, name, publication, edition, idPublisher) VALUES(4691926712798, 'Black Beauty', '1919-6-27', 12, 4);
INSERT INTO Person(name, birth) VALUES('Anna Sewell', '1992-4-11');
INSERT INTO Writer(idPerson) VALUES(95);
INSERT INTO BookWriter(idWriter, ISBN) VALUES(95, 4691926712798);
INSERT INTO BookLanguage(ISBN, codeLanguage) VALUES(4691926712798, 'HU');
INSERT INTO BookGenre(ISBN, idGenre) VALUES(4691926712798, 9);
INSERT INTO BookGenre(ISBN, idGenre) VALUES(4691926712798, 21);
INSERT INTO Book(ISBN, name, publication, edition, idPublisher) VALUES(4731490644251, 'Artemis Fowl', '1918-8-17', 9, 8);
INSERT INTO Person(name, birth) VALUES('Eoin Colfer', '1812-4-5');
INSERT INTO Writer(idPerson) VALUES(96);
INSERT INTO BookWriter(idWriter, ISBN) VALUES(96, 4731490644251);
INSERT INTO BookLanguage(ISBN, codeLanguage) VALUES(4731490644251, 'DE');
INSERT INTO BookGenre(ISBN, idGenre) VALUES(4731490644251, 8);
INSERT INTO BookGenre(ISBN, idGenre) VALUES(4731490644251, 1);
INSERT INTO Book(ISBN, name, publication, edition, idPublisher) VALUES(1147809726141, 'Crime and Punishment', '1760-1-7', 14, 10);
INSERT INTO Person(name, birth) VALUES('Fyodor Dostoyevsky', '1878-11-29');
INSERT INTO Writer(idPerson) VALUES(97);
INSERT INTO BookWriter(idWriter, ISBN) VALUES(97, 1147809726141);
INSERT INTO BookLanguage(ISBN, codeLanguage) VALUES(1147809726141, 'SV');
INSERT INTO BookGenre(ISBN, idGenre) VALUES(1147809726141, 29);
INSERT INTO BookGenre(ISBN, idGenre) VALUES(1147809726141, 17);
INSERT INTO Book(ISBN, name, publication, edition, idPublisher) VALUES(9378052939488, 'Noughts & Crosses', '1761-7-3', 12, 8);
INSERT INTO Person(name, birth) VALUES('Malorie Blackman', '1961-10-26');
INSERT INTO Writer(idPerson) VALUES(98);
INSERT INTO BookWriter(idWriter, ISBN) VALUES(98, 9378052939488);
INSERT INTO BookLanguage(ISBN, codeLanguage) VALUES(9378052939488, 'FR');
INSERT INTO BookGenre(ISBN, idGenre) VALUES(9378052939488, 2);
INSERT INTO BookGenre(ISBN, idGenre) VALUES(9378052939488, 28);
INSERT INTO Book(ISBN, name, publication, edition, idPublisher) VALUES(9547148520378, 'Memoirs of a Geisha', '2002-3-5', 11, 2);
INSERT INTO Person(name, birth) VALUES('Arthur Golden', '1822-12-14');
INSERT INTO Writer(idPerson) VALUES(99);
INSERT INTO BookWriter(idWriter, ISBN) VALUES(99, 9547148520378);
INSERT INTO BookLanguage(ISBN, codeLanguage) VALUES(9547148520378, 'PT');
INSERT INTO BookGenre(ISBN, idGenre) VALUES(9547148520378, 23);
INSERT INTO BookGenre(ISBN, idGenre) VALUES(9547148520378, 26);
INSERT INTO Book(ISBN, name, publication, edition, idPublisher) VALUES(8067154452655, 'A Tale of Two Cities', '1926-12-19', 13, 1);
INSERT INTO BookWriter(idWriter, ISBN) VALUES(67, 8067154452655);
INSERT INTO BookLanguage(ISBN, codeLanguage) VALUES(8067154452655, 'SV');
INSERT INTO BookLanguage(ISBN, codeLanguage) VALUES(8067154452655, 'ES');
INSERT INTO BookGenre(ISBN, idGenre) VALUES(8067154452655, 8);
INSERT INTO Book(ISBN, name, publication, edition, idPublisher) VALUES(8661262134130, 'The Thorn Birds', '1791-4-27', 10, 2);
INSERT INTO Person(name, birth) VALUES('Colleen McCullough', '1795-2-1');
INSERT INTO Writer(idPerson) VALUES(100);
INSERT INTO BookWriter(idWriter, ISBN) VALUES(100, 8661262134130);
INSERT INTO BookLanguage(ISBN, codeLanguage) VALUES(8661262134130, 'EN');
INSERT INTO BookGenre(ISBN, idGenre) VALUES(8661262134130, 26);
INSERT INTO BookGenre(ISBN, idGenre) VALUES(8661262134130, 6);
INSERT INTO Book(ISBN, name, publication, edition, idPublisher) VALUES(6050215179000, 'Mort', '1858-5-14', 3, 5);
INSERT INTO Person(name, birth) VALUES('Terry Pratchett', '1942-8-27');
INSERT INTO Writer(idPerson) VALUES(101);
INSERT INTO BookWriter(idWriter, ISBN) VALUES(101, 6050215179000);
INSERT INTO BookLanguage(ISBN, codeLanguage) VALUES(6050215179000, 'SV');
INSERT INTO BookLanguage(ISBN, codeLanguage) VALUES(6050215179000, 'FR');
INSERT INTO BookGenre(ISBN, idGenre) VALUES(6050215179000, 24);
INSERT INTO Book(ISBN, name, publication, edition, idPublisher) VALUES(2322755834651, 'The Magic Faraway Tree', '1860-1-28', 9, 8);
INSERT INTO Person(name, birth) VALUES('Enid Blyton', '1877-1-12');
INSERT INTO Writer(idPerson) VALUES(102);
INSERT INTO BookWriter(idWriter, ISBN) VALUES(102, 2322755834651);
INSERT INTO BookLanguage(ISBN, codeLanguage) VALUES(2322755834651, 'EN');
INSERT INTO BookGenre(ISBN, idGenre) VALUES(2322755834651, 19);
INSERT INTO Book(ISBN, name, publication, edition, idPublisher) VALUES(4014597733669, 'The Magus', '1783-4-20', 6, 9);
INSERT INTO Person(name, birth) VALUES('John Fowles', '1781-4-14');
INSERT INTO Writer(idPerson) VALUES(103);
INSERT INTO BookWriter(idWriter, ISBN) VALUES(103, 4014597733669);
INSERT INTO BookLanguage(ISBN, codeLanguage) VALUES(4014597733669, 'NL');
INSERT INTO BookGenre(ISBN, idGenre) VALUES(4014597733669, 22);
INSERT INTO Book(ISBN, name, publication, edition, idPublisher) VALUES(1221869667587, 'Good Omens', '1780-10-10', 6, 7);
INSERT INTO Person(name, birth) VALUES('Neil Gaiman Pratchett', '1722-11-27');
INSERT INTO Writer(idPerson) VALUES(104);
INSERT INTO BookWriter(idWriter, ISBN) VALUES(104, 1221869667587);
INSERT INTO BookWriter(idWriter, ISBN) VALUES(101, 1221869667587);
INSERT INTO BookLanguage(ISBN, codeLanguage) VALUES(1221869667587, 'RO');
INSERT INTO BookGenre(ISBN, idGenre) VALUES(1221869667587, 1);
INSERT INTO Book(ISBN, name, publication, edition, idPublisher) VALUES(2285695925991, 'Guards! Guards!', '1823-1-15', 15, 6);
INSERT INTO BookWriter(idWriter, ISBN) VALUES(101, 2285695925991);
INSERT INTO BookLanguage(ISBN, codeLanguage) VALUES(2285695925991, 'FR');
INSERT INTO BookGenre(ISBN, idGenre) VALUES(2285695925991, 5);
INSERT INTO Book(ISBN, name, publication, edition, idPublisher) VALUES(1980333001120, 'Lord of the Flies', '1733-10-25', 13, 6);
INSERT INTO Person(name, birth) VALUES('William Golding', '1980-4-7');
INSERT INTO Writer(idPerson) VALUES(105);
INSERT INTO BookWriter(idWriter, ISBN) VALUES(105, 1980333001120);
INSERT INTO BookLanguage(ISBN, codeLanguage) VALUES(1980333001120, 'ES');
INSERT INTO BookGenre(ISBN, idGenre) VALUES(1980333001120, 3);
INSERT INTO BookGenre(ISBN, idGenre) VALUES(1980333001120, 9);
INSERT INTO Book(ISBN, name, publication, edition, idPublisher) VALUES(3349860804841, 'Perfume', '1742-10-20', 15, 5);
INSERT INTO Person(name, birth) VALUES('Patrick Süskind', '1942-12-4');
INSERT INTO Writer(idPerson) VALUES(106);
INSERT INTO BookWriter(idWriter, ISBN) VALUES(106, 3349860804841);
INSERT INTO BookLanguage(ISBN, codeLanguage) VALUES(3349860804841, 'EN');
INSERT INTO BookLanguage(ISBN, codeLanguage) VALUES(3349860804841, 'FR');
INSERT INTO BookGenre(ISBN, idGenre) VALUES(3349860804841, 14);
INSERT INTO Book(ISBN, name, publication, edition, idPublisher) VALUES(2723535486563, 'The Ragged-Trousered Philanthropists', '1810-9-7', 10, 5);
INSERT INTO Person(name, birth) VALUES('Robert Tressell', '1908-10-19');
INSERT INTO Writer(idPerson) VALUES(107);
INSERT INTO BookWriter(idWriter, ISBN) VALUES(107, 2723535486563);
INSERT INTO BookLanguage(ISBN, codeLanguage) VALUES(2723535486563, 'IT');
INSERT INTO BookLanguage(ISBN, codeLanguage) VALUES(2723535486563, 'PT');
INSERT INTO BookGenre(ISBN, idGenre) VALUES(2723535486563, 22);
INSERT INTO Book(ISBN, name, publication, edition, idPublisher) VALUES(5694093889109, 'Night Watch', '1864-12-14', 1, 10);
INSERT INTO BookWriter(idWriter, ISBN) VALUES(101, 5694093889109);
INSERT INTO BookLanguage(ISBN, codeLanguage) VALUES(5694093889109, 'CZ');
INSERT INTO BookGenre(ISBN, idGenre) VALUES(5694093889109, 30);
INSERT INTO Book(ISBN, name, publication, edition, idPublisher) VALUES(6988853569419, 'Matilda', '1966-7-25', 13, 3);
INSERT INTO BookWriter(idWriter, ISBN) VALUES(80, 6988853569419);
INSERT INTO BookLanguage(ISBN, codeLanguage) VALUES(6988853569419, 'IT');
INSERT INTO BookGenre(ISBN, idGenre) VALUES(6988853569419, 7);
INSERT INTO Book(ISBN, name, publication, edition, idPublisher) VALUES(8928415027921, 'Bridget Joness Diary', '1952-7-29', 8, 2);
INSERT INTO Person(name, birth) VALUES('Helen Fielding', '1706-2-28');
INSERT INTO Writer(idPerson) VALUES(108);
INSERT INTO BookWriter(idWriter, ISBN) VALUES(108, 8928415027921);
INSERT INTO BookLanguage(ISBN, codeLanguage) VALUES(8928415027921, 'ES');
INSERT INTO BookGenre(ISBN, idGenre) VALUES(8928415027921, 19);
INSERT INTO Book(ISBN, name, publication, edition, idPublisher) VALUES(1516615925385, 'The Secret History', '1866-3-10', 11, 2);
INSERT INTO Person(name, birth) VALUES('Donna Tartt', '1743-11-15');
INSERT INTO Writer(idPerson) VALUES(109);
INSERT INTO BookWriter(idWriter, ISBN) VALUES(109, 1516615925385);
INSERT INTO BookLanguage(ISBN, codeLanguage) VALUES(1516615925385, 'ES');
INSERT INTO BookGenre(ISBN, idGenre) VALUES(1516615925385, 6);
INSERT INTO BookGenre(ISBN, idGenre) VALUES(1516615925385, 27);
INSERT INTO Book(ISBN, name, publication, edition, idPublisher) VALUES(6722734434176, 'The Woman in White', '1796-4-6', 4, 7);
INSERT INTO Person(name, birth) VALUES('Wilkie Collins', '1707-1-7');
INSERT INTO Writer(idPerson) VALUES(110);
INSERT INTO BookWriter(idWriter, ISBN) VALUES(110, 6722734434176);
INSERT INTO BookLanguage(ISBN, codeLanguage) VALUES(6722734434176, 'RO');
INSERT INTO BookGenre(ISBN, idGenre) VALUES(6722734434176, 11);
INSERT INTO BookGenre(ISBN, idGenre) VALUES(6722734434176, 10);
INSERT INTO Book(ISBN, name, publication, edition, idPublisher) VALUES(6944250232663, 'Ulysses', '1922-2-15', 3, 9);
INSERT INTO Person(name, birth) VALUES('James Joyce', '1965-10-22');
INSERT INTO Writer(idPerson) VALUES(111);
INSERT INTO BookWriter(idWriter, ISBN) VALUES(111, 6944250232663);
INSERT INTO BookLanguage(ISBN, codeLanguage) VALUES(6944250232663, 'IT');
INSERT INTO BookLanguage(ISBN, codeLanguage) VALUES(6944250232663, 'CZ');
INSERT INTO BookGenre(ISBN, idGenre) VALUES(6944250232663, 27);
INSERT INTO Book(ISBN, name, publication, edition, idPublisher) VALUES(7832389214926, 'Bleak House', '1797-12-11', 3, 6);
INSERT INTO BookWriter(idWriter, ISBN) VALUES(67, 7832389214926);
INSERT INTO BookLanguage(ISBN, codeLanguage) VALUES(7832389214926, 'PL');
INSERT INTO BookGenre(ISBN, idGenre) VALUES(7832389214926, 24);
INSERT INTO BookGenre(ISBN, idGenre) VALUES(7832389214926, 16);
INSERT INTO Book(ISBN, name, publication, edition, idPublisher) VALUES(3498348048809, 'Double Act', '1881-10-13', 8, 9);
INSERT INTO BookWriter(idWriter, ISBN) VALUES(77, 3498348048809);
INSERT INTO BookLanguage(ISBN, codeLanguage) VALUES(3498348048809, 'ES');
INSERT INTO BookGenre(ISBN, idGenre) VALUES(3498348048809, 29);
INSERT INTO BookGenre(ISBN, idGenre) VALUES(3498348048809, 5);
INSERT INTO Book(ISBN, name, publication, edition, idPublisher) VALUES(6845319803964, 'The Twits', '1806-5-5', 14, 2);
INSERT INTO BookWriter(idWriter, ISBN) VALUES(80, 6845319803964);
INSERT INTO BookLanguage(ISBN, codeLanguage) VALUES(6845319803964, 'RO');
INSERT INTO BookLanguage(ISBN, codeLanguage) VALUES(6845319803964, 'FR');
INSERT INTO BookGenre(ISBN, idGenre) VALUES(6845319803964, 20);
INSERT INTO Book(ISBN, name, publication, edition, idPublisher) VALUES(3112596930511, 'I Capture the Castle', '2013-7-6', 13, 7);
INSERT INTO Person(name, birth) VALUES('Dodie Smith', '1906-9-7');
INSERT INTO Writer(idPerson) VALUES(112);
INSERT INTO BookWriter(idWriter, ISBN) VALUES(112, 3112596930511);
INSERT INTO BookLanguage(ISBN, codeLanguage) VALUES(3112596930511, 'FR');
INSERT INTO BookGenre(ISBN, idGenre) VALUES(3112596930511, 29);
INSERT INTO Book(ISBN, name, publication, edition, idPublisher) VALUES(1162928448033, 'Holes', '1796-9-19', 5, 2);
INSERT INTO Person(name, birth) VALUES('Louis Sachar', '1820-7-13');
INSERT INTO Writer(idPerson) VALUES(113);
INSERT INTO BookWriter(idWriter, ISBN) VALUES(113, 1162928448033);
INSERT INTO BookLanguage(ISBN, codeLanguage) VALUES(1162928448033, 'PT');
INSERT INTO BookGenre(ISBN, idGenre) VALUES(1162928448033, 1);
INSERT INTO BookGenre(ISBN, idGenre) VALUES(1162928448033, 7);
INSERT INTO Book(ISBN, name, publication, edition, idPublisher) VALUES(7058707604697, 'Gormenghast', '1862-5-18', 12, 8);
INSERT INTO Person(name, birth) VALUES('Mervyn Peake', '1851-5-15');
INSERT INTO Writer(idPerson) VALUES(114);
INSERT INTO BookWriter(idWriter, ISBN) VALUES(114, 7058707604697);
INSERT INTO BookLanguage(ISBN, codeLanguage) VALUES(7058707604697, 'IT');
INSERT INTO BookGenre(ISBN, idGenre) VALUES(7058707604697, 14);
INSERT INTO BookGenre(ISBN, idGenre) VALUES(7058707604697, 3);
INSERT INTO Book(ISBN, name, publication, edition, idPublisher) VALUES(9598250692839, 'The God of Small Things', '1758-1-13', 2, 7);
INSERT INTO Person(name, birth) VALUES('Arundhati Roy', '1820-11-2');
INSERT INTO Writer(idPerson) VALUES(115);
INSERT INTO BookWriter(idWriter, ISBN) VALUES(115, 9598250692839);
INSERT INTO BookLanguage(ISBN, codeLanguage) VALUES(9598250692839, 'ES');
INSERT INTO BookGenre(ISBN, idGenre) VALUES(9598250692839, 11);
INSERT INTO BookGenre(ISBN, idGenre) VALUES(9598250692839, 25);
INSERT INTO Book(ISBN, name, publication, edition, idPublisher) VALUES(1224118675072, 'Vicky Angel', '1905-11-2', 6, 10);
INSERT INTO BookWriter(idWriter, ISBN) VALUES(77, 1224118675072);
INSERT INTO BookLanguage(ISBN, codeLanguage) VALUES(1224118675072, 'NL');
INSERT INTO BookGenre(ISBN, idGenre) VALUES(1224118675072, 15);
INSERT INTO BookGenre(ISBN, idGenre) VALUES(1224118675072, 27);
INSERT INTO Book(ISBN, name, publication, edition, idPublisher) VALUES(9257894239363, 'Brave New World', '1923-11-21', 15, 3);
INSERT INTO Person(name, birth) VALUES('Aldous Huxley', '1937-8-20');
INSERT INTO Writer(idPerson) VALUES(116);
INSERT INTO BookWriter(idWriter, ISBN) VALUES(116, 9257894239363);
INSERT INTO BookLanguage(ISBN, codeLanguage) VALUES(9257894239363, 'HU');
INSERT INTO BookGenre(ISBN, idGenre) VALUES(9257894239363, 23);
INSERT INTO Book(ISBN, name, publication, edition, idPublisher) VALUES(6725065637747, 'Cold Comfort Farm', '1945-11-6', 14, 6);
INSERT INTO Person(name, birth) VALUES('Stella Gibbons', '1740-8-6');
INSERT INTO Writer(idPerson) VALUES(117);
INSERT INTO BookWriter(idWriter, ISBN) VALUES(117, 6725065637747);
INSERT INTO BookLanguage(ISBN, codeLanguage) VALUES(6725065637747, 'DE');
INSERT INTO BookGenre(ISBN, idGenre) VALUES(6725065637747, 14);
INSERT INTO Book(ISBN, name, publication, edition, idPublisher) VALUES(1733973848616, 'Magician', '1933-5-21', 15, 8);
INSERT INTO Person(name, birth) VALUES('Raymond E. Feist', '1832-12-22');
INSERT INTO Writer(idPerson) VALUES(118);
INSERT INTO BookWriter(idWriter, ISBN) VALUES(118, 1733973848616);
INSERT INTO BookLanguage(ISBN, codeLanguage) VALUES(1733973848616, 'HU');
INSERT INTO BookGenre(ISBN, idGenre) VALUES(1733973848616, 28);
INSERT INTO BookGenre(ISBN, idGenre) VALUES(1733973848616, 15);
INSERT INTO Book(ISBN, name, publication, edition, idPublisher) VALUES(1268086150755, 'On the Road', '1866-1-2', 1, 3);
INSERT INTO Person(name, birth) VALUES('Jack Kerouac', '1863-5-19');
INSERT INTO Writer(idPerson) VALUES(119);
INSERT INTO BookWriter(idWriter, ISBN) VALUES(119, 1268086150755);
INSERT INTO BookLanguage(ISBN, codeLanguage) VALUES(1268086150755, 'HU');
INSERT INTO BookGenre(ISBN, idGenre) VALUES(1268086150755, 3);
INSERT INTO Book(ISBN, name, publication, edition, idPublisher) VALUES(4763695052378, 'The Godfather', '1965-6-13', 2, 6);
INSERT INTO Person(name, birth) VALUES('Mario Puzo', '1897-8-24');
INSERT INTO Writer(idPerson) VALUES(120);
INSERT INTO BookWriter(idWriter, ISBN) VALUES(120, 4763695052378);
INSERT INTO BookLanguage(ISBN, codeLanguage) VALUES(4763695052378, 'EN');
INSERT INTO BookGenre(ISBN, idGenre) VALUES(4763695052378, 21);
INSERT INTO BookGenre(ISBN, idGenre) VALUES(4763695052378, 29);
INSERT INTO Book(ISBN, name, publication, edition, idPublisher) VALUES(6239911402467, 'The Clan of the Cave Bear', '1884-5-21', 1, 1);
INSERT INTO Person(name, birth) VALUES('Jean M. Auel', '1975-10-16');
INSERT INTO Writer(idPerson) VALUES(121);
INSERT INTO BookWriter(idWriter, ISBN) VALUES(121, 6239911402467);
INSERT INTO BookLanguage(ISBN, codeLanguage) VALUES(6239911402467, 'HU');
INSERT INTO BookGenre(ISBN, idGenre) VALUES(6239911402467, 17);
INSERT INTO Book(ISBN, name, publication, edition, idPublisher) VALUES(7819487328495, 'The Colour of Magic', '1762-3-24', 2, 1);
INSERT INTO BookWriter(idWriter, ISBN) VALUES(101, 7819487328495);
INSERT INTO BookLanguage(ISBN, codeLanguage) VALUES(7819487328495, 'FR');
INSERT INTO BookLanguage(ISBN, codeLanguage) VALUES(7819487328495, 'SV');
INSERT INTO BookGenre(ISBN, idGenre) VALUES(7819487328495, 13);
INSERT INTO BookGenre(ISBN, idGenre) VALUES(7819487328495, 28);
INSERT INTO Book(ISBN, name, publication, edition, idPublisher) VALUES(4838634302854, 'The Alchemist', '1786-6-3', 12, 6);
INSERT INTO Person(name, birth) VALUES('Paulo Coelho', '1977-7-20');
INSERT INTO Writer(idPerson) VALUES(122);
INSERT INTO BookWriter(idWriter, ISBN) VALUES(122, 4838634302854);
INSERT INTO BookLanguage(ISBN, codeLanguage) VALUES(4838634302854, 'CZ');
INSERT INTO BookGenre(ISBN, idGenre) VALUES(4838634302854, 10);
INSERT INTO Book(ISBN, name, publication, edition, idPublisher) VALUES(1623013041986, 'Katherine', '1787-5-6', 4, 7);
INSERT INTO Person(name, birth) VALUES('Anya Seton', '1944-12-28');
INSERT INTO Writer(idPerson) VALUES(123);
INSERT INTO BookWriter(idWriter, ISBN) VALUES(123, 1623013041986);
INSERT INTO BookLanguage(ISBN, codeLanguage) VALUES(1623013041986, 'PL');
INSERT INTO BookGenre(ISBN, idGenre) VALUES(1623013041986, 16);
INSERT INTO BookGenre(ISBN, idGenre) VALUES(1623013041986, 7);
INSERT INTO Book(ISBN, name, publication, edition, idPublisher) VALUES(2884198425912, 'Kane and Abel', '1734-10-28', 3, 1);
INSERT INTO Person(name, birth) VALUES('Jeffrey Archer', '1712-12-2');
INSERT INTO Writer(idPerson) VALUES(124);
INSERT INTO BookWriter(idWriter, ISBN) VALUES(124, 2884198425912);
INSERT INTO BookLanguage(ISBN, codeLanguage) VALUES(2884198425912, 'CZ');
INSERT INTO BookGenre(ISBN, idGenre) VALUES(2884198425912, 30);
INSERT INTO BookGenre(ISBN, idGenre) VALUES(2884198425912, 29);
INSERT INTO Book(ISBN, name, publication, edition, idPublisher) VALUES(8936728192418, 'Love in the Time of Cholera', '1794-2-19', 11, 3);
INSERT INTO BookWriter(idWriter, ISBN) VALUES(78, 8936728192418);
INSERT INTO BookLanguage(ISBN, codeLanguage) VALUES(8936728192418, 'CZ');
INSERT INTO BookGenre(ISBN, idGenre) VALUES(8936728192418, 8);
INSERT INTO Book(ISBN, name, publication, edition, idPublisher) VALUES(8130664234164, 'Girls in Love', '1842-3-16', 6, 6);
INSERT INTO BookWriter(idWriter, ISBN) VALUES(77, 8130664234164);
INSERT INTO BookLanguage(ISBN, codeLanguage) VALUES(8130664234164, 'ES');
INSERT INTO BookGenre(ISBN, idGenre) VALUES(8130664234164, 1);
INSERT INTO Book(ISBN, name, publication, edition, idPublisher) VALUES(1486257092071, 'The Princess Diaries', '1914-9-17', 8, 8);
INSERT INTO Person(name, birth) VALUES('Meg Cabot', '1979-2-24');
INSERT INTO Writer(idPerson) VALUES(125);
INSERT INTO BookWriter(idWriter, ISBN) VALUES(125, 1486257092071);
INSERT INTO BookLanguage(ISBN, codeLanguage) VALUES(1486257092071, 'SV');
INSERT INTO BookGenre(ISBN, idGenre) VALUES(1486257092071, 27);
INSERT INTO BookGenre(ISBN, idGenre) VALUES(1486257092071, 10);
INSERT INTO Book(ISBN, name, publication, edition, idPublisher) VALUES(5674379415817, 'Midnights Children', '1754-6-17', 10, 5);
INSERT INTO Person(name, birth) VALUES('Salman Rushdie', '1979-11-21');
INSERT INTO Writer(idPerson) VALUES(126);
INSERT INTO BookWriter(idWriter, ISBN) VALUES(126, 5674379415817);
INSERT INTO BookLanguage(ISBN, codeLanguage) VALUES(5674379415817, 'PT');
INSERT INTO BookGenre(ISBN, idGenre) VALUES(5674379415817, 14);
INSERT INTO BookGenre(ISBN, idGenre) VALUES(5674379415817, 12);
INSERT INTO Book(ISBN, name, publication, edition, idPublisher) VALUES(3945360597629, 'Three Men in a Boat', '1829-6-13', 13, 2);
INSERT INTO Person(name, birth) VALUES('Jerome K. Jerome', '1806-10-18');
INSERT INTO Writer(idPerson) VALUES(127);
INSERT INTO BookWriter(idWriter, ISBN) VALUES(127, 3945360597629);
INSERT INTO BookLanguage(ISBN, codeLanguage) VALUES(3945360597629, 'FR');
INSERT INTO BookLanguage(ISBN, codeLanguage) VALUES(3945360597629, 'DE');
INSERT INTO BookGenre(ISBN, idGenre) VALUES(3945360597629, 14);
INSERT INTO BookGenre(ISBN, idGenre) VALUES(3945360597629, 12);
INSERT INTO Book(ISBN, name, publication, edition, idPublisher) VALUES(8551751064221, 'Small Gods', '2008-10-10', 14, 7);
INSERT INTO BookWriter(idWriter, ISBN) VALUES(101, 8551751064221);
INSERT INTO BookLanguage(ISBN, codeLanguage) VALUES(8551751064221, 'DE');
INSERT INTO BookGenre(ISBN, idGenre) VALUES(8551751064221, 28);
INSERT INTO Book(ISBN, name, publication, edition, idPublisher) VALUES(9192891611515, 'The Beach', '1768-2-14', 2, 4);
INSERT INTO Person(name, birth) VALUES('Alex Garland', '1877-7-17');
INSERT INTO Writer(idPerson) VALUES(128);
INSERT INTO BookWriter(idWriter, ISBN) VALUES(128, 9192891611515);
INSERT INTO BookLanguage(ISBN, codeLanguage) VALUES(9192891611515, 'SV');
INSERT INTO BookGenre(ISBN, idGenre) VALUES(9192891611515, 29);
INSERT INTO Book(ISBN, name, publication, edition, idPublisher) VALUES(6914705374596, 'Dracula', '1769-7-18', 11, 9);
INSERT INTO Person(name, birth) VALUES('Bram Stoker', '1787-11-17');
INSERT INTO Writer(idPerson) VALUES(129);
INSERT INTO BookWriter(idWriter, ISBN) VALUES(129, 6914705374596);
INSERT INTO BookLanguage(ISBN, codeLanguage) VALUES(6914705374596, 'RO');
INSERT INTO BookGenre(ISBN, idGenre) VALUES(6914705374596, 29);
INSERT INTO Book(ISBN, name, publication, edition, idPublisher) VALUES(1954533377634, 'Point Blanc', '1951-12-21', 2, 2);
INSERT INTO Person(name, birth) VALUES('Anthony Horowitz', '1772-11-13');
INSERT INTO Writer(idPerson) VALUES(130);
INSERT INTO BookWriter(idWriter, ISBN) VALUES(130, 1954533377634);
INSERT INTO BookLanguage(ISBN, codeLanguage) VALUES(1954533377634, 'RO');
INSERT INTO BookGenre(ISBN, idGenre) VALUES(1954533377634, 25);
INSERT INTO Book(ISBN, name, publication, edition, idPublisher) VALUES(7341981689402, 'The Pickwick Papers', '1871-2-26', 8, 10);
INSERT INTO BookWriter(idWriter, ISBN) VALUES(67, 7341981689402);
INSERT INTO BookLanguage(ISBN, codeLanguage) VALUES(7341981689402, 'ES');
INSERT INTO BookLanguage(ISBN, codeLanguage) VALUES(7341981689402, 'SV');
INSERT INTO BookGenre(ISBN, idGenre) VALUES(7341981689402, 21);
INSERT INTO BookGenre(ISBN, idGenre) VALUES(7341981689402, 13);
INSERT INTO Book(ISBN, name, publication, edition, idPublisher) VALUES(2267491207987, 'Stormbreaker', '1814-1-16', 14, 10);
INSERT INTO BookWriter(idWriter, ISBN) VALUES(130, 2267491207987);
INSERT INTO BookLanguage(ISBN, codeLanguage) VALUES(2267491207987, 'ES');
INSERT INTO BookGenre(ISBN, idGenre) VALUES(2267491207987, 16);
INSERT INTO BookGenre(ISBN, idGenre) VALUES(2267491207987, 20);
INSERT INTO Book(ISBN, name, publication, edition, idPublisher) VALUES(4617154975953, 'The Wasp Factory', '1746-4-23', 9, 7);
INSERT INTO Person(name, birth) VALUES('Iain Banks', '1855-3-1');
INSERT INTO Writer(idPerson) VALUES(131);
INSERT INTO BookWriter(idWriter, ISBN) VALUES(131, 4617154975953);
INSERT INTO BookLanguage(ISBN, codeLanguage) VALUES(4617154975953, 'PL');
INSERT INTO BookGenre(ISBN, idGenre) VALUES(4617154975953, 12);
INSERT INTO Book(ISBN, name, publication, edition, idPublisher) VALUES(3149827221777, 'The Day of the Jackal', '1957-2-28', 2, 3);
INSERT INTO Person(name, birth) VALUES('Frederick Forsyth', '1803-4-26');
INSERT INTO Writer(idPerson) VALUES(132);
INSERT INTO BookWriter(idWriter, ISBN) VALUES(132, 3149827221777);
INSERT INTO BookLanguage(ISBN, codeLanguage) VALUES(3149827221777, 'DE');
INSERT INTO BookGenre(ISBN, idGenre) VALUES(3149827221777, 23);
INSERT INTO BookGenre(ISBN, idGenre) VALUES(3149827221777, 1);
INSERT INTO Book(ISBN, name, publication, edition, idPublisher) VALUES(6427640761446, 'The Illustrated Mum', '1905-11-13', 15, 8);
INSERT INTO BookWriter(idWriter, ISBN) VALUES(77, 6427640761446);
INSERT INTO BookLanguage(ISBN, codeLanguage) VALUES(6427640761446, 'CZ');
INSERT INTO BookLanguage(ISBN, codeLanguage) VALUES(6427640761446, 'SV');
INSERT INTO BookGenre(ISBN, idGenre) VALUES(6427640761446, 14);
INSERT INTO Book(ISBN, name, publication, edition, idPublisher) VALUES(3876628430515, 'Jude the Obscure', '1900-6-12', 8, 6);
INSERT INTO BookWriter(idWriter, ISBN) VALUES(72, 3876628430515);
INSERT INTO BookLanguage(ISBN, codeLanguage) VALUES(3876628430515, 'SV');
INSERT INTO BookGenre(ISBN, idGenre) VALUES(3876628430515, 1);
INSERT INTO BookGenre(ISBN, idGenre) VALUES(3876628430515, 13);
INSERT INTO Book(ISBN, name, publication, edition, idPublisher) VALUES(9195085711869, 'The Secret Diary of Adrian Mole, Aged 13¾', '1928-9-22', 12, 8);
INSERT INTO Person(name, birth) VALUES('Sue Townsend', '1726-4-15');
INSERT INTO Writer(idPerson) VALUES(133);
INSERT INTO BookWriter(idWriter, ISBN) VALUES(133, 9195085711869);
INSERT INTO BookLanguage(ISBN, codeLanguage) VALUES(9195085711869, 'CZ');
INSERT INTO BookLanguage(ISBN, codeLanguage) VALUES(9195085711869, 'PT');
INSERT INTO BookGenre(ISBN, idGenre) VALUES(9195085711869, 1);
INSERT INTO Book(ISBN, name, publication, edition, idPublisher) VALUES(6458420617533, 'The Cruel Sea', '1795-11-23', 11, 7);
INSERT INTO Person(name, birth) VALUES('Nicholas Monsarrat', '1975-8-3');
INSERT INTO Writer(idPerson) VALUES(134);
INSERT INTO BookWriter(idWriter, ISBN) VALUES(134, 6458420617533);
INSERT INTO BookLanguage(ISBN, codeLanguage) VALUES(6458420617533, 'ES');
INSERT INTO BookGenre(ISBN, idGenre) VALUES(6458420617533, 5);
INSERT INTO Book(ISBN, name, publication, edition, idPublisher) VALUES(4303734457854, 'Les Misérables', '1828-6-26', 15, 3);
INSERT INTO Person(name, birth) VALUES('Victor Hugo', '1819-2-5');
INSERT INTO Writer(idPerson) VALUES(135);
INSERT INTO BookWriter(idWriter, ISBN) VALUES(135, 4303734457854);
INSERT INTO BookLanguage(ISBN, codeLanguage) VALUES(4303734457854, 'NL');
INSERT INTO BookGenre(ISBN, idGenre) VALUES(4303734457854, 8);
INSERT INTO Book(ISBN, name, publication, edition, idPublisher) VALUES(7497888167234, 'The Mayor of Casterbridge', '1934-1-13', 14, 2);
INSERT INTO BookWriter(idWriter, ISBN) VALUES(72, 7497888167234);
INSERT INTO BookLanguage(ISBN, codeLanguage) VALUES(7497888167234, 'PL');
INSERT INTO BookLanguage(ISBN, codeLanguage) VALUES(7497888167234, 'ES');
INSERT INTO BookGenre(ISBN, idGenre) VALUES(7497888167234, 7);
INSERT INTO Book(ISBN, name, publication, edition, idPublisher) VALUES(7124041547980, 'The Dare Game', '1932-1-11', 5, 6);
INSERT INTO BookWriter(idWriter, ISBN) VALUES(77, 7124041547980);
INSERT INTO BookLanguage(ISBN, codeLanguage) VALUES(7124041547980, 'FR');
INSERT INTO BookLanguage(ISBN, codeLanguage) VALUES(7124041547980, 'NL');
INSERT INTO BookGenre(ISBN, idGenre) VALUES(7124041547980, 13);
INSERT INTO Book(ISBN, name, publication, edition, idPublisher) VALUES(6001245541196, 'Bad Girls', '1764-5-1', 12, 6);
INSERT INTO BookWriter(idWriter, ISBN) VALUES(77, 6001245541196);
INSERT INTO BookLanguage(ISBN, codeLanguage) VALUES(6001245541196, 'EN');
INSERT INTO BookLanguage(ISBN, codeLanguage) VALUES(6001245541196, 'SV');
INSERT INTO BookGenre(ISBN, idGenre) VALUES(6001245541196, 23);
INSERT INTO Book(ISBN, name, publication, edition, idPublisher) VALUES(6069582749051, 'The Picture of Dorian Gray', '1809-4-8', 10, 8);
INSERT INTO Person(name, birth) VALUES('Oscar Wilde', '1919-2-20');
INSERT INTO Writer(idPerson) VALUES(136);
INSERT INTO BookWriter(idWriter, ISBN) VALUES(136, 6069582749051);
INSERT INTO BookLanguage(ISBN, codeLanguage) VALUES(6069582749051, 'HU');
INSERT INTO BookGenre(ISBN, idGenre) VALUES(6069582749051, 1);
INSERT INTO Book(ISBN, name, publication, edition, idPublisher) VALUES(5060080754360, 'Shōgun', '1938-7-20', 13, 7);
INSERT INTO Person(name, birth) VALUES('James Clavell', '1758-3-14');
INSERT INTO Writer(idPerson) VALUES(137);
INSERT INTO BookWriter(idWriter, ISBN) VALUES(137, 5060080754360);
INSERT INTO BookLanguage(ISBN, codeLanguage) VALUES(5060080754360, 'PL');
INSERT INTO BookGenre(ISBN, idGenre) VALUES(5060080754360, 19);
INSERT INTO BookGenre(ISBN, idGenre) VALUES(5060080754360, 27);
INSERT INTO Book(ISBN, name, publication, edition, idPublisher) VALUES(6822957408500, 'The Day of the Triffids', '2014-2-19', 1, 8);
INSERT INTO Person(name, birth) VALUES('John Wyndham', '1831-4-24');
INSERT INTO Writer(idPerson) VALUES(138);
INSERT INTO BookWriter(idWriter, ISBN) VALUES(138, 6822957408500);
INSERT INTO BookLanguage(ISBN, codeLanguage) VALUES(6822957408500, 'NL');
INSERT INTO BookGenre(ISBN, idGenre) VALUES(6822957408500, 8);
INSERT INTO BookGenre(ISBN, idGenre) VALUES(6822957408500, 28);
INSERT INTO Book(ISBN, name, publication, edition, idPublisher) VALUES(8845521263795, 'Lola Rose', '1743-2-19', 5, 1);
INSERT INTO BookWriter(idWriter, ISBN) VALUES(77, 8845521263795);
INSERT INTO BookLanguage(ISBN, codeLanguage) VALUES(8845521263795, 'SV');
INSERT INTO BookGenre(ISBN, idGenre) VALUES(8845521263795, 9);
INSERT INTO Book(ISBN, name, publication, edition, idPublisher) VALUES(7051992922303, 'Vanity Fair', '1908-6-15', 10, 3);
INSERT INTO Person(name, birth) VALUES('William Makepeace Thackeray', '1796-3-24');
INSERT INTO Writer(idPerson) VALUES(139);
INSERT INTO BookWriter(idWriter, ISBN) VALUES(139, 7051992922303);
INSERT INTO BookLanguage(ISBN, codeLanguage) VALUES(7051992922303, 'RO');
INSERT INTO BookGenre(ISBN, idGenre) VALUES(7051992922303, 2);
INSERT INTO Book(ISBN, name, publication, edition, idPublisher) VALUES(4545724566864, 'The Forsyte Saga', '1904-4-20', 4, 6);
INSERT INTO Person(name, birth) VALUES('John Galsworthy', '1938-3-3');
INSERT INTO Writer(idPerson) VALUES(140);
INSERT INTO BookWriter(idWriter, ISBN) VALUES(140, 4545724566864);
INSERT INTO BookLanguage(ISBN, codeLanguage) VALUES(4545724566864, 'EN');
INSERT INTO BookGenre(ISBN, idGenre) VALUES(4545724566864, 28);
INSERT INTO BookGenre(ISBN, idGenre) VALUES(4545724566864, 30);
INSERT INTO Book(ISBN, name, publication, edition, idPublisher) VALUES(4989333618462, 'House of Leaves', '1843-6-20', 5, 5);
INSERT INTO Person(name, birth) VALUES('Mark Z. Danielewski', '1948-4-1');
INSERT INTO Writer(idPerson) VALUES(141);
INSERT INTO BookWriter(idWriter, ISBN) VALUES(141, 4989333618462);
INSERT INTO BookLanguage(ISBN, codeLanguage) VALUES(4989333618462, 'SV');
INSERT INTO BookGenre(ISBN, idGenre) VALUES(4989333618462, 4);
INSERT INTO Book(ISBN, name, publication, edition, idPublisher) VALUES(9189071762943, 'The Poisonwood Bible', '1953-5-29', 13, 6);
INSERT INTO Person(name, birth) VALUES('Barbara Kingsolver', '1936-11-22');
INSERT INTO Writer(idPerson) VALUES(142);
INSERT INTO BookWriter(idWriter, ISBN) VALUES(142, 9189071762943);
INSERT INTO BookLanguage(ISBN, codeLanguage) VALUES(9189071762943, 'HU');
INSERT INTO BookGenre(ISBN, idGenre) VALUES(9189071762943, 14);
INSERT INTO Book(ISBN, name, publication, edition, idPublisher) VALUES(8046424013502, 'Reaper Man', '1871-4-20', 4, 4);
INSERT INTO BookWriter(idWriter, ISBN) VALUES(101, 8046424013502);
INSERT INTO BookLanguage(ISBN, codeLanguage) VALUES(8046424013502, 'NL');
INSERT INTO BookGenre(ISBN, idGenre) VALUES(8046424013502, 9);
INSERT INTO Book(ISBN, name, publication, edition, idPublisher) VALUES(6216057563525, 'Angus, Thongs and Full-Frontal Snogging', '1873-1-17', 7, 9);
INSERT INTO Person(name, birth) VALUES('Louise Rennison', '1973-6-10');
INSERT INTO Writer(idPerson) VALUES(143);
INSERT INTO BookWriter(idWriter, ISBN) VALUES(143, 6216057563525);
INSERT INTO BookLanguage(ISBN, codeLanguage) VALUES(6216057563525, 'SV');
INSERT INTO BookGenre(ISBN, idGenre) VALUES(6216057563525, 14);
INSERT INTO Book(ISBN, name, publication, edition, idPublisher) VALUES(7867579589954, 'The Hound of the Baskervilles', '2014-2-24', 5, 6);
INSERT INTO Person(name, birth) VALUES('Arthur Conan Doyle', '1771-10-10');
INSERT INTO Writer(idPerson) VALUES(144);
INSERT INTO BookWriter(idWriter, ISBN) VALUES(144, 7867579589954);
INSERT INTO BookLanguage(ISBN, codeLanguage) VALUES(7867579589954, 'SV');
INSERT INTO BookGenre(ISBN, idGenre) VALUES(7867579589954, 20);
INSERT INTO BookGenre(ISBN, idGenre) VALUES(7867579589954, 3);
INSERT INTO Book(ISBN, name, publication, edition, idPublisher) VALUES(6012005419866, 'Possession: A Romance', '1871-4-3', 14, 8);
INSERT INTO Person(name, birth) VALUES('A. S. Byatt', '1949-9-19');
INSERT INTO Writer(idPerson) VALUES(145);
INSERT INTO BookWriter(idWriter, ISBN) VALUES(145, 6012005419866);
INSERT INTO BookLanguage(ISBN, codeLanguage) VALUES(6012005419866, 'SV');
INSERT INTO BookGenre(ISBN, idGenre) VALUES(6012005419866, 16);
INSERT INTO Book(ISBN, name, publication, edition, idPublisher) VALUES(7642710829153, 'The Master and Margarita', '1864-4-17', 6, 10);
INSERT INTO Person(name, birth) VALUES('Mikhail Bulgakov', '1847-4-4');
INSERT INTO Writer(idPerson) VALUES(146);
INSERT INTO BookWriter(idWriter, ISBN) VALUES(146, 7642710829153);
INSERT INTO BookLanguage(ISBN, codeLanguage) VALUES(7642710829153, 'CZ');
INSERT INTO BookGenre(ISBN, idGenre) VALUES(7642710829153, 5);
INSERT INTO BookGenre(ISBN, idGenre) VALUES(7642710829153, 26);
INSERT INTO Book(ISBN, name, publication, edition, idPublisher) VALUES(8130975641725, 'The Handmaids Tale', '1803-5-24', 12, 9);
INSERT INTO Person(name, birth) VALUES('Margaret Atwood', '1833-5-25');
INSERT INTO Writer(idPerson) VALUES(147);
INSERT INTO BookWriter(idWriter, ISBN) VALUES(147, 8130975641725);
INSERT INTO BookLanguage(ISBN, codeLanguage) VALUES(8130975641725, 'PT');
INSERT INTO BookLanguage(ISBN, codeLanguage) VALUES(8130975641725, 'FR');
INSERT INTO BookGenre(ISBN, idGenre) VALUES(8130975641725, 18);
INSERT INTO Book(ISBN, name, publication, edition, idPublisher) VALUES(5106444048143, 'Danny, the Champion of the World', '1734-7-15', 14, 5);
INSERT INTO BookWriter(idWriter, ISBN) VALUES(80, 5106444048143);
INSERT INTO BookLanguage(ISBN, codeLanguage) VALUES(5106444048143, 'PL');
INSERT INTO BookGenre(ISBN, idGenre) VALUES(5106444048143, 30);
INSERT INTO Book(ISBN, name, publication, edition, idPublisher) VALUES(9705052347788, 'East of Eden', '1861-5-13', 15, 7);
INSERT INTO BookWriter(idWriter, ISBN) VALUES(75, 9705052347788);
INSERT INTO BookLanguage(ISBN, codeLanguage) VALUES(9705052347788, 'ES');
INSERT INTO BookGenre(ISBN, idGenre) VALUES(9705052347788, 2);
INSERT INTO BookGenre(ISBN, idGenre) VALUES(9705052347788, 14);
INSERT INTO Book(ISBN, name, publication, edition, idPublisher) VALUES(6931276589249, 'Georges Marvellous Medicine', '1882-5-23', 12, 3);
INSERT INTO BookWriter(idWriter, ISBN) VALUES(80, 6931276589249);
INSERT INTO BookLanguage(ISBN, codeLanguage) VALUES(6931276589249, 'FR');
INSERT INTO BookGenre(ISBN, idGenre) VALUES(6931276589249, 13);
INSERT INTO BookGenre(ISBN, idGenre) VALUES(6931276589249, 7);
INSERT INTO Book(ISBN, name, publication, edition, idPublisher) VALUES(4729059162949, 'Wyrd Sisters', '1781-1-23', 4, 2);
INSERT INTO BookWriter(idWriter, ISBN) VALUES(101, 4729059162949);
INSERT INTO BookLanguage(ISBN, codeLanguage) VALUES(4729059162949, 'EN');
INSERT INTO BookLanguage(ISBN, codeLanguage) VALUES(4729059162949, 'ES');
INSERT INTO BookGenre(ISBN, idGenre) VALUES(4729059162949, 13);
INSERT INTO BookGenre(ISBN, idGenre) VALUES(4729059162949, 26);
INSERT INTO Book(ISBN, name, publication, edition, idPublisher) VALUES(3323456230174, 'The Color Purple', '1880-4-20', 6, 10);
INSERT INTO Person(name, birth) VALUES('Alice Walker', '2002-8-14');
INSERT INTO Writer(idPerson) VALUES(148);
INSERT INTO BookWriter(idWriter, ISBN) VALUES(148, 3323456230174);
INSERT INTO BookLanguage(ISBN, codeLanguage) VALUES(3323456230174, 'PT');
INSERT INTO BookLanguage(ISBN, codeLanguage) VALUES(3323456230174, 'NL');
INSERT INTO BookGenre(ISBN, idGenre) VALUES(3323456230174, 8);
INSERT INTO BookGenre(ISBN, idGenre) VALUES(3323456230174, 1);
INSERT INTO Book(ISBN, name, publication, edition, idPublisher) VALUES(1045863700055, 'Hogfather', '1886-6-17', 11, 8);
INSERT INTO BookWriter(idWriter, ISBN) VALUES(101, 1045863700055);
INSERT INTO BookLanguage(ISBN, codeLanguage) VALUES(1045863700055, 'FR');
INSERT INTO BookGenre(ISBN, idGenre) VALUES(1045863700055, 20);
INSERT INTO Book(ISBN, name, publication, edition, idPublisher) VALUES(6663506943360, 'The Thirty-Nine Steps', '1880-11-28', 11, 3);
INSERT INTO Person(name, birth) VALUES('John Buchan', '1898-2-10');
INSERT INTO Writer(idPerson) VALUES(149);
INSERT INTO BookWriter(idWriter, ISBN) VALUES(149, 6663506943360);
INSERT INTO BookLanguage(ISBN, codeLanguage) VALUES(6663506943360, 'PL');
INSERT INTO BookLanguage(ISBN, codeLanguage) VALUES(6663506943360, 'SV');
INSERT INTO BookGenre(ISBN, idGenre) VALUES(6663506943360, 17);
INSERT INTO BookGenre(ISBN, idGenre) VALUES(6663506943360, 6);
INSERT INTO Book(ISBN, name, publication, edition, idPublisher) VALUES(7367225818235, 'Girls in Tears', '1814-12-3', 8, 10);
INSERT INTO BookWriter(idWriter, ISBN) VALUES(77, 7367225818235);
INSERT INTO BookLanguage(ISBN, codeLanguage) VALUES(7367225818235, 'FR');
INSERT INTO BookGenre(ISBN, idGenre) VALUES(7367225818235, 29);
INSERT INTO Book(ISBN, name, publication, edition, idPublisher) VALUES(2836590373168, 'Sleepovers', '1994-4-26', 8, 2);
INSERT INTO BookWriter(idWriter, ISBN) VALUES(77, 2836590373168);
INSERT INTO BookLanguage(ISBN, codeLanguage) VALUES(2836590373168, 'RO');
INSERT INTO BookLanguage(ISBN, codeLanguage) VALUES(2836590373168, 'CZ');
INSERT INTO BookGenre(ISBN, idGenre) VALUES(2836590373168, 18);
INSERT INTO Book(ISBN, name, publication, edition, idPublisher) VALUES(7654721544643, 'All Quiet on the Western Front', '1951-6-18', 4, 1);
INSERT INTO Person(name, birth) VALUES('Erich Maria Remarque', '1787-3-25');
INSERT INTO Writer(idPerson) VALUES(150);
INSERT INTO BookWriter(idWriter, ISBN) VALUES(150, 7654721544643);
INSERT INTO BookLanguage(ISBN, codeLanguage) VALUES(7654721544643, 'FR');
INSERT INTO BookGenre(ISBN, idGenre) VALUES(7654721544643, 18);
INSERT INTO Book(ISBN, name, publication, edition, idPublisher) VALUES(3989600682214, 'Behind the Scenes at the Museum', '1757-4-14', 14, 7);
INSERT INTO Person(name, birth) VALUES('Kate Atkinson', '1710-5-4');
INSERT INTO Writer(idPerson) VALUES(151);
INSERT INTO BookWriter(idWriter, ISBN) VALUES(151, 3989600682214);
INSERT INTO BookLanguage(ISBN, codeLanguage) VALUES(3989600682214, 'RO');
INSERT INTO BookGenre(ISBN, idGenre) VALUES(3989600682214, 7);
INSERT INTO Book(ISBN, name, publication, edition, idPublisher) VALUES(9034613164630, 'High Fidelity', '1811-8-15', 10, 4);
INSERT INTO Person(name, birth) VALUES('Nick Hornby', '1746-8-16');
INSERT INTO Writer(idPerson) VALUES(152);
INSERT INTO BookWriter(idWriter, ISBN) VALUES(152, 9034613164630);
INSERT INTO BookLanguage(ISBN, codeLanguage) VALUES(9034613164630, 'EN');
INSERT INTO BookGenre(ISBN, idGenre) VALUES(9034613164630, 30);
INSERT INTO Book(ISBN, name, publication, edition, idPublisher) VALUES(1274548098654, 'It', '1865-3-3', 11, 3);
INSERT INTO BookWriter(idWriter, ISBN) VALUES(92, 1274548098654);
INSERT INTO BookLanguage(ISBN, codeLanguage) VALUES(1274548098654, 'PT');
INSERT INTO BookGenre(ISBN, idGenre) VALUES(1274548098654, 5);
INSERT INTO Book(ISBN, name, publication, edition, idPublisher) VALUES(9652911166202, 'James and the Giant Peach', '2002-12-24', 13, 8);
INSERT INTO BookWriter(idWriter, ISBN) VALUES(80, 9652911166202);
INSERT INTO BookLanguage(ISBN, codeLanguage) VALUES(9652911166202, 'ES');
INSERT INTO BookLanguage(ISBN, codeLanguage) VALUES(9652911166202, 'RO');
INSERT INTO BookGenre(ISBN, idGenre) VALUES(9652911166202, 16);
INSERT INTO Book(ISBN, name, publication, edition, idPublisher) VALUES(8147760625883, 'The Green Mile', '2019-12-19', 4, 7);
INSERT INTO BookWriter(idWriter, ISBN) VALUES(92, 8147760625883);
INSERT INTO BookLanguage(ISBN, codeLanguage) VALUES(8147760625883, 'SV');
INSERT INTO BookGenre(ISBN, idGenre) VALUES(8147760625883, 30);
INSERT INTO Book(ISBN, name, publication, edition, idPublisher) VALUES(9369337269119, 'Papillon', '1807-11-10', 13, 10);
INSERT INTO Person(name, birth) VALUES('Henri Charrière', '1819-11-20');
INSERT INTO Writer(idPerson) VALUES(153);
INSERT INTO BookWriter(idWriter, ISBN) VALUES(153, 9369337269119);
INSERT INTO BookLanguage(ISBN, codeLanguage) VALUES(9369337269119, 'HU');
INSERT INTO BookGenre(ISBN, idGenre) VALUES(9369337269119, 9);
INSERT INTO Book(ISBN, name, publication, edition, idPublisher) VALUES(6081958862095, 'Men at Arms', '1820-4-5', 14, 6);
INSERT INTO BookWriter(idWriter, ISBN) VALUES(101, 6081958862095);
INSERT INTO BookLanguage(ISBN, codeLanguage) VALUES(6081958862095, 'NL');
INSERT INTO BookGenre(ISBN, idGenre) VALUES(6081958862095, 12);
INSERT INTO BookGenre(ISBN, idGenre) VALUES(6081958862095, 27);
INSERT INTO Book(ISBN, name, publication, edition, idPublisher) VALUES(9748828584243, 'Master and Commander', '2020-8-4', 6, 2);
INSERT INTO Person(name, birth) VALUES('Patrick OBrian', '1828-10-29');
INSERT INTO Writer(idPerson) VALUES(154);
INSERT INTO BookWriter(idWriter, ISBN) VALUES(154, 9748828584243);
INSERT INTO BookLanguage(ISBN, codeLanguage) VALUES(9748828584243, 'PT');
INSERT INTO BookGenre(ISBN, idGenre) VALUES(9748828584243, 30);
INSERT INTO Book(ISBN, name, publication, edition, idPublisher) VALUES(3188819113439, 'Skeleton Key', '1841-6-20', 9, 6);
INSERT INTO BookWriter(idWriter, ISBN) VALUES(130, 3188819113439);
INSERT INTO BookLanguage(ISBN, codeLanguage) VALUES(3188819113439, 'DE');
INSERT INTO BookGenre(ISBN, idGenre) VALUES(3188819113439, 1);
INSERT INTO Book(ISBN, name, publication, edition, idPublisher) VALUES(2370796196689, 'Soul Music', '1796-3-15', 12, 3);
INSERT INTO BookWriter(idWriter, ISBN) VALUES(101, 2370796196689);
INSERT INTO BookLanguage(ISBN, codeLanguage) VALUES(2370796196689, 'FR');
INSERT INTO BookGenre(ISBN, idGenre) VALUES(2370796196689, 29);
INSERT INTO BookGenre(ISBN, idGenre) VALUES(2370796196689, 18);
INSERT INTO Book(ISBN, name, publication, edition, idPublisher) VALUES(7375516500116, 'Thief of Time', '1744-5-23', 11, 6);
INSERT INTO BookWriter(idWriter, ISBN) VALUES(101, 7375516500116);
INSERT INTO BookLanguage(ISBN, codeLanguage) VALUES(7375516500116, 'SV');
INSERT INTO BookLanguage(ISBN, codeLanguage) VALUES(7375516500116, 'HU');
INSERT INTO BookGenre(ISBN, idGenre) VALUES(7375516500116, 2);
INSERT INTO Book(ISBN, name, publication, edition, idPublisher) VALUES(6542605171291, 'The Fifth Elephant', '1896-4-4', 15, 4);
INSERT INTO BookWriter(idWriter, ISBN) VALUES(101, 6542605171291);
INSERT INTO BookLanguage(ISBN, codeLanguage) VALUES(6542605171291, 'SV');
INSERT INTO BookGenre(ISBN, idGenre) VALUES(6542605171291, 4);
INSERT INTO Book(ISBN, name, publication, edition, idPublisher) VALUES(9775907167633, 'Atonement', '1942-5-4', 4, 2);
INSERT INTO Person(name, birth) VALUES('Ian McEwan', '1748-2-22');
INSERT INTO Writer(idPerson) VALUES(155);
INSERT INTO BookWriter(idWriter, ISBN) VALUES(155, 9775907167633);
INSERT INTO BookLanguage(ISBN, codeLanguage) VALUES(9775907167633, 'PL');
INSERT INTO BookGenre(ISBN, idGenre) VALUES(9775907167633, 27);
INSERT INTO Book(ISBN, name, publication, edition, idPublisher) VALUES(3313173319502, 'Secrets', '1979-12-25', 4, 7);
INSERT INTO BookWriter(idWriter, ISBN) VALUES(77, 3313173319502);
INSERT INTO BookLanguage(ISBN, codeLanguage) VALUES(3313173319502, 'CZ');
INSERT INTO BookGenre(ISBN, idGenre) VALUES(3313173319502, 24);
INSERT INTO Book(ISBN, name, publication, edition, idPublisher) VALUES(1918055466938, 'The Silver Sword', '1970-11-25', 15, 8);
INSERT INTO Person(name, birth) VALUES('Ian Serraillier', '1858-1-25');
INSERT INTO Writer(idPerson) VALUES(156);
INSERT INTO BookWriter(idWriter, ISBN) VALUES(156, 1918055466938);
INSERT INTO BookLanguage(ISBN, codeLanguage) VALUES(1918055466938, 'CZ');
INSERT INTO BookGenre(ISBN, idGenre) VALUES(1918055466938, 23);
INSERT INTO Book(ISBN, name, publication, edition, idPublisher) VALUES(1968019615190, 'One Flew Over the Cuckoos Nest', '1727-1-8', 10, 6);
INSERT INTO Person(name, birth) VALUES('Ken Kesey', '1896-6-15');
INSERT INTO Writer(idPerson) VALUES(157);
INSERT INTO BookWriter(idWriter, ISBN) VALUES(157, 1968019615190);
INSERT INTO BookLanguage(ISBN, codeLanguage) VALUES(1968019615190, 'PT');
INSERT INTO BookGenre(ISBN, idGenre) VALUES(1968019615190, 14);
INSERT INTO Book(ISBN, name, publication, edition, idPublisher) VALUES(4971608776591, 'Heart of Darkness', '1904-5-11', 7, 1);
INSERT INTO Person(name, birth) VALUES('Joseph Conrad', '1965-6-25');
INSERT INTO Writer(idPerson) VALUES(158);
INSERT INTO BookWriter(idWriter, ISBN) VALUES(158, 4971608776591);
INSERT INTO BookLanguage(ISBN, codeLanguage) VALUES(4971608776591, 'DE');
INSERT INTO BookGenre(ISBN, idGenre) VALUES(4971608776591, 22);
INSERT INTO BookGenre(ISBN, idGenre) VALUES(4971608776591, 7);
INSERT INTO Book(ISBN, name, publication, edition, idPublisher) VALUES(4149801552086, 'Kim', '1978-11-20', 8, 10);
INSERT INTO Person(name, birth) VALUES('Rudyard Kipling', '1845-9-4');
INSERT INTO Writer(idPerson) VALUES(159);
INSERT INTO BookWriter(idWriter, ISBN) VALUES(159, 4149801552086);
INSERT INTO BookLanguage(ISBN, codeLanguage) VALUES(4149801552086, 'HU');
INSERT INTO BookLanguage(ISBN, codeLanguage) VALUES(4149801552086, 'CZ');
INSERT INTO BookGenre(ISBN, idGenre) VALUES(4149801552086, 7);
INSERT INTO BookGenre(ISBN, idGenre) VALUES(4149801552086, 28);
INSERT INTO Book(ISBN, name, publication, edition, idPublisher) VALUES(7454440651453, 'Cross Stitch', '1743-11-19', 10, 2);
INSERT INTO Person(name, birth) VALUES('Diana Gabaldon', '1738-9-3');
INSERT INTO Writer(idPerson) VALUES(160);
INSERT INTO BookWriter(idWriter, ISBN) VALUES(160, 7454440651453);
INSERT INTO BookLanguage(ISBN, codeLanguage) VALUES(7454440651453, 'FR');
INSERT INTO BookGenre(ISBN, idGenre) VALUES(7454440651453, 9);
INSERT INTO Book(ISBN, name, publication, edition, idPublisher) VALUES(1118345809409, 'River God', '1792-5-16', 13, 1);
INSERT INTO Person(name, birth) VALUES('Wilbur Smith', '1868-6-12');
INSERT INTO Writer(idPerson) VALUES(161);
INSERT INTO BookWriter(idWriter, ISBN) VALUES(161, 1118345809409);
INSERT INTO BookLanguage(ISBN, codeLanguage) VALUES(1118345809409, 'EN');
INSERT INTO BookLanguage(ISBN, codeLanguage) VALUES(1118345809409, 'FR');
INSERT INTO BookGenre(ISBN, idGenre) VALUES(1118345809409, 8);
INSERT INTO Book(ISBN, name, publication, edition, idPublisher) VALUES(5411448914739, 'Sunset Song', '1844-11-24', 11, 6);
INSERT INTO Person(name, birth) VALUES('Lewis Grassic Gibbon', '1871-4-14');
INSERT INTO Writer(idPerson) VALUES(162);
INSERT INTO BookWriter(idWriter, ISBN) VALUES(162, 5411448914739);
INSERT INTO BookLanguage(ISBN, codeLanguage) VALUES(5411448914739, 'FR');
INSERT INTO BookLanguage(ISBN, codeLanguage) VALUES(5411448914739, 'DE');
INSERT INTO BookGenre(ISBN, idGenre) VALUES(5411448914739, 24);
INSERT INTO Book(ISBN, name, publication, edition, idPublisher) VALUES(7454375056513, 'The Shipping News', '1977-10-10', 8, 8);
INSERT INTO Person(name, birth) VALUES('E. Annie Proulx', '1775-5-7');
INSERT INTO Writer(idPerson) VALUES(163);
INSERT INTO BookWriter(idWriter, ISBN) VALUES(163, 7454375056513);
INSERT INTO BookLanguage(ISBN, codeLanguage) VALUES(7454375056513, 'DE');
INSERT INTO BookGenre(ISBN, idGenre) VALUES(7454375056513, 6);
INSERT INTO BookGenre(ISBN, idGenre) VALUES(7454375056513, 17);
INSERT INTO Book(ISBN, name, publication, edition, idPublisher) VALUES(7787573206098, 'The World According to Garp', '1890-5-21', 14, 4);
INSERT INTO BookWriter(idWriter, ISBN) VALUES(74, 7787573206098);
INSERT INTO BookLanguage(ISBN, codeLanguage) VALUES(7787573206098, 'PL');
INSERT INTO BookLanguage(ISBN, codeLanguage) VALUES(7787573206098, 'RO');
INSERT INTO BookGenre(ISBN, idGenre) VALUES(7787573206098, 26);
INSERT INTO BookGenre(ISBN, idGenre) VALUES(7787573206098, 5);
INSERT INTO Book(ISBN, name, publication, edition, idPublisher) VALUES(1181866752313, 'Lorna Doone', '1964-2-18', 8, 4);
INSERT INTO Person(name, birth) VALUES('R. D. Blackmore', '1815-2-11');
INSERT INTO Writer(idPerson) VALUES(164);
INSERT INTO BookWriter(idWriter, ISBN) VALUES(164, 1181866752313);
INSERT INTO BookLanguage(ISBN, codeLanguage) VALUES(1181866752313, 'RO');
INSERT INTO BookGenre(ISBN, idGenre) VALUES(1181866752313, 10);
INSERT INTO Book(ISBN, name, publication, edition, idPublisher) VALUES(8109405194481, 'Girls Out Late', '1917-12-24', 4, 7);
INSERT INTO BookWriter(idWriter, ISBN) VALUES(77, 8109405194481);
INSERT INTO BookLanguage(ISBN, codeLanguage) VALUES(8109405194481, 'EN');
INSERT INTO BookGenre(ISBN, idGenre) VALUES(8109405194481, 1);
INSERT INTO BookGenre(ISBN, idGenre) VALUES(8109405194481, 17);
INSERT INTO Book(ISBN, name, publication, edition, idPublisher) VALUES(7183158418220, 'The Far Pavilions', '1731-9-25', 15, 6);
INSERT INTO Person(name, birth) VALUES('M. M. Kaye', '1913-10-29');
INSERT INTO Writer(idPerson) VALUES(165);
INSERT INTO BookWriter(idWriter, ISBN) VALUES(165, 7183158418220);
INSERT INTO BookLanguage(ISBN, codeLanguage) VALUES(7183158418220, 'RO');
INSERT INTO BookLanguage(ISBN, codeLanguage) VALUES(7183158418220, 'FR');
INSERT INTO BookGenre(ISBN, idGenre) VALUES(7183158418220, 12);
INSERT INTO Book(ISBN, name, publication, edition, idPublisher) VALUES(7567427874573, 'The Witches', '1845-10-2', 8, 6);
INSERT INTO BookWriter(idWriter, ISBN) VALUES(80, 7567427874573);
INSERT INTO BookLanguage(ISBN, codeLanguage) VALUES(7567427874573, 'IT');
INSERT INTO BookGenre(ISBN, idGenre) VALUES(7567427874573, 18);
INSERT INTO Book(ISBN, name, publication, edition, idPublisher) VALUES(1026863405175, 'Charlottes Web', '1859-11-23', 6, 6);
INSERT INTO Person(name, birth) VALUES('E. B. White', '1913-6-21');
INSERT INTO Writer(idPerson) VALUES(166);
INSERT INTO BookWriter(idWriter, ISBN) VALUES(166, 1026863405175);
INSERT INTO BookLanguage(ISBN, codeLanguage) VALUES(1026863405175, 'FR');
INSERT INTO BookGenre(ISBN, idGenre) VALUES(1026863405175, 18);
INSERT INTO Book(ISBN, name, publication, edition, idPublisher) VALUES(3942003875848, 'Frankenstein', '1733-2-2', 8, 10);
INSERT INTO Person(name, birth) VALUES('Mary Shelley', '1977-6-26');
INSERT INTO Writer(idPerson) VALUES(167);
INSERT INTO BookWriter(idWriter, ISBN) VALUES(167, 3942003875848);
INSERT INTO BookLanguage(ISBN, codeLanguage) VALUES(3942003875848, 'CZ');
INSERT INTO BookGenre(ISBN, idGenre) VALUES(3942003875848, 23);
INSERT INTO Book(ISBN, name, publication, edition, idPublisher) VALUES(5182914750700, 'They Used to Play on Grass', '1981-10-7', 9, 1);
INSERT INTO Person(name, birth) VALUES('Terry Venables', '1835-6-10');
INSERT INTO Writer(idPerson) VALUES(168);
INSERT INTO BookWriter(idWriter, ISBN) VALUES(168, 5182914750700);
INSERT INTO Person(name, birth) VALUES('Gordon Williams', '1744-6-10');
INSERT INTO Writer(idPerson) VALUES(169);
INSERT INTO BookWriter(idWriter, ISBN) VALUES(169, 5182914750700);
INSERT INTO BookLanguage(ISBN, codeLanguage) VALUES(5182914750700, 'ES');
INSERT INTO BookGenre(ISBN, idGenre) VALUES(5182914750700, 29);
INSERT INTO BookGenre(ISBN, idGenre) VALUES(5182914750700, 20);
INSERT INTO Book(ISBN, name, publication, edition, idPublisher) VALUES(6083235176366, 'The Old Man and the Sea', '1812-2-27', 9, 7);
INSERT INTO Person(name, birth) VALUES('Ernest Hemingway', '1960-7-17');
INSERT INTO Writer(idPerson) VALUES(170);
INSERT INTO BookWriter(idWriter, ISBN) VALUES(170, 6083235176366);
INSERT INTO BookLanguage(ISBN, codeLanguage) VALUES(6083235176366, 'IT');
INSERT INTO BookGenre(ISBN, idGenre) VALUES(6083235176366, 7);
INSERT INTO Book(ISBN, name, publication, edition, idPublisher) VALUES(5171900639564, 'The Name of the Rose', '1952-5-22', 5, 1);
INSERT INTO Person(name, birth) VALUES('Umberto Eco', '1943-1-21');
INSERT INTO Writer(idPerson) VALUES(171);
INSERT INTO BookWriter(idWriter, ISBN) VALUES(171, 5171900639564);
INSERT INTO BookLanguage(ISBN, codeLanguage) VALUES(5171900639564, 'HU');
INSERT INTO BookGenre(ISBN, idGenre) VALUES(5171900639564, 21);
INSERT INTO Book(ISBN, name, publication, edition, idPublisher) VALUES(5209660444505, 'Sophies World', '1740-9-3', 10, 2);
INSERT INTO Person(name, birth) VALUES('Jostein Gaarder', '1849-8-11');
INSERT INTO Writer(idPerson) VALUES(172);
INSERT INTO BookWriter(idWriter, ISBN) VALUES(172, 5209660444505);
INSERT INTO BookLanguage(ISBN, codeLanguage) VALUES(5209660444505, 'EN');
INSERT INTO BookGenre(ISBN, idGenre) VALUES(5209660444505, 4);
INSERT INTO Book(ISBN, name, publication, edition, idPublisher) VALUES(5772315738951, 'Dustbin Baby', '1757-10-10', 6, 6);
INSERT INTO BookWriter(idWriter, ISBN) VALUES(77, 5772315738951);
INSERT INTO BookLanguage(ISBN, codeLanguage) VALUES(5772315738951, 'RO');
INSERT INTO BookGenre(ISBN, idGenre) VALUES(5772315738951, 15);
INSERT INTO Book(ISBN, name, publication, edition, idPublisher) VALUES(5228784472428, 'Fantastic Mr Fox', '1750-9-1', 11, 5);
INSERT INTO BookWriter(idWriter, ISBN) VALUES(80, 5228784472428);
INSERT INTO BookLanguage(ISBN, codeLanguage) VALUES(5228784472428, 'FR');
INSERT INTO BookGenre(ISBN, idGenre) VALUES(5228784472428, 4);
INSERT INTO Book(ISBN, name, publication, edition, idPublisher) VALUES(9873880835753, 'Lolita', '1906-6-9', 11, 2);
INSERT INTO Person(name, birth) VALUES('Vladimir Nabokov', '1973-4-15');
INSERT INTO Writer(idPerson) VALUES(173);
INSERT INTO BookWriter(idWriter, ISBN) VALUES(173, 9873880835753);
INSERT INTO BookLanguage(ISBN, codeLanguage) VALUES(9873880835753, 'IT');
INSERT INTO BookGenre(ISBN, idGenre) VALUES(9873880835753, 7);
INSERT INTO Book(ISBN, name, publication, edition, idPublisher) VALUES(1690412189593, 'Jonathan Livingston Seagull', '1899-2-23', 15, 2);
INSERT INTO Person(name, birth) VALUES('Richard Bach', '1715-4-18');
INSERT INTO Writer(idPerson) VALUES(174);
INSERT INTO BookWriter(idWriter, ISBN) VALUES(174, 1690412189593);
INSERT INTO BookLanguage(ISBN, codeLanguage) VALUES(1690412189593, 'IT');
INSERT INTO BookGenre(ISBN, idGenre) VALUES(1690412189593, 7);
INSERT INTO Book(ISBN, name, publication, edition, idPublisher) VALUES(5903571299232, 'The Little Prince', '1756-1-11', 3, 3);
INSERT INTO Person(name, birth) VALUES('Antoine de Saint-Exupéry', '1711-1-12');
INSERT INTO Writer(idPerson) VALUES(175);
INSERT INTO BookWriter(idWriter, ISBN) VALUES(175, 5903571299232);
INSERT INTO BookLanguage(ISBN, codeLanguage) VALUES(5903571299232, 'NL');
INSERT INTO BookLanguage(ISBN, codeLanguage) VALUES(5903571299232, 'RO');
INSERT INTO BookGenre(ISBN, idGenre) VALUES(5903571299232, 5);
INSERT INTO Book(ISBN, name, publication, edition, idPublisher) VALUES(1879177843277, 'The Suitcase Kid', '1843-9-23', 2, 8);
INSERT INTO BookWriter(idWriter, ISBN) VALUES(77, 1879177843277);
INSERT INTO BookLanguage(ISBN, codeLanguage) VALUES(1879177843277, 'PL');
INSERT INTO BookGenre(ISBN, idGenre) VALUES(1879177843277, 30);
INSERT INTO Book(ISBN, name, publication, edition, idPublisher) VALUES(4501078593585, 'Oliver Twist', '1842-12-18', 10, 6);
INSERT INTO BookWriter(idWriter, ISBN) VALUES(67, 4501078593585);
INSERT INTO BookLanguage(ISBN, codeLanguage) VALUES(4501078593585, 'CZ');
INSERT INTO BookGenre(ISBN, idGenre) VALUES(4501078593585, 28);
INSERT INTO BookGenre(ISBN, idGenre) VALUES(4501078593585, 13);
INSERT INTO Book(ISBN, name, publication, edition, idPublisher) VALUES(8681315060323, 'The Power of One', '1954-8-16', 8, 8);
INSERT INTO Person(name, birth) VALUES('Bryce Courtenay', '1963-2-13');
INSERT INTO Writer(idPerson) VALUES(176);
INSERT INTO BookWriter(idWriter, ISBN) VALUES(176, 8681315060323);
INSERT INTO BookLanguage(ISBN, codeLanguage) VALUES(8681315060323, 'CZ');
INSERT INTO BookGenre(ISBN, idGenre) VALUES(8681315060323, 27);
INSERT INTO Book(ISBN, name, publication, edition, idPublisher) VALUES(4069260446524, 'Silas Marner', '1743-7-2', 10, 4);
INSERT INTO BookWriter(idWriter, ISBN) VALUES(73, 4069260446524);
INSERT INTO BookLanguage(ISBN, codeLanguage) VALUES(4069260446524, 'PT');
INSERT INTO BookGenre(ISBN, idGenre) VALUES(4069260446524, 4);
INSERT INTO BookGenre(ISBN, idGenre) VALUES(4069260446524, 3);
INSERT INTO Book(ISBN, name, publication, edition, idPublisher) VALUES(7505835179992, 'American Psycho', '1852-8-14', 2, 2);
INSERT INTO Person(name, birth) VALUES('Bret Easton Ellis', '1819-3-1');
INSERT INTO Writer(idPerson) VALUES(177);
INSERT INTO BookWriter(idWriter, ISBN) VALUES(177, 7505835179992);
INSERT INTO BookLanguage(ISBN, codeLanguage) VALUES(7505835179992, 'CZ');
INSERT INTO BookGenre(ISBN, idGenre) VALUES(7505835179992, 20);
INSERT INTO BookGenre(ISBN, idGenre) VALUES(7505835179992, 5);
INSERT INTO Book(ISBN, name, publication, edition, idPublisher) VALUES(6042893859846, 'The Diary of a Nobody', '1957-11-6', 1, 2);
INSERT INTO Person(name, birth) VALUES('George Grossmith', '1898-6-28');
INSERT INTO Writer(idPerson) VALUES(178);
INSERT INTO BookWriter(idWriter, ISBN) VALUES(178, 6042893859846);
INSERT INTO Person(name, birth) VALUES('Weedon Grossmith', '1834-3-22');
INSERT INTO Writer(idPerson) VALUES(179);
INSERT INTO BookWriter(idWriter, ISBN) VALUES(179, 6042893859846);
INSERT INTO BookLanguage(ISBN, codeLanguage) VALUES(6042893859846, 'PL');
INSERT INTO BookGenre(ISBN, idGenre) VALUES(6042893859846, 17);
INSERT INTO BookGenre(ISBN, idGenre) VALUES(6042893859846, 29);
INSERT INTO Book(ISBN, name, publication, edition, idPublisher) VALUES(5166995330781, 'Trainspotting', '1870-11-19', 8, 2);
INSERT INTO Person(name, birth) VALUES('Irvine Welsh', '1849-6-7');
INSERT INTO Writer(idPerson) VALUES(180);
INSERT INTO BookWriter(idWriter, ISBN) VALUES(180, 5166995330781);
INSERT INTO BookLanguage(ISBN, codeLanguage) VALUES(5166995330781, 'PT');
INSERT INTO BookGenre(ISBN, idGenre) VALUES(5166995330781, 19);
INSERT INTO Book(ISBN, name, publication, edition, idPublisher) VALUES(1485980041339, 'Goosebumps', '1788-11-18', 13, 6);
INSERT INTO Person(name, birth) VALUES('R. L. Stine', '1701-12-1');
INSERT INTO Writer(idPerson) VALUES(181);
INSERT INTO BookWriter(idWriter, ISBN) VALUES(181, 1485980041339);
INSERT INTO BookLanguage(ISBN, codeLanguage) VALUES(1485980041339, 'CZ');
INSERT INTO BookGenre(ISBN, idGenre) VALUES(1485980041339, 30);
INSERT INTO Book(ISBN, name, publication, edition, idPublisher) VALUES(5310947870954, 'Heidi', '1850-1-1', 9, 4);
INSERT INTO Person(name, birth) VALUES('Johanna Spyri', '1701-9-22');
INSERT INTO Writer(idPerson) VALUES(182);
INSERT INTO BookWriter(idWriter, ISBN) VALUES(182, 5310947870954);
INSERT INTO BookLanguage(ISBN, codeLanguage) VALUES(5310947870954, 'SV');
INSERT INTO BookGenre(ISBN, idGenre) VALUES(5310947870954, 5);
INSERT INTO Book(ISBN, name, publication, edition, idPublisher) VALUES(6647173892331, 'Sons and Lovers', '1723-11-2', 14, 4);
INSERT INTO Person(name, birth) VALUES('D. H. Lawrence', '1728-10-25');
INSERT INTO Writer(idPerson) VALUES(183);
INSERT INTO BookWriter(idWriter, ISBN) VALUES(183, 6647173892331);
INSERT INTO BookLanguage(ISBN, codeLanguage) VALUES(6647173892331, 'PT');
INSERT INTO BookLanguage(ISBN, codeLanguage) VALUES(6647173892331, 'PL');
INSERT INTO BookGenre(ISBN, idGenre) VALUES(6647173892331, 8);
INSERT INTO BookGenre(ISBN, idGenre) VALUES(6647173892331, 3);
INSERT INTO Book(ISBN, name, publication, edition, idPublisher) VALUES(1029797462456, 'The Unbearable Lightness of Being', '1991-3-23', 6, 7);
INSERT INTO Person(name, birth) VALUES('Milan Kundera', '1749-4-8');
INSERT INTO Writer(idPerson) VALUES(184);
INSERT INTO BookWriter(idWriter, ISBN) VALUES(184, 1029797462456);
INSERT INTO BookLanguage(ISBN, codeLanguage) VALUES(1029797462456, 'NL');
INSERT INTO BookLanguage(ISBN, codeLanguage) VALUES(1029797462456, 'PT');
INSERT INTO BookGenre(ISBN, idGenre) VALUES(1029797462456, 5);
INSERT INTO Book(ISBN, name, publication, edition, idPublisher) VALUES(9027425965323, 'Man and Boy', '1733-2-21', 1, 2);
INSERT INTO Person(name, birth) VALUES('Tony Parsons', '1866-4-5');
INSERT INTO Writer(idPerson) VALUES(185);
INSERT INTO BookWriter(idWriter, ISBN) VALUES(185, 9027425965323);
INSERT INTO BookLanguage(ISBN, codeLanguage) VALUES(9027425965323, 'NL');
INSERT INTO BookGenre(ISBN, idGenre) VALUES(9027425965323, 2);
INSERT INTO Book(ISBN, name, publication, edition, idPublisher) VALUES(2333897357430, 'The Truth', '1752-12-19', 13, 6);
INSERT INTO BookWriter(idWriter, ISBN) VALUES(101, 2333897357430);
INSERT INTO BookLanguage(ISBN, codeLanguage) VALUES(2333897357430, 'EN');
INSERT INTO BookGenre(ISBN, idGenre) VALUES(2333897357430, 22);
INSERT INTO BookGenre(ISBN, idGenre) VALUES(2333897357430, 9);
INSERT INTO Book(ISBN, name, publication, edition, idPublisher) VALUES(8420408174998, 'The War of the Worlds', '1805-5-5', 15, 6);
INSERT INTO Person(name, birth) VALUES('H. G. Wells', '1821-5-28');
INSERT INTO Writer(idPerson) VALUES(186);
INSERT INTO BookWriter(idWriter, ISBN) VALUES(186, 8420408174998);
INSERT INTO BookLanguage(ISBN, codeLanguage) VALUES(8420408174998, 'SV');
INSERT INTO BookGenre(ISBN, idGenre) VALUES(8420408174998, 29);
INSERT INTO Book(ISBN, name, publication, edition, idPublisher) VALUES(8499305667548, 'The Horse Whisperer', '1818-1-18', 7, 5);
INSERT INTO Person(name, birth) VALUES('Nicholas Evans', '1732-11-24');
INSERT INTO Writer(idPerson) VALUES(187);
INSERT INTO BookWriter(idWriter, ISBN) VALUES(187, 8499305667548);
INSERT INTO BookLanguage(ISBN, codeLanguage) VALUES(8499305667548, 'FR');
INSERT INTO BookLanguage(ISBN, codeLanguage) VALUES(8499305667548, 'SV');
INSERT INTO BookGenre(ISBN, idGenre) VALUES(8499305667548, 29);
INSERT INTO BookGenre(ISBN, idGenre) VALUES(8499305667548, 9);
INSERT INTO Book(ISBN, name, publication, edition, idPublisher) VALUES(8199849974454, 'A Fine Balance', '1887-2-20', 2, 8);
INSERT INTO Person(name, birth) VALUES('Rohinton Mistry', '1854-2-19');
INSERT INTO Writer(idPerson) VALUES(188);
INSERT INTO BookWriter(idWriter, ISBN) VALUES(188, 8199849974454);
INSERT INTO BookLanguage(ISBN, codeLanguage) VALUES(8199849974454, 'DE');
INSERT INTO BookGenre(ISBN, idGenre) VALUES(8199849974454, 25);
INSERT INTO BookGenre(ISBN, idGenre) VALUES(8199849974454, 8);
INSERT INTO Book(ISBN, name, publication, edition, idPublisher) VALUES(7008659055903, 'Witches Abroad', '1816-3-23', 3, 3);
INSERT INTO BookWriter(idWriter, ISBN) VALUES(101, 7008659055903);
INSERT INTO BookLanguage(ISBN, codeLanguage) VALUES(7008659055903, 'SV');
INSERT INTO BookGenre(ISBN, idGenre) VALUES(7008659055903, 22);
INSERT INTO Book(ISBN, name, publication, edition, idPublisher) VALUES(7254918881348, 'The Once and Future King', '1770-2-19', 11, 1);
INSERT INTO Person(name, birth) VALUES('T. H. White', '1959-9-16');
INSERT INTO Writer(idPerson) VALUES(189);
INSERT INTO BookWriter(idWriter, ISBN) VALUES(189, 7254918881348);
INSERT INTO BookLanguage(ISBN, codeLanguage) VALUES(7254918881348, 'EN');
INSERT INTO BookGenre(ISBN, idGenre) VALUES(7254918881348, 29);
INSERT INTO Book(ISBN, name, publication, edition, idPublisher) VALUES(7030976554469, 'The Very Hungry Caterpillar', '1731-4-28', 9, 2);
INSERT INTO Person(name, birth) VALUES('Eric Carle', '1986-10-22');
INSERT INTO Writer(idPerson) VALUES(190);
INSERT INTO BookWriter(idWriter, ISBN) VALUES(190, 7030976554469);
INSERT INTO BookLanguage(ISBN, codeLanguage) VALUES(7030976554469, 'SV');
INSERT INTO BookLanguage(ISBN, codeLanguage) VALUES(7030976554469, 'PL');
INSERT INTO BookGenre(ISBN, idGenre) VALUES(7030976554469, 4);
INSERT INTO Book(ISBN, name, publication, edition, idPublisher) VALUES(1938983096274, 'Flowers in the Attic', '1965-2-6', 4, 2);
INSERT INTO Person(name, birth) VALUES('V. C. Andrews', '1969-8-10');
INSERT INTO Writer(idPerson) VALUES(191);
INSERT INTO BookWriter(idWriter, ISBN) VALUES(191, 1938983096274);
INSERT INTO BookLanguage(ISBN, codeLanguage) VALUES(1938983096274, 'FR');
INSERT INTO BookGenre(ISBN, idGenre) VALUES(1938983096274, 11);
INSERT INTO Book(ISBN, name, publication, edition, idPublisher) VALUES(7371309976443, 'For Whom the Bell Tolls', '1971-3-18', 6, 10);
INSERT INTO BookWriter(idWriter, ISBN) VALUES(170, 7371309976443);
INSERT INTO BookLanguage(ISBN, codeLanguage) VALUES(7371309976443, 'IT');
INSERT INTO BookLanguage(ISBN, codeLanguage) VALUES(7371309976443, 'RO');
INSERT INTO BookGenre(ISBN, idGenre) VALUES(7371309976443, 1);
INSERT INTO BookEvaluation(idPerson, ISBN, comment, rate) VALUES(16, 6542605171291, 'Livro mau, enredo pouco desenvolvido com personagens pouco realistas', 2);
INSERT INTO BookEvaluation(idPerson, ISBN, comment, rate) VALUES(16, 2907082074608, 'Excelente, a vida vale a pena quando existem livros assim para ler!', 5);
INSERT INTO BookEvaluation(idPerson, ISBN, comment, rate) VALUES(1, 3276495710644, 'Terrível! Quero o meu dinheiro de volta!', 1);
INSERT INTO BookEvaluation(idPerson, ISBN, comment, rate) VALUES(11, 8499305667548, 'Não recomendo este livro a ninguém, a não ser a pessoas que gostem de ler livros maus!', 2);
INSERT INTO BookEvaluation(idPerson, ISBN, comment, rate) VALUES(13, 6663506943360, 'Um livro bom, recomendo!', 4);
INSERT INTO BookEvaluation(idPerson, ISBN, comment, rate) VALUES(1, 4617154975953, 'Livro de categoria! Perto da perfeição!', 4);
INSERT INTO BookEvaluation(idPerson, ISBN, comment, rate) VALUES(7, 8067154452655, 'Dos melhores livros que já passaram pelas minhas mãos! Este livro mudou a minha perspetiva sobre a vida', 5);
INSERT INTO BookEvaluation(idPerson, ISBN, comment, rate) VALUES(5, 4870295404161, 'Excelente, a vida vale a pena quando existem livros assim para ler!', 5);
INSERT INTO BookEvaluation(idPerson, ISBN, comment, rate) VALUES(13, 7124041547980, 'Livro mau, enredo pouco desenvolvido com personagens pouco realistas', 2);
INSERT INTO BookEvaluation(idPerson, ISBN, comment, rate) VALUES(6, 3149827221777, 'Não recomendo este livro a ninguém, a não ser a pessoas que gostem de ler livros maus!', 2);
INSERT INTO BookEvaluation(idPerson, ISBN, comment, rate) VALUES(10, 5310947870954, 'Um livro razoavel, não foi uma perda de tempo...', 3);
INSERT INTO BookEvaluation(idPerson, ISBN, comment, rate) VALUES(6, 5228784472428, 'Livro mau, enredo pouco desenvolvido com personagens pouco realistas', 2);
INSERT INTO BookEvaluation(idPerson, ISBN, comment, rate) VALUES(1, 1045863700055, 'Dos melhores livros que já passaram pelas minhas mãos! Este livro mudou a minha perspetiva sobre a vida', 5);
INSERT INTO BookEvaluation(idPerson, ISBN, comment, rate) VALUES(5, 3349860804841, 'Uma ladroagem!', 1);
INSERT INTO BookEvaluation(idPerson, ISBN, comment, rate) VALUES(5, 8292939857557, 'Um livro bom, recomendo!', 4);
INSERT INTO BookEvaluation(idPerson, ISBN, comment, rate) VALUES(16, 6069582749051, 'Terrível! Quero o meu dinheiro de volta!', 1);
INSERT INTO BookEvaluation(idPerson, ISBN, comment, rate) VALUES(9, 1162928448033, 'Excelente, a vida vale a pena quando existem livros assim para ler!', 5);
INSERT INTO BookEvaluation(idPerson, ISBN, comment, rate) VALUES(14, 8845521263795, 'Livro de categoria! Perto da perfeição!', 4);
INSERT INTO BookEvaluation(idPerson, ISBN, comment, rate) VALUES(14, 7787573206098, 'Dos melhores livros que já passaram pelas minhas mãos! Este livro mudou a minha perspetiva sobre a vida', 5);
INSERT INTO BookEvaluation(idPerson, ISBN, comment, rate) VALUES(15, 3438985194007, 'Um livro bom, recomendo!', 4);
INSERT INTO Publication(description, price, idUser, ISBN) VALUES('Livro em bom estado, com pouco uso! Enredo muito interessante. Obra-prima!', 231.0, 13, 4870295404161);
INSERT INTO Publication(description, price, idUser, ISBN) VALUES('Comprei este livro há 2 anos. Gostei muito de lê-lo. Agora está na prateleira à procura de um novo dono! É muito bom!', 754.81, 3, 4729059162949);
INSERT INTO Publication(description, price, idUser, ISBN) VALUES('Se há livro que valha a pena é este! Foi muito trabalhado pelo autor, uma das suas obras mais conceituadas.', 233.22, 4, 6216057563525);
INSERT INTO Publication(description, price, idUser, ISBN) VALUES('Um clássico da literatura. Um livro que toda a gente devia ler. Bons momentos de prazer...', 816.6, 10, 6944250232663);
INSERT INTO Publication(description, price, idUser, ISBN) VALUES('Livro em bom estado, com pouco uso! Enredo muito interessante. Obra-prima!', 66.22, 11, 1954533377634);
INSERT INTO Publication(description, price, idUser, ISBN) VALUES('Comprei este livro há 2 anos. Gostei muito de lê-lo. Agora está na prateleira à procura de um novo dono! É muito bom!', 737.81, 10, 8109405194481);
INSERT INTO Publication(description, price, idUser, ISBN) VALUES('Se há livro que valha a pena é este! Foi muito trabalhado pelo autor, uma das suas obras mais conceituadas.', 811.31, 2, 2333897357430);
INSERT INTO Publication(description, price, idUser, ISBN) VALUES('Um clássico da literatura. Um livro que toda a gente devia ler. Bons momentos de prazer...', 968.6, 8, 7597783123429);
INSERT INTO Publication(description, price, idUser, ISBN) VALUES('Livro em bom estado, com pouco uso! Enredo muito interessante. Obra-prima!', 42.9, 14, 1485980041339);
INSERT INTO Publication(description, price, idUser, ISBN) VALUES('Comprei este livro há 2 anos. Gostei muito de lê-lo. Agora está na prateleira à procura de um novo dono! É muito bom!', 107.07, 7, 6012005419866);
INSERT INTO Publication(description, price, idUser, ISBN) VALUES('Se há livro que valha a pena é este! Foi muito trabalhado pelo autor, uma das suas obras mais conceituadas.', 123.05, 13, 3323456230174);
INSERT INTO Publication(description, price, idUser, ISBN) VALUES('Um clássico da literatura. Um livro que toda a gente devia ler. Bons momentos de prazer...', 514.13, 9, 1879177843277);
INSERT INTO Publication(description, price, idUser, ISBN) VALUES('Livro em bom estado, com pouco uso! Enredo muito interessante. Obra-prima!', 823.04, 4, 3989600682214);
INSERT INTO Publication(description, price, idUser, ISBN) VALUES('Comprei este livro há 2 anos. Gostei muito de lê-lo. Agora está na prateleira à procura de um novo dono! É muito bom!', 895.27, 5, 9378052939488);
INSERT INTO Publication(description, price, idUser, ISBN) VALUES('Se há livro que valha a pena é este! Foi muito trabalhado pelo autor, uma das suas obras mais conceituadas.', 364.82, 10, 6069582749051);
INSERT INTO Publication(description, price, idUser, ISBN) VALUES('Um clássico da literatura. Um livro que toda a gente devia ler. Bons momentos de prazer...', 711.96, 6, 3323456230174);
INSERT INTO Publication(description, price, idUser, ISBN) VALUES('Livro em bom estado, com pouco uso! Enredo muito interessante. Obra-prima!', 604.65, 4, 7293565715034);
INSERT INTO Publication(description, price, idUser, ISBN) VALUES('Comprei este livro há 2 anos. Gostei muito de lê-lo. Agora está na prateleira à procura de um novo dono! É muito bom!', 824.51, 14, 6722734434176);
INSERT INTO Publication(description, price, idUser, ISBN) VALUES('Se há livro que valha a pena é este! Foi muito trabalhado pelo autor, uma das suas obras mais conceituadas.', 176.5, 8, 1045863700055);
INSERT INTO Publication(description, price, idUser, ISBN) VALUES('Um clássico da literatura. Um livro que toda a gente devia ler. Bons momentos de prazer...', 115.91, 10, 9598250692839);
INSERT INTO Publication(description, price, idUser, ISBN) VALUES('Livro em bom estado, com pouco uso! Enredo muito interessante. Obra-prima!', 849.67, 10, 7375516500116);
INSERT INTO Publication(description, price, idUser, ISBN) VALUES('Comprei este livro há 2 anos. Gostei muito de lê-lo. Agora está na prateleira à procura de um novo dono! É muito bom!', 10.93, 1, 2605667100663);
INSERT INTO Publication(description, price, idUser, ISBN) VALUES('Se há livro que valha a pena é este! Foi muito trabalhado pelo autor, uma das suas obras mais conceituadas.', 584.22, 1, 7867579589954);
INSERT INTO Publication(description, price, idUser, ISBN) VALUES('Um clássico da literatura. Um livro que toda a gente devia ler. Bons momentos de prazer...', 140.61, 7, 4014597733669);
INSERT INTO Publication(description, price, idUser, ISBN) VALUES('Livro em bom estado, com pouco uso! Enredo muito interessante. Obra-prima!', 220.5, 16, 6083235176366);
INSERT INTO Publication(description, price, idUser, ISBN) VALUES('Comprei este livro há 2 anos. Gostei muito de lê-lo. Agora está na prateleira à procura de um novo dono! É muito bom!', 106.86, 4, 4971608776591);
INSERT INTO Publication(description, price, idUser, ISBN) VALUES('Se há livro que valha a pena é este! Foi muito trabalhado pelo autor, uma das suas obras mais conceituadas.', 285.56, 3, 1980333001120);
INSERT INTO Publication(description, price, idUser, ISBN) VALUES('Um clássico da literatura. Um livro que toda a gente devia ler. Bons momentos de prazer...', 531.96, 5, 9310026749324);
INSERT INTO Publication(description, price, idUser, ISBN) VALUES('Livro em bom estado, com pouco uso! Enredo muito interessante. Obra-prima!', 370.38, 9, 3417019618691);
INSERT INTO Publication(description, price, idUser, ISBN) VALUES('Comprei este livro há 2 anos. Gostei muito de lê-lo. Agora está na prateleira à procura de um novo dono! É muito bom!', 525.39, 12, 7058707604697);
INSERT INTO Promotion(start, end, percentage) VALUES('2020-12-24', '2029-09-12', 6.65);
INSERT INTO PromotionPublication(idPublication, idPromotion) VALUES(24, 1);
INSERT INTO Promotion(start, end, percentage) VALUES('2013-11-30', '2020-03-13', 69.53);
INSERT INTO PromotionPublication(idPublication, idPromotion) VALUES(24, 2);
INSERT INTO Promotion(start, end, percentage) VALUES('2013-05-08', '2022-07-01', 22.31);
INSERT INTO PromotionPublication(idPublication, idPromotion) VALUES(2, 3);
INSERT INTO Promotion(start, end, percentage) VALUES('2018-12-29', '2024-01-28', 69.06);
INSERT INTO PromotionPublication(idPublication, idPromotion) VALUES(18, 4);
INSERT INTO Promotion(start, end, percentage) VALUES('2018-07-26', '2027-10-16', 16.49);
INSERT INTO PromotionPublication(idPublication, idPromotion) VALUES(19, 5);
INSERT INTO Promotion(start, end, percentage) VALUES('2011-07-19', '2022-08-16', 58.57);
INSERT INTO PromotionPublication(idPublication, idPromotion) VALUES(22, 6);

INSERT INTO SellerEvaluation(comment,rate) VALUES ('Mal educado e de pouca confiança... Tentou-me burlar!',1);
INSERT INTO Selling(idPublication, idUser,idPayment, evaluation) VALUES(2, 2,1,1);
INSERT INTO SellerEvaluation(comment,rate) VALUES ('Vendeu-me um livro em mau estado, não estava à espera disto.',2);
INSERT INTO Selling(idPublication, idUser,idPayment, evaluation) VALUES(3, 5,2,2);
INSERT INTO SellerEvaluation(comment,rate) VALUES ('Tive que negociar para chegar a um preço razoável!',3);
INSERT INTO Selling(idPublication, idUser,idPayment, evaluation) VALUES(4,7,3,3);
INSERT INTO SellerEvaluation(comment,rate) VALUES ('Pessoa transparente! Livro podia vir em melhor estado...',4);
INSERT INTO Selling(idPublication, idUser,idPayment, evaluation) VALUES(6,9,4,4);
INSERT INTO SellerEvaluation(comment,rate) VALUES ('Confiava a minha vida nesta pessoa! O livro está em «mint condition»...',5);
INSERT INTO Selling(idPublication, idUser,idPayment, evaluation) VALUES(8,11,5,5);
INSERT INTO SellerEvaluation(comment,rate) VALUES ('Enganou-me! Devia ser preso!',0);
INSERT INTO Selling(idPublication, idUser,idPayment, evaluation) VALUES(11,12,6,6);
INSERT INTO SellerEvaluation(comment,rate) VALUES ('Se pudesse tinha-me enganado!',1);
INSERT INTO Selling(idPublication, idUser,idPayment, evaluation) VALUES(12,14,1,7);
INSERT INTO SellerEvaluation(comment,rate) VALUES ('Algumas páginas do livro que me vendeu estavam rasgadas ou muito escritas.',2);
INSERT INTO Selling(idPublication, idUser,idPayment, evaluation) VALUES(13,15,2,8);
INSERT INTO SellerEvaluation(comment,rate) VALUES ('Se eu não fosse teimoso, tinha pago o meu salário por um livro!',3);
INSERT INTO Selling(idPublication, idUser,idPayment, evaluation) VALUES(15,17,3,9);
INSERT INTO SellerEvaluation(comment,rate) VALUES ('É boa gente, mas talvez possa ter mais cuidados com os livros',4);
INSERT INTO Selling(idPublication, idUser,idPayment, evaluation) VALUES(17,20,4,10);
INSERT INTO SellerEvaluation(comment,rate) VALUES ('Bons preços e boa pessoa! O que se pode querer mais?',5);
INSERT INTO Selling(idPublication, idUser,idPayment, evaluation) VALUES(19,21,5,11);
INSERT INTO SellerEvaluation(comment,rate) VALUES ('Nunca mais quero ver esta pessoa na minha vida! Roubou-me!',0);
INSERT INTO Selling(idPublication, idUser,idPayment, evaluation) VALUES(20,22,6,12);
INSERT INTO SellerEvaluation(comment,rate) VALUES ('Mal educado e de pouca confiança... Tentou-me burlar!',1);
INSERT INTO Selling(idPublication, idUser,idPayment, evaluation) VALUES(21,25,1,13);
INSERT INTO SellerEvaluation(comment,rate) VALUES ('Vendeu-me um livro em mau estado, não estava à espera disto.',2);
INSERT INTO Selling(idPublication, idUser,idPayment, evaluation) VALUES(22,29,2,14);
INSERT INTO SellerEvaluation(comment,rate) VALUES ('Tive que negociar para chegar a um preço razoável!',3);
INSERT INTO Selling(idPublication, idUser,idPayment, evaluation) VALUES(23,30,3,15);
INSERT INTO SellerEvaluation(comment,rate) VALUES ('Pessoa transparente! Livro podia vir em melhor estado...',4);
INSERT INTO Selling(idPublication, idUser,idPayment, evaluation) VALUES(25,33,4,16);
INSERT INTO SellerEvaluation(comment,rate) VALUES ('Confiava a minha vida nesta pessoa! O livro está em «mint condition»...',5);
INSERT INTO Selling(idPublication, idUser,idPayment, evaluation) VALUES(26,35,5,17);
INSERT INTO SellerEvaluation(comment,rate) VALUES ('Enganou-me! Devia ser preso!',0);
INSERT INTO Selling(idPublication, idUser,idPayment, evaluation) VALUES(27,37,6,18);
INSERT INTO SellerEvaluation(comment,rate) VALUES ('Se pudesse tinha-me enganado!',1);
INSERT INTO Selling(idPublication, idUser,idPayment, evaluation) VALUES(28,40,1,19);
INSERT INTO SellerEvaluation(comment,rate) VALUES ('Algumas páginas do livro que me vendeu estavam rasgadas ou muito escritas.',2);
INSERT INTO Selling(idPublication, idUser,idPayment, evaluation) VALUES(29,46,2,20);
INSERT INTO SellerEvaluation(comment,rate) VALUES ('Se eu não fosse teimoso, tinha pago o meu salário por um livro!',3);
INSERT INTO Selling(idpublication, iduser, idpayment) VALUES(16, 13, 1);
